"","V1","V2"
"1",0.99445472132517,0.00554527867483012
"2",0.998378456987902,0.00162154301209813
"3",0.993042467337558,0.00695753266244219
"4",0.997217700289758,0.00278229971024196
"5",0.951910751166608,0.0480892488333922
"6",0.994358933784011,0.00564106621598936
"7",0.867247486044641,0.132752513955359
"8",0.995366265907621,0.00463373409237931
"9",0.995403764508406,0.00459623549159388
"10",0.995366159631612,0.00463384036838766
"11",0.998150154797582,0.00184984520241764
"12",0.995732571316135,0.00426742868386475
"13",0.973079523720709,0.026920476279291
"14",0.97622999210459,0.0237700078954096
"15",0.994364253324614,0.00563574667538582
"16",0.998120054806355,0.00187994519364515
"17",0.99440796193322,0.00559203806678
"18",0.995597748912305,0.00440225108769444
"19",0.990242413941822,0.00975758605817823
"20",0.997715973623244,0.00228402637675608
"21",0.993995296283803,0.00600470371619735
"22",0.995591928021244,0.00440807197875614
"23",0.997526578281336,0.00247342171866363
"24",0.995309806908182,0.00469019309181772
"25",0.998166020684433,0.00183397931556734
"26",0.986061158249043,0.0139388417509567
"27",0.998153279101046,0.00184672089895343
"28",0.994017044187607,0.00598295581239347
"29",0.997038333887505,0.00296166611249516
"30",0.986451302028001,0.0135486979719994
"31",0.99793628846643,0.00206371153357039
"32",0.994335487923598,0.00566451207640152
"33",0.0161490466441379,0.983850953355862
"34",0.998006971024817,0.00199302897518285
"35",0.995907856443945,0.0040921435560546
"36",0.998051970595075,0.00194802940492533
"37",0.991323298658941,0.00867670134105898
"38",0.993735579911336,0.00626442008866407
"39",0.994625505534671,0.00537449446532918
"40",0.996560079925134,0.00343992007486644
"41",0.994638015317974,0.00536198468202622
"42",0.996453897838737,0.00354610216126257
"43",0.996443190739586,0.00355680926041434
"44",0.995027060910779,0.00497293908922077
"45",0.996388102989531,0.00361189701046947
"46",0.995186102012671,0.0048138979873295
"47",0.998289620297687,0.00171037970231326
"48",0.993804555454753,0.00619544454524712
"49",0.992943979460271,0.00705602053972943
"50",0.997609456508972,0.00239054349102829
"51",0.996196162782229,0.00380383721777129
"52",0.997927741330016,0.0020722586699838
"53",0.997296653955597,0.00270334604440262
"54",0.9949049713609,0.00509502863910037
"55",0.997773502148268,0.00222649785173228
"56",0.992917208149724,0.00708279185027581
"57",0.996784257577915,0.0032157424220853
"58",0.918402999409232,0.0815970005907682
"59",0.729489683453651,0.270510316546349
"60",0.996336713030439,0.00366328696956081
"61",0.996661208701393,0.00333879129860713
"62",0.993552125108034,0.0064478748919661
"63",0.998130414420513,0.00186958557948667
"64",0.990191315187818,0.00980868481218159
"65",0.996857196335787,0.00314280366421305
"66",0.997601553492545,0.00239844650745539
"67",0.995715098294152,0.00428490170584809
"68",0.99800722964192,0.00199277035808015
"69",0.995382014077336,0.00461798592266414
"70",0.998199777859135,0.00180022214086543
"71",0.992929400031507,0.00707059996849298
"72",0.995473466705412,0.00452653329458777
"73",0.99429498907289,0.00570501092711031
"74",0.0144052645380741,0.985594735461926
"75",0.99241620386103,0.00758379613896963
"76",0.993467159569268,0.00653284043073212
"77",0.997022329184859,0.00297767081514132
"78",0.990106563173568,0.00989343682643209
"79",0.865967904066482,0.134032095933518
"80",0.9954033940432,0.00459660595680032
"81",0.990569563087992,0.00943043691200754
"82",0.982581125950293,0.0174188740497074
"83",0.99838280324157,0.00161719675843001
"84",0.997484159193476,0.00251584080652381
"85",0.997870340049328,0.00212965995067226
"86",0.996036449508888,0.00396355049111239
"87",0.997009006616583,0.00299099338341703
"88",0.99493449500338,0.0050655049966195
"89",0.996475878225876,0.00352412177412425
"90",0.995718037218341,0.00428196278165961
"91",0.984362715353677,0.015637284646323
"92",0.23758421709314,0.76241578290686
"93",0.9971068853898,0.00289311461019952
"94",0.977519347030865,0.0224806529691354
"95",0.703471179042159,0.296528820957841
"96",0.996372759080995,0.00362724091900522
"97",0.936515789858892,0.063484210141108
"98",0.996267906358937,0.00373209364106331
"99",0.997663047402485,0.00233695259751505
"100",0.996291365756239,0.00370863424376075
"101",0.995285653206255,0.00471434679374455
"102",0.998407659529281,0.00159234047071905
"103",0.996862240951941,0.00313775904805919
"104",0.997418353946373,0.00258164605362706
"105",0.988909544934641,0.0110904550653592
"106",0.988330228716132,0.0116697712838682
"107",0.998371881096972,0.00162811890302845
"108",0.998210901019129,0.00178909898087064
"109",0.997496531410129,0.00250346858987053
"110",0.99681641382254,0.0031835861774596
"111",0.983862495194989,0.0161375048050113
"112",0.996163681990224,0.00383631800977615
"113",0.994719362816374,0.00528063718362593
"114",0.994894745692438,0.00510525430756234
"115",0.994362039349212,0.00563796065078846
"116",0.996862941246213,0.00313705875378732
"117",0.99219197462648,0.0078080253735197
"118",0.988159513637605,0.0118404863623947
"119",0.997257646069067,0.00274235393093288
"120",0.997803179281462,0.00219682071853774
"121",0.998091437123044,0.00190856287695586
"122",0.997720604388826,0.00227939561117355
"123",0.993389499110925,0.00661050088907493
"124",0.997931822264332,0.00206817773566768
"125",0.990953517376995,0.00904648262300451
"126",0.997891066181729,0.00210893381827061
"127",0.997680066491758,0.00231993350824171
"128",0.986066972637254,0.0139330273627461
"129",0.977160430168105,0.0228395698318945
"130",0.955285284807384,0.0447147151926161
"131",0.99614967077745,0.00385032922255004
"132",0.99312437778854,0.00687562221145952
"133",0.997205701744079,0.00279429825592128
"134",0.992871545349579,0.0071284546504207
"135",0.990538614280841,0.00946138571915926
"136",0.995850737118492,0.00414926288150843
"137",0.995546021148875,0.00445397885112529
"138",0.984920105158732,0.0150798948412685
"139",0.998275573815886,0.0017244261841138
"140",0.996882108875348,0.00311789112465201
"141",0.963512117648785,0.0364878823512154
"142",0.253669254840076,0.746330745159924
"143",0.992796528467074,0.0072034715329264
"144",0.995334182925104,0.00466581707489614
"145",0.998027675306519,0.00197232469348098
"146",0.99794554671544,0.00205445328455964
"147",0.996088288455081,0.00391171154491927
"148",0.965222879023439,0.0347771209765613
"149",0.995189994166264,0.00481000583373564
"150",0.995476229668566,0.00452377033143359
"151",0.995077802291423,0.00492219770857745
"152",0.996277492788306,0.00372250721169391
"153",0.992852329056162,0.00714767094383802
"154",0.996975130592333,0.00302486940766666
"155",0.995463601591928,0.0045363984080717
"156",0.47601322277894,0.52398677722106
"157",0.996709503267595,0.00329049673240502
"158",0.848655313271637,0.151344686728363
"159",0.991100882421877,0.00889911757812287
"160",0.991506776710863,0.00849322328913683
"161",0.997509779213326,0.00249022078667375
"162",0.992195378968016,0.00780462103198432
"163",0.995768325740019,0.00423167425998116
"164",0.955527955396726,0.0444720446032737
"165",0.994467295638763,0.00553270436123694
"166",0.994594886862588,0.00540511313741238
"167",0.997988211693259,0.00201178830674089
"168",0.995845157458916,0.00415484254108374
"169",0.998293914998697,0.0017060850013025
"170",0.981395790888334,0.0186042091116655
"171",0.996456080310132,0.00354391968986766
"172",0.99753801220903,0.00246198779097041
"173",0.998415258314676,0.00158474168532364
"174",0.985594113473356,0.0144058865266438
"175",0.992868295959286,0.00713170404071441
"176",0.987236463039846,0.0127635369601541
"177",0.990886398717306,0.00911360128269372
"178",0.994728658746685,0.00527134125331483
"179",0.994871762475682,0.0051282375243175
"180",0.997785981607514,0.00221401839248648
"181",0.996331524653408,0.0036684753465917
"182",0.991379237266388,0.00862076273361245
"183",0.977735762775643,0.022264237224357
"184",0.998116707904116,0.001883292095884
"185",0.997836760497427,0.0021632395025731
"186",0.998088968842668,0.00191103115733244
"187",0.981602319962669,0.0183976800373307
"188",0.99663904296387,0.0033609570361297
"189",0.996841219293747,0.00315878070625285
"190",0.958558609190879,0.041441390809121
"191",0.987989799591439,0.0120102004085615
"192",0.994144391309239,0.00585560869076114
"193",0.997280463227015,0.00271953677298464
"194",0.996689731159956,0.00331026884004397
"195",0.992903714329251,0.00709628567074895
"196",0.952080420674433,0.0479195793255671
"197",0.986869437763069,0.0131305622369313
"198",0.997835190976685,0.00216480902331526
"199",0.996694420001793,0.00330557999820712
"200",0.996429072202333,0.00357092779766655
"201",0.995126444384278,0.00487355561572249
"202",0.9954306218646,0.00456937813540002
"203",0.954421760864495,0.0455782391355048
"204",0.998316418673874,0.00168358132612608
"205",0.970415460664639,0.0295845393353613
"206",0.979882304659338,0.0201176953406624
"207",0.997362977280129,0.00263702271987112
"208",0.997944394171031,0.00205560582896948
"209",0.991609009236553,0.00839099076344657
"210",0.993104267693487,0.00689573230651317
"211",0.991511507173154,0.0084884928268458
"212",0.994705212822952,0.00529478717704843
"213",0.997690310993024,0.00230968900697546
"214",0.977785773528696,0.0222142264713035
"215",0.994570913751189,0.00542908624881071
"216",0.994458995614299,0.00554100438570129
"217",0.98697056904731,0.0130294309526899
"218",0.994699002411186,0.00530099758881392
"219",0.997680984477344,0.00231901552265581
"220",0.00103477781290311,0.998965222187097
"221",0.997609435925825,0.00239056407417464
"222",0.991540018352913,0.008459981647087
"223",0.997941213798214,0.00205878620178561
"224",0.994658959949624,0.00534104005037652
"225",0.996916930735526,0.00308306926447446
"226",0.99716353998872,0.00283646001127944
"227",0.987844900614278,0.0121550993857224
"228",0.995502676885894,0.00449732311410598
"229",0.583563428404338,0.416436571595662
"230",0.996717041095248,0.00328295890475212
"231",0.995349573763315,0.00465042623668482
"232",0.991464029475098,0.00853597052490183
"233",0.148708602479334,0.851291397520666
"234",0.995384472984965,0.00461552701503457
"235",0.998175197739866,0.0018248022601343
"236",0.99663904686646,0.00336095313354014
"237",0.9979282397742,0.00207176022580057
"238",0.997803989630382,0.00219601036961768
"239",0.985940945054267,0.0140590549457331
"240",0.997629721205996,0.00237027879400355
"241",0.994639804629399,0.00536019537060054
"242",0.996928501577208,0.00307149842279151
"243",0.994009236769107,0.00599076323089281
"244",0.997434166462768,0.00256583353723166
"245",0.996438146075307,0.0035618539246929
"246",0.995580521138359,0.00441947886164126
"247",0.998455518993233,0.00154448100676728
"248",0.985847437463321,0.0141525625366786
"249",0.174571901640479,0.825428098359521
"250",0.987052034155939,0.0129479658440605
"251",0.425656201024018,0.574343798975982
"252",0.996822829648088,0.00317717035191225
"253",0.997692132962744,0.00230786703725578
"254",0.992607885306427,0.00739211469357338
"255",0.99710859673693,0.00289140326307008
"256",0.997962063910344,0.00203793608965553
"257",0.997877899383672,0.00212210061632818
"258",0.996901944441607,0.00309805555839333
"259",0.993249686955233,0.0067503130447672
"260",0.992906111709539,0.00709388829046057
"261",0.900278106823485,0.0997218931765154
"262",0.997711657271528,0.00228834272847218
"263",0.995566696923276,0.00443330307672387
"264",0.821371271659111,0.17862872834089
"265",0.991186031641132,0.00881396835886828
"266",0.995163992290483,0.00483600770951672
"267",0.998358830448083,0.00164116955191699
"268",0.975737436837067,0.0242625631629326
"269",0.996185319105865,0.00381468089413522
"270",0.998381751286137,0.001618248713863
"271",0.995165396874631,0.00483460312536915
"272",0.988989849069359,0.0110101509306408
"273",0.995919271043033,0.00408072895696724
"274",0.991726801973643,0.00827319802635701
"275",0.981342665418977,0.0186573345810233
"276",0.997895984379977,0.00210401562002311
"277",0.996077938266094,0.0039220617339054
"278",0.994748527370836,0.00525147262916373
"279",0.185819200488962,0.814180799511038
"280",0.997382479155983,0.00261752084401691
"281",0.976159821554097,0.0238401784459026
"282",0.997338421099774,0.00266157890022633
"283",0.997468361430875,0.00253163856912458
"284",0.681139672928871,0.318860327071129
"285",0.991217753612048,0.00878224638795247
"286",0.997646734742419,0.00235326525758054
"287",0.997629592368125,0.00237040763187552
"288",0.963307489415987,0.0366925105840134
"289",0.997489413637195,0.00251058636280524
"290",0.994778130174104,0.0052218698258965
"291",0.997987260985459,0.00201273901454121
"292",0.996256790507062,0.00374320949293822
"293",0.998333569576485,0.00166643042351538
"294",0.991343977539512,0.0086560224604885
"295",0.994370835471932,0.0056291645280676
"296",0.997244071452704,0.00275592854729586
"297",0.959432399897269,0.0405676001027306
"298",0.984940101254105,0.015059898745895
"299",0.971947416276656,0.0280525837233436
"300",0.996633333949484,0.00336666605051558
"301",0.976075334694282,0.0239246653057181
"302",0.997805776752259,0.00219422324774071
"303",0.996080255666911,0.00391974433308854
"304",0.99230443841814,0.00769556158185979
"305",0.998184792463475,0.00181520753652458
"306",0.996413721427515,0.00358627857248517
"307",0.995165449971595,0.00483455002840512
"308",0.996524222951638,0.00347577704836239
"309",0.998432681119612,0.00156731888038826
"310",0.997827110025463,0.00217288997453678
"311",0.890725905698547,0.109274094301453
"312",0.997737512738455,0.00226248726154451
"313",0.985468839502068,0.0145311604979319
"314",0.993449248774138,0.00655075122586183
"315",0.997119540823194,0.00288045917680554
"316",0.99497062739889,0.00502937260110961
"317",0.958294541530595,0.0417054584694045
"318",0.997483252810414,0.00251674718958591
"319",0.997824825481716,0.00217517451828377
"320",0.998349571620669,0.00165042837933081
"321",0.993766940365921,0.00623305963407952
"322",0.994934443235373,0.00506555676462694
"323",0.993074067161403,0.00692593283859654
"324",0.995681317024039,0.00431868297596117
"325",0.993064894616768,0.0069351053832323
"326",0.998306132964315,0.00169386703568554
"327",0.998062931268677,0.00193706873132295
"328",0.998032368090531,0.00196763190946894
"329",0.988216606639368,0.0117833933606321
"330",0.995353661973332,0.00464633802666853
"331",0.996000590044199,0.00399940995580099
"332",0.997423018617414,0.00257698138258584
"333",0.992488401140863,0.0075115988591375
"334",0.943202903605048,0.0567970963949526
"335",0.995673206966416,0.00432679303358342
"336",0.992356650384531,0.00764334961546942
"337",0.99772752168184,0.00227247831815971
"338",0.990882144572271,0.00911785542772878
"339",0.994337952520437,0.00566204747956282
"340",0.997714379357288,0.00228562064271179
"341",0.997319826352642,0.00268017364735756
"342",0.997904081744329,0.0020959182556709
"343",0.998236151452394,0.00176384854760559
"344",0.997601729738931,0.00239827026106904
"345",0.99102759803171,0.00897240196829001
"346",0.899287314724143,0.100712685275858
"347",0.995765063500746,0.00423493649925418
"348",0.991241430433016,0.00875856956698372
"349",0.996395865887302,0.00360413411269828
"350",0.996071530059214,0.00392846994078605
"351",0.991431246506047,0.00856875349395324
"352",0.997999152433798,0.00200084756620185
"353",0.996789157321528,0.00321084267847184
"354",0.993221403097348,0.00677859690265242
"355",0.985967519925231,0.0140324800747692
"356",0.996012650884585,0.00398734911541547
"357",0.998199414364507,0.00180058563549351
"358",0.99547452863081,0.00452547136918948
"359",0.990095972686388,0.00990402731361165
"360",0.995274803960161,0.00472519603983927
"361",0.9946637169468,0.00533628305319975
"362",0.995835292632676,0.00416470736732401
"363",0.996117098857352,0.00388290114264784
"364",0.995139885895425,0.00486011410457504
"365",0.996430525550459,0.00356947444954094
"366",0.998178124610019,0.00182187538998115
"367",0.00335447686873293,0.996645523131267
"368",0.995112129479197,0.00488787052080269
"369",0.994710982242669,0.00528901775733115
"370",0.998290462621722,0.00170953737827831
"371",0.996713074797425,0.00328692520257442
"372",0.995061192313953,0.00493880768604735
"373",0.996598088261698,0.0034019117383021
"374",0.996372689473554,0.00362731052644596
"375",0.992476066548964,0.00752393345103624
"376",0.994417987065928,0.00558201293407165
"377",0.99771387537418,0.00228612462581965
"378",0.995345010849722,0.00465498915027778
"379",0.996537474076915,0.00346252592308473
"380",0.997303281814221,0.00269671818577876
"381",0.988680270717365,0.0113197292826352
"382",0.995126026373416,0.00487397362658374
"383",0.995336848667136,0.00466315133286437
"384",0.997882201174386,0.00211779882561449
"385",0.960834421852191,0.0391655781478088
"386",0.996728875434978,0.00327112456502246
"387",0.99589727523115,0.00410272476885021
"388",0.00131190240399852,0.998688097596002
"389",0.997418329422476,0.0025816705775236
"390",0.998243576671867,0.00175642332813285
"391",0.99813001313621,0.00186998686378995
"392",0.994891551279686,0.00510844872031456
"393",0.994437773820807,0.00556222617919323
"394",0.99583556988782,0.00416443011217953
"395",0.988605140928361,0.0113948590716387
"396",0.995036507312402,0.00496349268759848
"397",0.0169089593689709,0.983091040631029
"398",0.998423527254451,0.00157647274554878
"399",0.996447535870609,0.0035524641293915
"400",0.998360790166839,0.00163920983316068
"401",0.982168802458684,0.0178311975413164
"402",0.996806435790996,0.00319356420900357
"403",0.990069657172369,0.00993034282763119
"404",0.998186417991936,0.00181358200806361
"405",0.99835551786595,0.00164448213404975
"406",0.0592770800748863,0.940722919925114
"407",0.996434352913378,0.00356564708662156
"408",0.91958167291227,0.0804183270877302
"409",0.995419484772059,0.00458051522794062
"410",0.993601602445567,0.00639839755443269
"411",0.966155339805447,0.0338446601945529
"412",0.991760258921433,0.00823974107856686
"413",0.992506027135984,0.00749397286401596
"414",0.997276561664729,0.00272343833527103
"415",0.988654286039649,0.0113457139603512
"416",0.616802652459624,0.383197347540376
"417",0.9916806294257,0.00831937057429961
"418",0.992995003724742,0.00700499627525749
"419",0.995399584926492,0.00460041507350786
"420",0.997938284535448,0.00206171546455156
"421",0.996113367355326,0.0038866326446741
"422",0.996108126359208,0.00389187364079161
"423",0.884126350233756,0.115873649766244
"424",0.996061928738135,0.00393807126186438
"425",0.987988989903367,0.0120110100966334
"426",0.992425361159496,0.00757463884050363
"427",0.995937133986152,0.00406286601384841
"428",0.996565427616709,0.00343457238329091
"429",0.997009937674588,0.00299006232541181
"430",0.991508264583936,0.00849173541606402
"431",0.993404911010919,0.00659508898908125
"432",0.996788767294919,0.00321123270508123
"433",0.997942242891554,0.00205775710844592
"434",0.998041832027772,0.00195816797222815
"435",0.948046510828865,0.0519534891711351
"436",0.991210055520112,0.00878994447988844
"437",0.995777065913334,0.0042229340866661
"438",0.994615641256997,0.00538435874300316
"439",0.993391572858515,0.00660842714148476
"440",0.987065481659787,0.0129345183402131
"441",0.997988824030929,0.00201117596907148
"442",0.994281046954248,0.00571895304575152
"443",0.995207860860122,0.0047921391398784
"444",0.994351056079399,0.00564894392060148
"445",0.983142989394831,0.0168570106051687
"446",0.997313337988564,0.00268666201143634
"447",0.993119220098906,0.00688077990109378
"448",0.998104670809225,0.00189532919077527
"449",0.992472139752412,0.00752786024758774
"450",0.00228991284766498,0.997710087152335
"451",0.991761749878978,0.00823825012102176
"452",0.994641278509933,0.00535872149006734
"453",0.981053626856817,0.0189463731431835
"454",0.997990210870998,0.00200978912900214
"455",0.997021649817085,0.00297835018291453
"456",0.995287727902312,0.00471227209768852
"457",0.995455843540925,0.0045441564590755
"458",0.998316948080259,0.00168305191974085
"459",0.997459191556162,0.00254080844383767
"460",0.992715663931102,0.00728433606889772
"461",0.997260690766451,0.00273930923354893
"462",0.990366967928033,0.00963303207196665
"463",0.994411280453788,0.00558871954621183
"464",0.992021295270343,0.00797870472965705
"465",0.995401121478809,0.00459887852119142
"466",0.99736849217931,0.00263150782068976
"467",0.996976984456279,0.0030230155437207
"468",0.000699138706117489,0.999300861293883
"469",0.995509393560289,0.00449060643971137
"470",0.990722803755965,0.00927719624403501
"471",0.342767920942028,0.657232079057972
"472",0.969087501639882,0.0309124983601181
"473",0.845296871748254,0.154703128251746
"474",0.965211549252132,0.034788450747868
"475",0.995281792561963,0.00471820743803667
"476",0.998390170374377,0.00160982962562264
"477",0.997187504420501,0.00281249557949879
"478",0.990873733828709,0.00912626617129116
"479",0.996200349327138,0.00379965067286202
"480",0.995374031437788,0.00462596856221166
"481",0.986509564656849,0.0134904353431514
"482",0.983834916451833,0.0161650835481669
"483",0.998391588503682,0.00160841149631827
"484",0.989687712995282,0.0103122870047184
"485",0.990466095137696,0.00953390486230415
"486",0.996889794709907,0.00311020529009303
"487",0.890102091516627,0.109897908483373
"488",0.991296217590479,0.00870378240952096
"489",0.99808558907383,0.00191441092617005
"490",0.997550170113795,0.00244982988620475
"491",0.99383206323854,0.00616793676145948
"492",0.995597278024341,0.00440272197565937
"493",0.991885451475044,0.00811454852495574
"494",0.65406621007532,0.34593378992468
"495",0.989760175843603,0.0102398241563974
"496",0.986246537057309,0.0137534629426913
"497",0.72642475127361,0.27357524872639
"498",0.996482959792202,0.00351704020779822
"499",0.996144499183986,0.0038555008160142
"500",0.995075866286241,0.00492413371375885
"501",0.996754866964387,0.00324513303561325
"502",0.995506472252871,0.00449352774712853
"503",0.993735639075979,0.00626436092402081
"504",0.997558817554922,0.00244118244507803
"505",0.998306866355242,0.00169313364475814
"506",0.0028838169173662,0.997116183082634
"507",0.996616225818495,0.00338377418150546
"508",0.996069903308855,0.00393009669114498
"509",0.990380387660385,0.00961961233961529
"510",0.718883362114267,0.281116637885733
"511",0.981774054170421,0.0182259458295785
"512",0.00836024835018622,0.991639751649814
"513",0.997312528225362,0.00268747177463758
"514",0.968704320617257,0.0312956793827434
"515",0.997678011286249,0.00232198871375092
"516",0.994576917805502,0.00542308219449853
"517",0.996833281605347,0.0031667183946528
"518",0.997708291223558,0.00229170877644216
"519",0.997800295133055,0.00219970486694528
"520",0.991055021735081,0.00894497826491947
"521",0.997139157931751,0.00286084206824944
"522",0.992888695720509,0.00711130427949096
"523",0.00641801556396384,0.993581984436036
"524",0.99439016552252,0.00560983447748044
"525",0.994735508288831,0.00526449171116879
"526",0.950602008960797,0.0493979910392028
"527",0.993513445158284,0.00648655484171607
"528",0.997931722510188,0.00206827748981165
"529",0.996028494252891,0.0039715057471091
"530",0.996647585326564,0.00335241467343614
"531",0.986125395331369,0.0138746046686316
"532",0.997486672511467,0.00251332748853315
"533",0.996304038874228,0.00369596112577186
"534",0.994649975529316,0.00535002447068426
"535",0.968385690749424,0.0316143092505758
"536",0.988901943789803,0.0110980562101974
"537",0.995616710884177,0.00438328911582307
"538",0.978936758117968,0.021063241882032
"539",0.996536368673726,0.00346363132627402
"540",0.98836993947367,0.0116300605263305
"541",0.994158645403186,0.00584135459681359
"542",0.995608083827437,0.00439191617256326
"543",0.996863721454268,0.00313627854573224
"544",0.997910762588736,0.00208923741126387
"545",0.995894154563974,0.00410584543602613
"546",0.991862988770713,0.00813701122928675
"547",0.990683894359189,0.00931610564081085
"548",0.995452465863507,0.00454753413649294
"549",0.997765403399406,0.00223459660059376
"550",0.962425912416856,0.0375740875831437
"551",0.997827881453441,0.00217211854655947
"552",0.962545593779413,0.0374544062205872
"553",0.991305269936547,0.00869473006345331
"554",0.995508159674702,0.00449184032529771
"555",0.997719990524087,0.0022800094759127
"556",0.990529992696786,0.00947000730321408
"557",0.990017315977468,0.00998268402253191
"558",0.9949636802156,0.00503631978440026
"559",0.985232656840887,0.0147673431591133
"560",0.996427029848021,0.003572970151979
"561",0.715725851045875,0.284274148954125
"562",0.988788960940874,0.0112110390591258
"563",0.994991047873118,0.00500895212688194
"564",0.996767700104232,0.00323229989576752
"565",0.00179162527677184,0.998208374723228
"566",0.939926676322246,0.060073323677754
"567",0.997794802667535,0.00220519733246539
"568",0.993568526841908,0.00643147315809166
"569",0.994327787541464,0.00567221245853561
"570",0.953188419359487,0.0468115806405134
"571",0.989605789718286,0.0103942102817146
"572",0.996897753623692,0.0031022463763081
"573",0.994144213326519,0.00585578667348136
"574",0.997855973319076,0.00214402668092421
"575",0.994898668075285,0.00510133192471553
"576",0.998130440056318,0.00186955994368213
"577",0.589577760397348,0.410422239602652
"578",0.997666640754286,0.00233335924571374
"579",0.997646081474248,0.00235391852575146
"580",0.997592299707313,0.00240770029268741
"581",0.945109817847593,0.0548901821524074
"582",0.99537839731083,0.00462160268917043
"583",0.995475011257609,0.00452498874239075
"584",0.997328017127514,0.00267198287248657
"585",0.996448165382749,0.00355183461725083
"586",0.992705469765901,0.00729453023409895
"587",0.967499679477868,0.0325003205221316
"588",0.979932230608256,0.0200677693917442
"589",0.996242658710492,0.00375734128950759
"590",0.99414128090448,0.00585871909552009
"591",0.994587467397093,0.00541253260290714
"592",0.0014913630184189,0.998508636981581
"593",0.9864982840362,0.0135017159638002
"594",0.996495276592356,0.003504723407644
"595",0.994232950472251,0.00576704952774853
"596",0.995608938597422,0.0043910614025775
"597",0.989237914533974,0.010762085466026
"598",0.998196727359034,0.00180327264096611
"599",0.99466309843165,0.00533690156835029
"600",0.947429649957935,0.0525703500420651
"601",0.994421989563229,0.00557801043677097
"602",0.980828509131388,0.0191714908686125
"603",0.994434285967743,0.00556571403225679
"604",0.997095294757316,0.00290470524268382
"605",0.971642415707582,0.0283575842924185
"606",0.991881838144318,0.00811816185568148
"607",0.988452249323654,0.0115477506763463
"608",0.997930164066416,0.00206983593358378
"609",0.992093966458966,0.00790603354103386
"610",0.998094249442377,0.00190575055762283
"611",0.997491589456954,0.00250841054304578
"612",0.994467757608173,0.00553224239182685
"613",0.99645982905122,0.00354017094877987
"614",0.994624595073907,0.00537540492609277
"615",0.996320057399535,0.00367994260046549
"616",0.993859875030343,0.00614012496965658
"617",0.997915484409078,0.00208451559092195
"618",0.99688818513347,0.00311181486652989
"619",0.969560743553348,0.0304392564466524
"620",0.989395434593685,0.0106045654063147
"621",0.99548184694753,0.00451815305247049
"622",0.998118309790326,0.00188169020967422
"623",0.987621281091507,0.0123787189084929
"624",0.998428129269074,0.00157187073092631
"625",0.997716056536843,0.00228394346315753
"626",0.993977142881182,0.00602285711881781
"627",0.998444724063708,0.00155527593629149
"628",0.996087999910679,0.00391200008932125
"629",0.994100161069508,0.00589983893049136
"630",0.996190998807535,0.0038090011924651
"631",0.99488210316938,0.00511789683061971
"632",0.993095907615284,0.00690409238471617
"633",0.998334496436258,0.00166550356374161
"634",0.399874888710713,0.600125111289287
"635",0.829685882804657,0.170314117195343
"636",0.997826010912773,0.00217398908722711
"637",0.998398718708434,0.00160128129156615
"638",0.995727364258986,0.00427263574101354
"639",0.992904980725179,0.00709501927482155
"640",0.993038324313622,0.00696167568637796
"641",0.995244368792066,0.00475563120793422
"642",0.997249725598281,0.00275027440171903
"643",0.994989630171389,0.00501036982861155
"644",0.994547846816862,0.00545215318313796
"645",0.99745521193043,0.00254478806956986
"646",0.995462925450528,0.00453707454947266
"647",0.986230781881348,0.0137692181186524
"648",0.993471433075461,0.00652856692453902
"649",0.997192158101884,0.00280784189811596
"650",0.998436649481318,0.00156335051868186
"651",0.991746882213394,0.00825311778660599
"652",0.99350635555128,0.00649364444872008
"653",0.056795777217932,0.943204222782068
"654",0.992276781438134,0.00772321856186556
"655",0.998422364818761,0.00157763518123907
"656",0.998048186136593,0.00195181386340717
"657",0.995686654186891,0.00431334581310909
"658",0.995097437606321,0.00490256239367924
"659",0.995606045626133,0.00439395437386681
"660",0.99494807104237,0.0050519289576296
"661",0.0731933975519342,0.926806602448066
"662",0.938652867069392,0.0613471329306081
"663",0.953747303379445,0.0462526966205552
"664",0.98263854842287,0.0173614515771294
"665",0.995103331894562,0.00489666810543826
"666",0.996541190996142,0.0034588090038576
"667",0.996814953670957,0.0031850463290434
"668",0.998308061832374,0.0016919381676258
"669",0.992215185283334,0.00778481471666657
"670",0.99703757967329,0.00296242032670984
"671",0.994191330148603,0.00580866985139722
"672",0.995942836825286,0.00405716317471364
"673",0.0547563728018996,0.9452436271981
"674",0.979180283087666,0.020819716912334
"675",0.998125821939202,0.00187417806079848
"676",0.997265901432524,0.00273409856747627
"677",0.979742269064503,0.020257730935497
"678",0.99822543280984,0.00177456719016051
"679",0.996550928201331,0.00344907179866867
"680",0.988134952610086,0.0118650473899144
"681",0.994887140273116,0.00511285972688352
"682",0.99392634323103,0.00607365676896999
"683",0.997775443952987,0.00222455604701277
"684",0.99216956871906,0.00783043128093998
"685",0.991865728507184,0.00813427149281608
"686",0.963790215931023,0.0362097840689768
"687",0.992813647148489,0.00718635285151064
"688",0.994937421032965,0.00506257896703507
"689",0.998138056041113,0.00186194395888727
"690",0.995727100444592,0.0042728995554077
"691",0.992750848167359,0.00724915183264122
"692",0.997351159857777,0.00264884014222305
"693",0.959608141704663,0.0403918582953368
"694",0.996858365534523,0.003141634465477
"695",0.99772663660941,0.00227336339058994
"696",0.994920218461251,0.00507978153874934
"697",0.99236046585787,0.00763953414213009
"698",0.621649483199695,0.378350516800305
"699",0.993118434992031,0.00688156500796873
"700",0.99390432654969,0.00609567345031048
"701",0.99514678472405,0.0048532152759504
"702",0.996026703630657,0.00397329636934298
"703",0.998147784546269,0.00185221545373113
"704",0.99366269103232,0.00633730896768044
"705",0.997136390358786,0.00286360964121437
"706",0.994326687822001,0.00567331217799877
"707",0.996691963708472,0.00330803629152848
"708",0.993382667960401,0.00661733203959898
"709",0.995135425901369,0.00486457409863081
"710",0.996908228113127,0.00309177188687258
"711",0.99179264693999,0.00820735306000998
"712",0.996621817658069,0.00337818234193083
"713",0.994849379794939,0.00515062020506117
"714",0.993288585982264,0.0067114140177361
"715",0.994697305432625,0.00530269456737457
"716",0.988313059166864,0.0116869408331359
"717",0.997986512152301,0.00201348784769892
"718",0.996702120755736,0.0032978792442639
"719",0.996579521911666,0.00342047808833388
"720",0.99607540493589,0.00392459506411037
"721",0.0117818056597929,0.988218194340207
"722",0.997773884322774,0.00222611567722601
"723",0.997534022506431,0.00246597749356875
"724",0.997651825101585,0.00234817489841506
"725",0.996161818980342,0.00383818101965791
"726",0.337616427767759,0.662383572232241
"727",0.995148034686839,0.00485196531316059
"728",0.985347729414561,0.0146522705854389
"729",0.0147576307483803,0.98524236925162
"730",0.997095582413909,0.00290441758609072
"731",0.99255998787212,0.00744001212788032
"732",0.997526479314375,0.00247352068562557
"733",0.825916573791649,0.174083426208351
"734",0.989360824795972,0.010639175204028
"735",0.994664359855245,0.00533564014475481
"736",0.991488715851405,0.00851128414859532
"737",0.972427652414882,0.0275723475851179
"738",0.987781569589907,0.0122184304100934
"739",0.997600907200825,0.00239909279917533
"740",0.997895775275253,0.00210422472474691
"741",0.995970092356869,0.00402990764313061
"742",0.994159323344403,0.00584067665559716
"743",0.986410386253631,0.0135896137463693
"744",0.954270775856354,0.045729224143646
"745",0.997250619880581,0.00274938011941887
"746",0.996625725611273,0.00337427438872746
"747",0.96418489558722,0.0358151044127798
"748",0.988127371862017,0.011872628137983
"749",0.987779425912153,0.0122205740878466
"750",0.996377697840247,0.00362230215975296
"751",0.997118199824568,0.00288180017543182
"752",0.994187077338916,0.00581292266108376
"753",0.321939399189459,0.678060600810541
"754",0.998245389219418,0.00175461078058234
"755",0.995092931204286,0.00490706879571451
"756",0.977492243466847,0.0225077565331534
"757",0.940563362817503,0.0594366371824974
"758",0.995797295407568,0.00420270459243188
"759",0.997718048509928,0.00228195149007249
"760",0.998341445053587,0.00165855494641349
"761",0.992984962090484,0.00701503790951592
"762",0.994563983214757,0.00543601678524287
"763",0.996535230251632,0.00346476974836795
"764",0.997012584477663,0.00298741552233657
"765",0.992219708456867,0.00778029154313327
"766",0.997304077598533,0.00269592240146705
"767",0.934457901682721,0.0655420983172788
"768",0.995150792940135,0.0048492070598652
"769",0.547051680558226,0.452948319441774
"770",0.992651169534207,0.00734883046579357
"771",0.994618350741551,0.00538164925844872
"772",0.99765037255696,0.0023496274430396
"773",0.994381861404879,0.00561813859512064
"774",0.994695327444678,0.0053046725553217
"775",0.994430157912538,0.0055698420874616
"776",0.992688617505347,0.00731138249465306
"777",0.990120537538585,0.00987946246141481
"778",0.990999436457785,0.00900056354221493
"779",0.992399492261162,0.00760050773883799
"780",0.997047786356105,0.00295221364389524
"781",0.995991719404474,0.0040082805955264
"782",0.615951846555554,0.384048153444446
"783",0.997862246945083,0.00213775305491685
"784",0.989090390120905,0.0109096098790953
"785",0.995580971858687,0.00441902814131331
"786",0.993630643064792,0.00636935693520817
"787",0.993680627061057,0.00631937293894291
"788",0.986317942578985,0.0136820574210153
"789",0.99784627131079,0.00215372868920999
"790",0.996590168791699,0.00340983120830064
"791",0.996296001453458,0.00370399854654227
"792",0.254619028554443,0.745380971445557
"793",0.997616174048687,0.00238382595131266
"794",0.866941872772998,0.133058127227002
"795",0.993810097473274,0.00618990252672554
"796",0.994276592725173,0.00572340727482657
"797",0.994912745546451,0.00508725445354896
"798",0.998035293081985,0.00196470691801461
"799",0.994675121380978,0.00532487861902213
"800",0.994667190132621,0.00533280986737899
"801",0.994517548100173,0.00548245189982666
"802",0.0792499801078942,0.920750019892106
"803",0.997679642381538,0.00232035761846239
"804",0.998275582437643,0.00172441756235686
"805",0.97545450563117,0.0245454943688302
"806",0.997215463397695,0.00278453660230498
"807",0.998384812103488,0.00161518789651229
"808",0.993762247049812,0.00623775295018844
"809",0.991712215313927,0.00828778468607306
"810",0.998174489167049,0.0018255108329506
"811",0.97987809732061,0.0201219026793899
"812",0.994311565857435,0.00568843414256536
"813",0.995403719033806,0.00459628096619409
"814",0.998162081409542,0.00183791859045776
"815",0.997885833018428,0.00211416698157223
"816",0.997996391553927,0.00200360844607275
"817",0.998194740151129,0.00180525984887137
"818",0.995432535573835,0.0045674644261654
"819",0.0104936644806407,0.989506335519359
"820",0.998370163257405,0.00162983674259461
"821",0.134608361759158,0.865391638240841
"822",0.998050638666735,0.00194936133326521
"823",0.99823371937808,0.00176628062191967
"824",0.998365552030477,0.00163444796952322
"825",0.00174986881116109,0.998250131188839
"826",0.991297183645992,0.00870281635400842
"827",0.997955932901217,0.00204406709878263
"828",0.998259628972376,0.00174037102762393
"829",0.997872681572736,0.0021273184272645
"830",0.998295535007076,0.00170446499292443
"831",0.907098083476717,0.0929019165232833
"832",0.995098586161444,0.00490141383855564
"833",0.998293088071588,0.00170691192841195
"834",0.99792964123568,0.00207035876432018
"835",0.997748738063422,0.00225126193657795
"836",0.989566476032705,0.0104335239672955
"837",0.994664139690511,0.00533586030948904
"838",0.994514633620878,0.0054853663791221
"839",0.995413893592454,0.00458610640754623
"840",0.997014005654606,0.00298599434539419
"841",0.998006009499508,0.00199399050049244
"842",0.962820743365829,0.0371792566341706
"843",0.997843126750026,0.00215687324997408
"844",0.997635315901493,0.00236468409850677
"845",0.998386217348375,0.00161378265162511
"846",0.988568352838111,0.0114316471618886
"847",0.998116500839083,0.00188349916091746
"848",0.997241492823092,0.00275850717690775
"849",0.993773062570747,0.00622693742925336
"850",0.996891961027931,0.00310803897206912
"851",0.997035468584027,0.00296453141597265
"852",0.979208114096213,0.0207918859037871
"853",0.996980825617742,0.00301917438225765
"854",0.998048093587241,0.00195190641275906
"855",0.997971664595806,0.00202833540419398
"856",0.997702433538971,0.00229756646102882
"857",0.998293262707772,0.00170673729222791
"858",0.996119522705173,0.00388047729482716
"859",0.995424532828478,0.00457546717152244
"860",0.997880832705683,0.00211916729431663
"861",0.998160643359436,0.0018393566405643
"862",0.988973427475111,0.0110265725248895
"863",0.99724531812308,0.00275468187692043
"864",0.998448418006908,0.00155158199309171
"865",0.99729507444662,0.00270492555337957
"866",0.997896795678355,0.00210320432164467
"867",0.997971644290977,0.00202835570902296
"868",0.982776183316841,0.017223816683159
"869",0.994594741236838,0.00540525876316204
"870",0.998144316258,0.00185568374200005
"871",0.994816335588057,0.00518366441194306
"872",0.991518001630054,0.00848199836994582
"873",0.993820262786252,0.00617973721374778
"874",0.950182368443855,0.0498176315561449
"875",0.996423010006401,0.00357698999359896
"876",0.997753790295254,0.00224620970474643
"877",0.9960740141626,0.00392598583740052
"878",0.99745158430041,0.00254841569958946
"879",0.998078247759407,0.00192175224059325
"880",0.994778511445344,0.00522148855465553
"881",0.992535937322795,0.00746406267720454
"882",0.998300391423266,0.00169960857673361
"883",0.995434367243301,0.0045656327566994
"884",0.99825545336257,0.00174454663743014
"885",0.998013339364094,0.00198666063590644
"886",0.998059313422517,0.00194068657748307
"887",0.995611695833049,0.00438830416695083
"888",0.0122000839426391,0.987799916057361
"889",0.998231089522564,0.00176891047743542
"890",0.955598909645241,0.0444010903547588
"891",0.997678940571088,0.00232105942891199
"892",0.99768235048739,0.00231764951260963
"893",0.995062183207466,0.00493781679253365
"894",0.995818415893578,0.00418158410642181
"895",0.995382204755858,0.00461779524414213
"896",0.973535626092147,0.0264643739078534
"897",0.995106731583494,0.00489326841650571
"898",0.995668024524189,0.00433197547581069
"899",0.995713910036928,0.00428608996307163
"900",0.994212287539955,0.00578771246004492
"901",0.996186808180139,0.00381319181986108
"902",0.995204392972839,0.00479560702716123
"903",0.995346298358705,0.00465370164129523
"904",0.996281718071573,0.00371828192842717
"905",0.996539408890198,0.00346059110980178
"906",0.992279588185094,0.00772041181490638
"907",0.994807474231657,0.00519252576834246
"908",0.997501417280327,0.00249858271967329
"909",0.990925880976002,0.00907411902399812
"910",0.996023485271193,0.00397651472880713
"911",0.995539730622759,0.00446026937724137
"912",0.994685891143469,0.00531410885653153
"913",0.994881919581913,0.00511808041808703
"914",0.995432946011564,0.00456705398843622
"915",0.995090090706018,0.00490990929398235
"916",0.998438886707766,0.00156111329223358
"917",0.995223724278826,0.00477627572117372
"918",0.998030755456928,0.00196924454307171
"919",0.998331593539163,0.00166840646083688
"920",0.995772620123329,0.00422737987667108
"921",0.0802966289780123,0.919703371021988
"922",0.99821159059672,0.00178840940328037
"923",0.994754814729226,0.00524518527077402
"924",0.991435852499127,0.00856414750087343
"925",0.997762409199174,0.00223759080082601
"926",0.998452541293143,0.00154745870685707
"927",0.99297657057263,0.0070234294273701
"928",0.995589281176319,0.00441071882368082
"929",0.996822054796183,0.00317794520381648
"930",0.952013038071267,0.0479869619287331
"931",0.934672337791317,0.065327662208683
"932",0.982715923059381,0.017284076940619
"933",0.473886565374955,0.526113434625045
"934",0.912848391029033,0.0871516089709675
"935",0.981672805130039,0.0183271948699614
"936",0.995511803799165,0.00448819620083454
"937",0.995174498803862,0.00482550119613803
"938",0.995078846281245,0.00492115371875515
"939",0.998143525015426,0.00185647498457366
"940",0.927867682561602,0.0721323174383976
"941",0.995525251281564,0.00447474871843581
"942",0.997306891491211,0.00269310850878903
"943",0.997355273056994,0.00264472694300566
"944",0.998314793756314,0.00168520624368637
"945",0.987142611880614,0.0128573881193863
"946",0.997948002690424,0.00205199730957612
"947",0.997645542891319,0.00235445710868085
"948",0.99722164039154,0.00277835960846029
"949",0.994538662079033,0.00546133792096694
"950",0.995159173783877,0.00484082621612337
"951",0.995232464467561,0.0047675355324392
"952",0.995350907685362,0.00464909231463796
"953",0.988502964386106,0.011497035613894
"954",0.987466527105644,0.0125334728943561
"955",0.997990424994485,0.00200957500551459
"956",0.804569241168273,0.195430758831727
"957",0.997203081496385,0.00279691850361488
"958",0.998344094953831,0.00165590504616858
"959",0.986854684034708,0.013145315965292
"960",0.995322306637513,0.00467769336248686
"961",0.994136022200726,0.00586397779927372
"962",0.997487237834644,0.0025127621653564
"963",0.997709473890811,0.00229052610918945
"964",0.0176775255699374,0.982322474430062
"965",0.997461114296314,0.00253888570368593
"966",0.995274387330198,0.00472561266980147
"967",0.992180255151831,0.007819744848169
"968",0.998336917354243,0.00166308264575711
"969",0.96760440251919,0.0323955974808101
"970",0.995258905978994,0.00474109402100578
"971",0.995020124105379,0.00497987589462074
"972",0.993379623234128,0.00662037676587162
"973",0.991508442878254,0.00849155712174565
"974",0.998242134559028,0.00175786544097204
"975",0.642666015627971,0.357333984372029
"976",0.994820926966106,0.00517907303389351
"977",0.996768737968368,0.00323126203163172
"978",0.994107089651809,0.00589291034819083
"979",0.991684702741015,0.00831529725898526
"980",0.99490101536402,0.00509898463598011
"981",0.970989295495066,0.029010704504934
"982",0.982362369658892,0.0176376303411075
"983",0.974629676770987,0.0253703232290129
"984",0.995846320841414,0.00415367915858647
"985",0.994607006497868,0.00539299350213207
"986",0.997499761460814,0.00250023853918559
"987",0.997360556191735,0.00263944380826493
"988",0.994936494219677,0.00506350578032293
"989",0.997555016785189,0.00244498321481069
"990",0.998033546897516,0.0019664531024844
"991",0.986603761895228,0.0133962381047718
"992",0.995090205650165,0.00490979434983533
"993",0.993653375524203,0.00634662447579696
"994",0.995121639998849,0.00487836000115074
"995",0.995049925951074,0.004950074048926
"996",0.99441042644742,0.00558957355257961
"997",0.99043555834586,0.00956444165414003
"998",0.995761494822021,0.00423850517797872
"999",0.997501831970988,0.00249816802901201
"1000",0.976786534343184,0.0232134656568158
"1001",0.993823596990318,0.00617640300968244
"1002",0.996567604176507,0.00343239582349256
"1003",0.998317526452404,0.00168247354759585
"1004",0.995820825548058,0.00417917445194202
"1005",0.995377624726784,0.00462237527321649
"1006",0.996500405604847,0.00349959439515312
"1007",0.99741350495859,0.00258649504141002
"1008",0.995373982479367,0.00462601752063273
"1009",0.995985185157939,0.00401481484206114
"1010",0.998144440995956,0.00185555900404361
"1011",0.000918102488471295,0.999081897511529
"1012",0.998055990637982,0.00194400936201786
"1013",0.995251264482428,0.00474873551757171
"1014",0.94342821176059,0.0565717882394106
"1015",0.660083137281636,0.339916862718364
"1016",0.996665230969725,0.00333476903027517
"1017",0.996047606946087,0.00395239305391357
"1018",0.996660934804907,0.00333906519509347
"1019",0.984091458391747,0.0159085416082529
"1020",0.997033040927841,0.00296695907215929
"1021",0.998016221939192,0.00198377806080768
"1022",0.997327110237758,0.00267288976224232
"1023",0.996717841670315,0.0032821583296845
"1024",0.997890406063112,0.00210959393688774
"1025",0.996373678791538,0.00362632120846196
"1026",0.978997005260801,0.0210029947391989
"1027",0.975716102912269,0.0242838970877314
"1028",0.197729896354822,0.802270103645178
"1029",0.977370233571274,0.0226297664287259
"1030",0.98982123957526,0.0101787604247403
"1031",0.605552099297732,0.394447900702268
"1032",0.994283918254021,0.005716081745979
"1033",0.995236407433399,0.0047635925666008
"1034",0.995375818878903,0.0046241811210972
"1035",0.993794919765888,0.00620508023411213
"1036",0.996893137900394,0.003106862099606
"1037",0.997764465529783,0.0022355344702172
"1038",0.993557974121848,0.00644202587815191
"1039",0.994370354646783,0.00562964535321703
"1040",0.963114691066276,0.0368853089337239
"1041",0.995090237150446,0.00490976284955361
"1042",0.721584755846238,0.278415244153762
"1043",0.998060431711723,0.00193956828827739
"1044",0.997358323751864,0.00264167624813593
"1045",0.995683015270101,0.00431698472989923
"1046",0.995387118981862,0.0046128810181376
"1047",0.993800830149699,0.00619916985030118
"1048",0.986823069580043,0.013176930419957
"1049",0.995289970827805,0.00471002917219521
"1050",0.994148099497016,0.00585190050298423
"1051",0.994899212331344,0.00510078766865618
"1052",0.993435076735644,0.00656492326435626
"1053",0.996958787764079,0.0030412122359206
"1054",0.998340411440443,0.00165958855955689
"1055",0.99529882388496,0.00470117611503947
"1056",0.997742092714142,0.00225790728585838
"1057",0.990848561298965,0.00915143870103513
"1058",0.971657548919365,0.0283424510806353
"1059",0.994014875812254,0.005985124187746
"1060",0.99467558488628,0.00532441511371987
"1061",0.998025275035244,0.00197472496475643
"1062",0.997546206582015,0.00245379341798512
"1063",0.993618895324701,0.00638110467529882
"1064",0.998181872070645,0.00181812792935451
"1065",0.991765026504088,0.00823497349591207
"1066",0.997379970702695,0.00262002929730535
"1067",0.996192626028319,0.00380737397168119
"1068",0.858524691300247,0.141475308699753
"1069",0.970064844587531,0.0299351554124689
"1070",0.00253957113599765,0.997460428864002
"1071",0.992642996118565,0.0073570038814349
"1072",0.954530773621898,0.0454692263781022
"1073",0.994522284223497,0.00547771577650267
"1074",0.996947679457574,0.00305232054242589
"1075",0.99526461863286,0.00473538136713985
"1076",0.998123318715325,0.00187668128467503
"1077",0.994665192078779,0.00533480792122077
"1078",0.995653853927105,0.00434614607289517
"1079",0.998302338158013,0.00169766184198709
"1080",0.99628771702625,0.00371228297374996
"1081",0.994509530479519,0.00549046952048064
"1082",0.988639905233696,0.0113600947663037
"1083",0.987702394927109,0.0122976050728912
"1084",0.995646643892813,0.00435335610718688
"1085",0.997582545169109,0.00241745483089102
"1086",0.99610869629283,0.00389130370716954
"1087",0.995141561981997,0.00485843801800322
"1088",0.995622778738661,0.0043772212613388
"1089",0.997085181273061,0.00291481872693927
"1090",0.997058302340302,0.00294169765969744
"1091",0.986485365423511,0.0135146345764887
"1092",0.996456536476014,0.00354346352398657
"1093",0.985268804718633,0.0147311952813666
"1094",0.972362243964025,0.0276377560359746
"1095",0.99827443502175,0.00172556497825002
"1096",0.966629135013719,0.0333708649862812
"1097",0.997933725855991,0.00206627414400942
"1098",0.997168050074551,0.00283194992544883
"1099",0.998415258314676,0.00158474168532364
"1100",0.995570531526864,0.00442946847313587
"1101",0.919173287294012,0.0808267127059883
"1102",0.996958053345599,0.00304194665440119
"1103",0.994969047894607,0.00503095210539297
"1104",0.995175218432118,0.0048247815678817
"1105",0.989393391641764,0.0106066083582361
"1106",0.9942327935332,0.0057672064668002
"1107",0.9912040427124,0.00879595728759959
"1108",0.997672247071592,0.00232775292840804
"1109",0.989638673979725,0.010361326020275
"1110",0.998239645471214,0.00176035452878648
"1111",0.990043186054923,0.00995681394507749
"1112",0.989876916675484,0.0101230833245157
"1113",0.994746626021913,0.00525337397808678
"1114",0.996819121297264,0.00318087870273565
"1115",0.996795963732247,0.003204036267753
"1116",0.99390568725595,0.00609431274404998
"1117",0.991721184106322,0.00827881589367759
"1118",0.451184369940608,0.548815630059392
"1119",0.828366208122672,0.171633791877328
"1120",0.692263107828864,0.307736892171136
"1121",0.993513996602777,0.00648600339722251
"1122",0.996051126404951,0.00394887359504878
"1123",0.996854790884363,0.00314520911563681
"1124",0.991890635460069,0.00810936453993124
"1125",0.987735819101945,0.0122641808980549
"1126",0.994719179067622,0.00528082093237804
"1127",0.985892995453054,0.0141070045469457
"1128",0.995330378174722,0.00466962182527746
"1129",0.992182261773026,0.00781773822697365
"1130",0.994525766264669,0.00547423373533075
"1131",0.997496354788494,0.00250364521150639
"1132",0.99700687256422,0.0029931274357798
"1133",0.996026140827576,0.0039738591724244
"1134",0.924004891765404,0.0759951082345963
"1135",0.401627244901745,0.598372755098255
"1136",0.14401209017024,0.85598790982976
"1137",0.981150636470072,0.0188493635299278
"1138",0.991764982729771,0.00823501727022935
"1139",0.987198159540812,0.0128018404591883
"1140",0.993786569002669,0.00621343099733119
"1141",0.997055238698051,0.00294476130194877
"1142",0.9963999517612,0.0036000482388
"1143",0.992953923859605,0.00704607614039555
"1144",0.995907311685603,0.00409268831439726
"1145",0.997853290670664,0.00214670932933554
"1146",0.997855383769432,0.00214461623056862
"1147",0.99797085251405,0.00202914748595018
"1148",0.997100770058883,0.00289922994111748
"1149",0.995928441991181,0.00407155800881908
"1150",0.983393796084478,0.0166062039155217
"1151",0.91578385612156,0.0842161438784401
"1152",0.99427352451108,0.00572647548891971
"1153",0.987077059170099,0.0129229408299009
"1154",0.993517084582546,0.00648291541745458
"1155",0.997060977726238,0.00293902227376164
"1156",0.99822170428455,0.0017782957154501
"1157",0.953853223831313,0.0461467761686867
"1158",0.98619616461093,0.0138038353890702
"1159",0.997504387295179,0.00249561270482063
"1160",0.992468196576086,0.00753180342391356
"1161",0.993576912436552,0.00642308756344817
"1162",0.998147088664064,0.00185291133593646
"1163",0.993981647836456,0.00601835216354436
"1164",0.996159502659203,0.00384049734079743
"1165",0.997566001035431,0.00243399896456896
"1166",0.979502411968649,0.020497588031351
"1167",0.997196478491154,0.00280352150884603
"1168",0.984482654422928,0.0155173455770724
"1169",0.996351892195444,0.00364810780455577
"1170",0.993938903161218,0.00606109683878198
"1171",0.995372781874132,0.00462721812586817
"1172",0.982568018293258,0.0174319817067422
"1173",0.99671356430474,0.00328643569525995
"1174",0.82238251443097,0.17761748556903
"1175",0.995503676445193,0.0044963235548068
"1176",0.997970101054871,0.00202989894512945
"1177",0.996879333446557,0.00312066655344352
"1178",0.996576277505383,0.00342372249461737
"1179",0.829329468743253,0.170670531256747
"1180",0.997175931255658,0.00282406874434191
"1181",0.994196867804364,0.00580313219563571
"1182",0.99100763783608,0.00899236216391955
"1183",0.991963769418383,0.00803623058161686
"1184",0.994702144442234,0.00529785555776599
"1185",0.995755741033837,0.00424425896616352
"1186",0.380299072392762,0.619700927607238
"1187",0.993315057019357,0.00668494298064261
"1188",0.996868574921254,0.00313142507874596
"1189",0.996863188976676,0.00313681102332374
"1190",0.993744557128591,0.00625544287140848
"1191",0.905658936348881,0.0943410636511193
"1192",0.992178790336177,0.00782120966382303
"1193",0.00245276085520189,0.997547239144798
"1194",0.998058364861983,0.00194163513801736
"1195",0.997547254887112,0.00245274511288824
"1196",0.997805395876658,0.00219460412334233
"1197",0.998049396345041,0.00195060365495885
"1198",0.382330219886282,0.617669780113718
"1199",0.998081254697849,0.00191874530215054
"1200",0.00147249774396774,0.998527502256032
"1201",0.995496642914921,0.00450335708507897
"1202",0.998382388827555,0.00161761117244459
"1203",0.380339534183876,0.619660465816125
"1204",0.973004630684592,0.0269953693154083
"1205",0.99837913350831,0.00162086649168958
"1206",0.994862300551427,0.0051376994485731
"1207",0.987909877328191,0.0120901226718085
"1208",0.971597695862733,0.0284023041372674
"1209",0.95954156499776,0.0404584350022405
"1210",0.985299710648871,0.0147002893511287
"1211",0.996398850051095,0.00360114994890465
"1212",0.995875671301771,0.00412432869822893
"1213",0.956771240608388,0.0432287593916117
"1214",0.997979270515402,0.00202072948459829
"1215",0.995352198197677,0.00464780180232344
"1216",0.997863586896704,0.00213641310329614
"1217",0.990094837750631,0.00990516224936911
"1218",0.998241064818624,0.00175893518137567
"1219",0.0142177892621737,0.985782210737826
"1220",0.992876697923014,0.00712330207698575
"1221",0.997786280202008,0.00221371979799233
"1222",0.998369923787469,0.00163007621253088
"1223",0.993705238900759,0.00629476109924125
"1224",0.992997522443121,0.00700247755687902
"1225",0.995843456145209,0.00415654385479077
"1226",0.998414549282625,0.00158545071737541
"1227",0.992273415315372,0.00772658468462824
"1228",0.996744241668421,0.00325575833157946
"1229",0.990500237971417,0.00949976202858339
"1230",0.933413853678117,0.0665861463218833
"1231",0.990776438076554,0.00922356192344549
"1232",0.996832894992872,0.00316710500712802
"1233",0.948115057603559,0.0518849423964411
"1234",0.993021045808109,0.00697895419189129
"1235",0.995142549762097,0.0048574502379034
"1236",0.990555187383224,0.00944481261677634
"1237",0.926500458679045,0.0734995413209555
"1238",0.996277799062595,0.0037222009374054
"1239",0.99694968998844,0.00305031001156017
"1240",0.994955360932934,0.00504463906706629
"1241",0.9984408229642,0.00155917703580038
"1242",0.985691601580522,0.0143083984194778
"1243",0.995269760737581,0.00473023926241941
"1244",0.998112591734488,0.00188740826551205
"1245",0.99834199339588,0.00165800660411999
"1246",0.996451428789897,0.00354857121010265
"1247",0.99709041747169,0.00290958252831041
"1248",0.983823686254513,0.0161763137454868
"1249",0.986497042933799,0.013502957066201
"1250",0.471772981997473,0.528227018002527
"1251",0.948191769526357,0.0518082304736434
"1252",0.974415092405976,0.0255849075940239
"1253",0.997730773074033,0.00226922692596731
"1254",0.996927456894012,0.00307254310598816
"1255",0.994176842892246,0.00582315710775401
"1256",0.998002882141972,0.0019971178580277
"1257",0.979906454632111,0.0200935453678891
"1258",0.99529395496595,0.00470604503404999
"1259",0.989757357936634,0.0102426420633657
"1260",0.997978234090413,0.00202176590958681
"1261",0.995366363503646,0.00463363649635396
"1262",0.0272591222441337,0.972740877755866
"1263",0.997704178156613,0.00229582184338678
"1264",0.933315805134604,0.0666841948653957
"1265",0.81552815471606,0.18447184528394
"1266",0.998458396313416,0.00154160368658399
"1267",0.997188522652128,0.00281147734787167
"1268",0.99812982736046,0.00187017263953995
"1269",0.995521386572141,0.0044786134278592
"1270",0.997695270425409,0.0023047295745909
"1271",0.929165248828271,0.0708347511717295
"1272",0.984259255374433,0.0157407446255672
"1273",0.935749831932026,0.0642501680679738
"1274",0.992555011282281,0.0074449887177194
"1275",0.996416643645567,0.00358335635443278
"1276",0.984588026256273,0.0154119737437266
"1277",0.996773478292589,0.0032265217074114
"1278",0.994976330666271,0.00502366933372869
"1279",0.678042972348084,0.321957027651916
"1280",0.994181496793723,0.00581850320627667
"1281",0.964160533585037,0.0358394664149629
"1282",0.995965224235268,0.00403477576473211
"1283",0.998186426248936,0.00181357375106439
"1284",0.964185698534642,0.0358143014653584
"1285",0.968791421886114,0.0312085781138861
"1286",0.991753907418385,0.00824609258161513
"1287",0.00210470258658684,0.997895297413413
"1288",0.996926504262247,0.00307349573775349
"1289",0.993891428712576,0.00610857128742425
"1290",0.00540291344799111,0.994597086552009
"1291",0.994760525846007,0.00523947415399321
"1292",0.99792452612671,0.0020754738732905
"1293",0.996698088026455,0.00330191197354496
"1294",0.995627464580814,0.00437253541918587
"1295",0.996554441792282,0.00344555820771839
"1296",0.994726331431782,0.00527366856821788
"1297",0.989797998432582,0.0102020015674181
"1298",0.998047178199001,0.0019528218009989
"1299",0.995573875767105,0.004426124232895
"1300",0.926110161060628,0.0738898389393722
"1301",0.998082655307645,0.00191734469235514
"1302",0.995376592219375,0.00462340778062533
"1303",0.997228685497351,0.0027713145026485
"1304",0.992446960059187,0.00755303994081324
"1305",0.996187256551892,0.00381274344810832
"1306",0.993882905091581,0.0061170949084192
"1307",0.00240035176013737,0.997599648239863
"1308",0.997444816306212,0.00255518369378808
"1309",0.995300854184942,0.00469914581505847
"1310",0.995916132393081,0.00408386760691946
"1311",0.989671688588754,0.0103283114112456
"1312",0.978374843234852,0.0216251567651482
"1313",0.994563871013897,0.00543612898610282
"1314",0.994791192803492,0.00520880719650779
"1315",0.996221516513286,0.00377848348671392
"1316",0.997632014236377,0.00236798576362278
"1317",0.996684741229904,0.00331525877009585
"1318",0.996016528719851,0.00398347128014927
"1319",0.997759364736072,0.00224063526392843
"1320",0.99691421908741,0.00308578091259046
"1321",0.993522492102822,0.00647750789717847
"1322",0.998264736792193,0.00173526320780715
"1323",0.99844741354024,0.00155258645975996
"1324",0.978078302325934,0.0219216976740656
"1325",0.994952287018907,0.00504771298109252
"1326",0.990324479273338,0.00967552072666177
"1327",0.987276160331878,0.0127238396681218
"1328",0.997784261410718,0.0022157385892826
"1329",0.995812156547827,0.0041878434521735
"1330",0.997977304810678,0.00202269518932206
"1331",0.997695535226678,0.00230446477332249
"1332",0.998264277893201,0.00173572210679904
"1333",0.995472494173787,0.00452750582621303
"1334",0.998278777697664,0.00172122230233635
"1335",0.996524171233704,0.00347582876629569
"1336",0.996673466229265,0.0033265337707354
"1337",0.99834977134365,0.00165022865634981
"1338",0.998053397358337,0.00194660264166338
"1339",0.77832097567353,0.22167902432647
"1340",0.995443523496154,0.00455647650384569
"1341",0.975172703937009,0.0248272960629915
"1342",0.99633880484224,0.00366119515776027
"1343",0.996520974976962,0.00347902502303776
"1344",0.985761669779275,0.0142383302207247
"1345",0.974817451564161,0.0251825484358395
"1346",0.0251702334604327,0.974829766539567
"1347",0.99838171501981,0.00161828498018976
"1348",0.0149583060278626,0.985041693972137
"1349",0.997045349057201,0.00295465094279862
"1350",0.987762673561313,0.0122373264386869
"1351",0.996856207845173,0.00314379215482702
"1352",0.990166499257396,0.009833500742604
"1353",0.995920116971101,0.00407988302889874
"1354",0.997663622498725,0.00233637750127472
"1355",0.991349357970094,0.0086506420299063
"1356",0.988832006967911,0.0111679930320888
"1357",0.997442547202729,0.0025574527972714
"1358",0.996293129344597,0.00370687065540342
"1359",0.997436762086537,0.00256323791346266
"1360",0.9942651951036,0.00573480489639981
"1361",0.986194064085823,0.0138059359141765
"1362",0.993450480801464,0.00654951919853552
"1363",0.99472207832119,0.0052779216788099
"1364",0.948543937757095,0.051456062242905
"1365",0.996735596451357,0.003264403548643
"1366",0.998364953542115,0.00163504645788493
"1367",0.996969861240536,0.00303013875946391
"1368",0.996470921962331,0.00352907803766932
"1369",0.995115477773431,0.00488452222656933
"1370",0.996500942368652,0.00349905763134816
"1371",0.994661706520561,0.00533829347943911
"1372",0.998332852953613,0.00166714704638755
"1373",0.99487093079475,0.0051290692052498
"1374",0.997557561923422,0.0024424380765778
"1375",0.994146522498883,0.00585347750111662
"1376",0.977060515247391,0.0229394847526086
"1377",0.998241613347372,0.00175838665262824
"1378",0.995263509488446,0.00473649051155441
"1379",0.98508184858392,0.0149181514160802
"1380",0.997441528388115,0.00255847161188498
"1381",0.993696490944772,0.00630350905522808
"1382",0.996987251069628,0.00301274893037246
"1383",0.99841184018577,0.00158815981422992
"1384",0.993313667060964,0.00668633293903625
"1385",0.995273617352239,0.00472638264776102
"1386",0.994440310486416,0.00555968951358425
"1387",0.996458149444138,0.00354185055586223
"1388",0.996269734525832,0.00373026547416821
"1389",0.993276539217248,0.00672346078275186
"1390",0.975136325704607,0.024863674295393
"1391",0.998241865397597,0.00175813460240324
"1392",0.986736332344919,0.0132636676550811
"1393",0.955749757461814,0.0442502425381856
"1394",0.998364643319366,0.00163535668063442
"1395",0.997993391625259,0.00200660837474074
"1396",0.997701209510295,0.00229879048970557
"1397",0.997617729292403,0.00238227070759648
"1398",0.992525365517807,0.00747463448219297
"1399",0.997361411838403,0.00263858816159691
"1400",0.997328268083609,0.00267173191639153
"1401",0.993715053866414,0.0062849461335863
"1402",0.998351391344669,0.00164860865533144
"1403",0.996634427071041,0.00336557292895881
"1404",0.992135381401649,0.0078646185983507
"1405",0.938787863651213,0.0612121363487872
"1406",0.996975148153481,0.00302485184651936
"1407",0.995304960502949,0.0046950394970508
"1408",0.997812961186539,0.00218703881346096
"1409",0.995507824937866,0.00449217506213425
"1410",0.995878849945748,0.00412115005425164
"1411",0.996548947349338,0.00345105265066179
"1412",0.997946884213303,0.00205311578669665
"1413",0.997913031001977,0.0020869689980225
"1414",0.99254306383774,0.00745693616225998
"1415",0.994226457256483,0.00577354274351668
"1416",0.99274883631253,0.00725116368747041
"1417",0.986422713827034,0.0135772861729661
"1418",0.930784467616932,0.0692155323830679
"1419",0.969622246279631,0.0303777537203692
"1420",0.964031691198399,0.0359683088016009
"1421",0.997968800304317,0.002031199695683
"1422",0.998382096724823,0.00161790327517657
"1423",0.99109551686803,0.00890448313197027
"1424",0.994972913850599,0.00502708614940103
"1425",0.98611942739321,0.0138805726067897
"1426",0.996623373938871,0.00337662606112936
"1427",0.998017964903546,0.00198203509645391
"1428",0.996156459303925,0.00384354069607488
"1429",0.995573414840428,0.00442658515957225
"1430",0.994086651973729,0.00591334802627109
"1431",0.00109697442892445,0.998903025571076
"1432",0.996077232001449,0.00392276799855085
"1433",0.984873504936176,0.0151264950638245
"1434",0.995688737943764,0.00431126205623591
"1435",0.997560328113481,0.00243967188651865
"1436",0.996555537049374,0.00344446295062624
"1437",0.995857599854816,0.00414240014518452
"1438",0.997093810326527,0.00290618967347297
"1439",0.996631620526998,0.00336837947300143
"1440",0.997372894770372,0.002627105229628
"1441",0.989700863840686,0.0102991361593138
"1442",0.997272988201456,0.00272701179854416
"1443",0.87053524160848,0.12946475839152
"1444",0.99556369447706,0.00443630552294036
"1445",0.993741057199355,0.00625894280064485
"1446",0.988926890146657,0.0110731098533432
"1447",0.996850168145769,0.00314983185423106
"1448",0.995786735399509,0.00421326460049136
"1449",0.997763107911472,0.00223689208852804
"1450",0.997743887229324,0.00225611277067601
"1451",0.995530309782527,0.00446969021747274
"1452",0.997959588068921,0.00204041193107838
"1453",0.996388659736118,0.00361134026388249
"1454",0.90580369362037,0.0941963063796294
"1455",0.998015240278867,0.00198475972113329
"1456",0.997164646171076,0.00283535382892443
"1457",0.998039172952517,0.00196082704748343
"1458",0.998415258314676,0.00158474168532364
"1459",0.998323822928306,0.00167617707169409
"1460",0.998421052011134,0.00157894798886557
"1461",0.99758827320528,0.00241172679471979
"1462",0.995830985214815,0.00416901478518505
"1463",0.99545034154083,0.00454965845916994
"1464",0.997468053195546,0.00253194680445353
"1465",0.998157846946184,0.0018421530538161
"1466",0.998344848468803,0.00165515153119704
"1467",0.99810310438842,0.00189689561157953
"1468",0.997713140109282,0.00228685989071794
"1469",0.997404576282349,0.00259542371765101
"1470",0.992656924101112,0.00734307589888804
"1471",0.994697007892294,0.00530299210770645
"1472",0.998314648647144,0.00168535135285621
"1473",0.99395562288977,0.0060443771102295
"1474",0.981443875742407,0.0185561242575926
"1475",0.923307544648608,0.076692455351392
"1476",0.989062072213371,0.010937927786629
"1477",0.871872077648413,0.128127922351587
"1478",0.993630260032226,0.00636973996777393
"1479",0.998320264198983,0.00167973580101757
"1480",0.997442230951207,0.00255776904879305
"1481",0.992738079908818,0.0072619200911818
"1482",0.997879489099661,0.00212051090033939
"1483",0.998068017661537,0.00193198233846281
"1484",0.979997831675711,0.0200021683242895
"1485",0.996944002076339,0.00305599792366068
"1486",0.997537417857983,0.00246258214201689
"1487",0.979454535320674,0.0205454646793258
"1488",0.998256495694309,0.00174350430569075
"1489",0.997565809816087,0.002434190183913
"1490",0.997194074114404,0.00280592588559569
"1491",0.991976932880223,0.00802306711977727
"1492",0.998009635491994,0.00199036450800581
"1493",0.982631296664802,0.0173687033351984
"1494",0.998435013252849,0.00156498674715054
"1495",0.991643875345854,0.00835612465414567
"1496",0.991780947003399,0.00821905299660085
"1497",0.993206895734854,0.00679310426514586
"1498",0.998210914848815,0.00178908515118449
"1499",0.996410493239567,0.00358950676043344
"1500",0.982017824639574,0.0179821753604263
"1501",0.995452877228732,0.0045471227712679
"1502",0.994790529764063,0.00520947023593659
"1503",0.990230164414146,0.00976983558585402
"1504",0.966792437492466,0.0332075625075336
"1505",0.997073473987369,0.00292652601263152
"1506",0.00346189194026765,0.996538108059732
"1507",0.998010650559463,0.00198934944053676
"1508",0.987707043488865,0.0122929565111353
"1509",0.997173440711689,0.00282655928831053
"1510",0.99801648221549,0.00198351778451018
"1511",0.994508962355826,0.00549103764417416
"1512",0.997551270145948,0.00244872985405234
"1513",0.99418138883863,0.00581861116137004
"1514",0.997052787548885,0.00294721245111463
"1515",0.760025736645766,0.239974263354234
"1516",0.997855506860842,0.00214449313915802
"1517",0.000576470066995277,0.999423529933005
"1518",0.996661178877871,0.0033388211221288
"1519",0.996407031141937,0.00359296885806358
"1520",0.998336831209686,0.00166316879031417
"1521",0.992131198820989,0.00786880117901105
"1522",0.0970859076695667,0.902914092330433
"1523",0.998129190416721,0.00187080958327924
"1524",0.68080464882306,0.31919535117694
"1525",0.944228420456955,0.055771579543045
"1526",0.995581073314386,0.00441892668561441
"1527",0.998339828733304,0.00166017126669637
"1528",0.992882457410609,0.00711754258939092
"1529",0.997969980803458,0.00203001919654169
"1530",0.961284446901005,0.038715553098995
"1531",0.995387265133741,0.00461273486625923
"1532",0.985316671547318,0.0146833284526822
"1533",0.940478854818458,0.0595211451815421
"1534",0.996443481531815,0.00355651846818479
"1535",0.998059604677384,0.00194039532261599
"1536",0.99577312725995,0.0042268727400498
"1537",0.99348086982178,0.00651913017821957
"1538",0.994633774298267,0.00536622570173305
"1539",0.998443778091967,0.00155622190803284
"1540",0.990817500685313,0.00918249931468661
"1541",0.97044108768025,0.02955891231975
"1542",0.997605487292162,0.00239451270783832
"1543",0.998289641891731,0.00171035810826918
"1544",0.994977206911275,0.00502279308872543
"1545",0.997834892269766,0.00216510773023425
"1546",0.969202599095409,0.0307974009045916
"1547",0.984290526164857,0.0157094738351434
"1548",0.997351956511386,0.0026480434886135
"1549",0.998266825362669,0.00173317463733122
"1550",0.994983264374302,0.00501673562569854
"1551",0.995344906520309,0.00465509347969105
"1552",0.995076569762931,0.00492343023706899
"1553",0.00342249596763759,0.996577504032363
"1554",0.996516482959738,0.00348351704026243
"1555",0.991930211701381,0.0080697882986193
"1556",0.997388376387266,0.00261162361273434
"1557",0.996483268592326,0.00351673140767399
"1558",0.995211164260109,0.0047888357398911
"1559",0.998246485736187,0.00175351426381324
"1560",0.477339523674862,0.522660476325138
"1561",0.998329049070088,0.0016709509299118
"1562",0.995612331366708,0.00438766863329203
"1563",0.997764455227865,0.00223554477213469
"1564",0.997743890246558,0.00225610975344205
"1565",0.995812350887126,0.00418764911287428
"1566",0.994136700794311,0.00586329920568911
"1567",0.98627603531975,0.0137239646802501
"1568",0.997233692284002,0.002766307715998
"1569",0.973241632769115,0.0267583672308847
"1570",0.994247618181835,0.00575238181816532
"1571",0.955101771134935,0.0448982288650651
"1572",0.980037541160286,0.0199624588397137
"1573",0.995470393563654,0.00452960643634599
"1574",0.993974105870725,0.00602589412927556
"1575",0.997707153437472,0.00229284656252832
"1576",0.996736556199372,0.00326344380062855
"1577",0.99720493434183,0.0027950656581696
"1578",0.995658014742586,0.00434198525741372
"1579",0.99338970680671,0.00661029319329018
"1580",0.98807852274285,0.0119214772571498
"1581",0.990379897807426,0.0096201021925745
"1582",0.995241347919489,0.0047586520805108
"1583",0.997382335399071,0.00261766460092907
"1584",0.995487532855149,0.00451246714485044
"1585",0.995431315195319,0.0045686848046812
"1586",0.900958439218449,0.0990415607815507
"1587",0.997652490007039,0.00234750999296122
"1588",0.976226923893263,0.0237730761067368
"1589",0.995437372429405,0.00456262757059498
"1590",0.997770481647262,0.00222951835273791
"1591",0.997598360322719,0.00240163967728128
"1592",0.993722439925367,0.00627756007463255
"1593",0.997514737827144,0.0024852621728558
"1594",0.990656249325985,0.00934375067401546
"1595",0.99426153551814,0.00573846448186048
"1596",0.983744858438095,0.0162551415619052
"1597",0.989336363155556,0.0106636368444441
"1598",0.731307826025921,0.268692173974079
"1599",0.992575376238323,0.00742462376167689
"1600",0.998409163666599,0.00159083633340135
"1601",0.997742335626762,0.00225766437323789
"1602",0.995721651057418,0.0042783489425825
"1603",0.992595170757624,0.00740482924237634
"1604",0.993847655911619,0.00615234408838055
"1605",0.998095203337462,0.00190479666253833
"1606",0.994133157023685,0.00586684297631489
"1607",0.997397286427549,0.0026027135724513
"1608",0.994668035650726,0.00533196434927441
"1609",0.99704532081822,0.00295467918177993
"1610",0.994337992589548,0.00566200741045235
"1611",0.998419956637312,0.00158004336268845
"1612",0.994399146776273,0.00560085322372689
"1613",0.996857410032163,0.00314258996783701
"1614",0.997174829624391,0.00282517037560905
"1615",0.998348089824651,0.00165191017534847
"1616",0.993733409224705,0.00626659077529453
"1617",0.998421164194576,0.00157883580542416
"1618",0.989267150409266,0.0107328495907337
"1619",0.994879584946244,0.00512041505375649
"1620",0.995482722467556,0.00451727753244425
"1621",0.996787669388801,0.00321233061119856
"1622",0.99818360113993,0.00181639886007035
"1623",0.975381272660884,0.0246187273391158
"1624",0.99407766607257,0.00592233392742997
"1625",0.182977160570852,0.817022839429148
"1626",0.194156474787152,0.805843525212848
"1627",0.997043502453483,0.00295649754651663
"1628",0.966817189413311,0.0331828105866891
"1629",0.939630675357569,0.0603693246424307
"1630",0.994499226557892,0.00550077344210789
"1631",0.998047479421172,0.00195252057882811
"1632",0.99277341495123,0.00722658504877023
"1633",0.993787035929842,0.00621296407015801
"1634",0.989188896686751,0.0108111033132485
"1635",0.998417804542002,0.00158219545799837
"1636",0.986864251846818,0.0131357481531816
"1637",0.997738733422506,0.00226126657749382
"1638",0.996677462555006,0.00332253744499411
"1639",0.996695862119598,0.00330413788040218
"1640",0.993983975411051,0.00601602458894884
"1641",0.998040575531706,0.0019594244682941
"1642",0.996346217821461,0.00365378217853854
"1643",0.989143215228533,0.0108567847714668
"1644",0.998394587105146,0.00160541289485392
"1645",0.996813394981082,0.00318660501891819
"1646",0.996060009903694,0.00393999009630636
"1647",0.994883204961724,0.00511679503827592
"1648",0.995037119775306,0.00496288022469413
"1649",0.994437797758174,0.00556220224182633
"1650",0.997427180803752,0.00257281919624819
"1651",0.99051317572633,0.00948682427366979
"1652",0.00136743905710683,0.998632560942893
"1653",0.990404265992934,0.009595734007066
"1654",0.998142404865758,0.00185759513424156
"1655",0.998319543512473,0.0016804564875273
"1656",0.995979778958815,0.00402022104118462
"1657",0.955234680198395,0.0447653198016054
"1658",0.996292007889068,0.00370799211093228
"1659",0.992100119070835,0.00789988092916517
"1660",0.99642485264585,0.00357514735414955
"1661",0.995073729610362,0.00492627038963851
"1662",0.00209222792174366,0.997907772078256
"1663",0.998328467753009,0.00167153224699108
"1664",0.993986037160352,0.00601396283964781
"1665",0.00551539719930602,0.994484602800694
"1666",0.994254191401449,0.00574580859855076
"1667",0.995316185536603,0.00468381446339706
"1668",0.998073214964636,0.0019267850353639
"1669",0.993935267301657,0.00606473269834346
"1670",0.957479256920811,0.0425207430791894
"1671",0.99836316543756,0.00163683456244034
"1672",0.978756621858488,0.0212433781415118
"1673",0.994569203783266,0.0054307962167344
"1674",0.998201034448475,0.00179896555152512
"1675",0.9923058431143,0.00769415688569964
"1676",0.995420691936453,0.00457930806354696
"1677",0.997576404426644,0.00242359557335592
"1678",0.99617250546899,0.00382749453101029
"1679",0.998005127603646,0.00199487239635399
"1680",0.911691406320929,0.0883085936790711
"1681",0.994011221187767,0.00598877881223333
"1682",0.993500726745175,0.0064992732548247
"1683",0.99517723216893,0.00482276783107027
"1684",0.993147301281668,0.00685269871833209
"1685",0.997144309217205,0.00285569078279544
"1686",0.998323468771988,0.00167653122801233
"1687",0.995298357161086,0.00470164283891364
"1688",0.998037722874956,0.0019622771250444
"1689",0.995166718301249,0.00483328169875087
"1690",0.995159822302635,0.00484017769736456
"1691",0.996190412344304,0.00380958765569574
"1692",0.978561424203621,0.0214385757963787
"1693",0.891805108799852,0.108194891200148
"1694",0.992068659787607,0.00793134021239288
"1695",0.939507993932879,0.0604920060671213
"1696",0.997973570273561,0.00202642972643923
"1697",0.994284494882762,0.00571550511723817
"1698",0.996193061515242,0.0038069384847576
"1699",0.996109179343319,0.00389082065668088
"1700",0.997105611466576,0.00289438853342455
"1701",0.992481590157443,0.00751840984255743
"1702",0.9958287250431,0.00417127495689964
"1703",0.803918613045903,0.196081386954097
"1704",0.972099667747672,0.0279003322523286
"1705",0.996994113211087,0.00300588678891267
"1706",0.993398893062788,0.00660110693721205
"1707",0.997041709558071,0.00295829044192868
"1708",0.996671191632469,0.00332880836753052
"1709",0.998211094442586,0.00178890555741445
"1710",0.790199999921074,0.209800000078926
"1711",0.970567207538012,0.0294327924619881
"1712",0.995457347526978,0.00454265247302181
"1713",0.985848421185827,0.0141515788141728
"1714",0.997818137895881,0.00218186210411913
"1715",0.997546476235957,0.00245352376404266
"1716",0.983485557903583,0.0165144420964174
"1717",0.992389806068686,0.00761019393131435
"1718",0.998268034952601,0.00173196504739936
"1719",0.997522339433886,0.0024776605661139
"1720",0.993929100099814,0.00607089990018655
"1721",0.981656589421758,0.0183434105782424
"1722",0.995022904431809,0.00497709556819126
"1723",0.995150664705436,0.0048493352945643
"1724",0.962472501738441,0.0375274982615586
"1725",0.998256256152805,0.00174374384719549
"1726",0.993247768871821,0.00675223112817946
"1727",0.995125872827983,0.00487412717201715
"1728",0.995311625394616,0.00468837460538431
"1729",0.995719067720552,0.00428093227944829
"1730",0.995640255190247,0.00435974480975324
"1731",0.996373015709442,0.00362698429055762
"1732",0.90388341337037,0.0961165866296305
"1733",0.974250021252733,0.0257499787472671
"1734",0.987259818766558,0.0127401812334415
"1735",0.968172311936565,0.0318276880634349
"1736",0.983104242613805,0.0168957573861947
"1737",0.996799485836386,0.00320051416361372
"1738",0.99789594141143,0.00210405858856991
"1739",0.995325191012685,0.00467480898731526
"1740",0.995765628523138,0.00423437147686187
"1741",0.991432057671121,0.00856794232887932
"1742",0.996930125853792,0.00306987414620813
"1743",0.958560380900922,0.0414396190990776
"1744",0.989848374496082,0.0101516255039185
"1745",0.9957498221955,0.00425017780450046
"1746",0.998349952690836,0.00165004730916428
"1747",0.997275790031392,0.00272420996860794
"1748",0.998121132480732,0.00187886751926776
"1749",0.989086718017096,0.0109132819829041
"1750",0.993660958544677,0.00633904145532332
"1751",0.998322302884199,0.00167769711580066
"1752",0.99722887333786,0.00277112666214031
"1753",0.997182619826113,0.00281738017388717
"1754",0.961121683225981,0.0388783167740195
"1755",0.99805500772192,0.00194499227807972
"1756",0.998209223100295,0.00179077689970484
"1757",0.988376905086112,0.0116230949138878
"1758",0.995261446719622,0.00473855328037818
"1759",0.997096073254392,0.00290392674560822
"1760",0.996146966376588,0.00385303362341196
"1761",0.979785251666572,0.0202147483334281
"1762",0.992882392127707,0.00711760787229274
"1763",0.980410112447029,0.0195898875529705
"1764",0.983565261640191,0.0164347383598092
"1765",0.996632510263245,0.00336748973675498
"1766",0.995818769489753,0.00418123051024673
"1767",0.998347461798735,0.00165253820126487
"1768",0.99699675407789,0.00300324592210945
"1769",0.998349682020117,0.00165031797988307
"1770",0.924189948739479,0.0758100512605206
"1771",0.998018028361708,0.00198197163829139
"1772",0.960658076344892,0.0393419236551082
"1773",0.998383054014671,0.0016169459853293
"1774",0.988598689626889,0.0114013103731106
"1775",0.997598668163314,0.00240133183668643
"1776",0.984397974480504,0.0156020255194958
"1777",0.998028567468368,0.00197143253163233
"1778",0.996254022516205,0.0037459774837955
"1779",0.997011266586933,0.0029887334130674
"1780",0.992304539074487,0.00769546092551287
"1781",0.996417164154853,0.00358283584514703
"1782",0.994453710130669,0.00554628986933102
"1783",0.998456765763669,0.00154323423633047
"1784",0.997980187394693,0.0020198126053074
"1785",0.996665517563917,0.00333448243608346
"1786",0.998245167656971,0.00175483234302904
"1787",0.997271209536992,0.00272879046300798
"1788",0.996147775072157,0.00385222492784309
"1789",0.994173811884407,0.0058261881155924
"1790",0.980668434623285,0.0193315653767148
"1791",0.929637455051961,0.0703625449480394
"1792",0.295727046922137,0.704272953077863
"1793",0.991247557523048,0.00875244247695196
"1794",0.959047388747372,0.0409526112526284
"1795",0.997954231440936,0.00204576855906404
"1796",0.99619372699034,0.00380627300966009
"1797",0.0186813821134765,0.981318617886524
"1798",0.974837905365977,0.0251620946340225
"1799",0.996101730941843,0.00389826905815683
"1800",0.790283648541404,0.209716351458596
"1801",0.996556032553323,0.00344396744667679
"1802",0.997120044350249,0.00287995564975099
"1803",0.996170141813878,0.00382985818612227
"1804",0.00573426510700841,0.994265734892992
"1805",0.729285852788436,0.270714147211564
"1806",0.992551812671518,0.00744818732848209
"1807",0.841252285374605,0.158747714625396
"1808",0.998043649578898,0.00195635042110203
"1809",0.997926151921856,0.00207384807814409
"1810",0.998173349191292,0.00182665080870814
"1811",0.996141579354699,0.00385842064530121
"1812",0.998244500104517,0.00175549989548265
"1813",0.990277699690526,0.00972230030947358
"1814",0.98835266295642,0.0116473370435803
"1815",0.997564144487326,0.0024358555126742
"1816",0.998343775368845,0.00165622463115469
"1817",0.997939771697073,0.00206022830292739
"1818",0.00226434175019429,0.997735658249806
"1819",0.99464527572235,0.0053547242776503
"1820",0.992438844548096,0.00756115545190423
"1821",0.00114528925325778,0.998854710746742
"1822",0.994215281449434,0.00578471855056571
"1823",0.980922441302181,0.019077558697819
"1824",0.99661765760589,0.00338234239411035
"1825",0.990912633231868,0.00908736676813166
"1826",0.997140812487046,0.0028591875129542
"1827",0.997828318690411,0.00217168130958897
"1828",0.0101464664336808,0.989853533566319
"1829",0.996705476590741,0.0032945234092587
"1830",0.986990509823804,0.0130094901761959
"1831",0.9960725715984,0.00392742840160014
"1832",0.997643853101693,0.00235614689830708
"1833",0.997161545193569,0.00283845480643094
"1834",0.994162733191196,0.00583726680880453
"1835",0.99484325221734,0.0051567477826603
"1836",0.712191313086285,0.287808686913715
"1837",0.996640525332531,0.00335947466746865
"1838",0.968532522203696,0.0314674777963045
"1839",0.990193506015358,0.00980649398464165
"1840",0.997788145252973,0.00221185474702734
"1841",0.994426434230461,0.0055735657695389
"1842",0.997924999018428,0.00207500098157173
"1843",0.645000928332893,0.354999071667107
"1844",0.965538080405161,0.034461919594839
"1845",0.992942513645453,0.00705748635454726
"1846",0.997279162917093,0.00272083708290737
"1847",0.989056021098496,0.0109439789015035
"1848",0.976403939620788,0.0235960603792117
"1849",0.995312318404449,0.00468768159555102
"1850",0.997027159527001,0.0029728404729993
"1851",0.997916021573855,0.00208397842614492
"1852",0.996055181942618,0.00394481805738219
"1853",0.994165950335031,0.00583404966496881
"1854",0.998232214656266,0.00176778534373384
"1855",0.997264700525245,0.00273529947475444
"1856",0.991747969645333,0.0082520303546672
"1857",0.993476598598148,0.00652340140185211
"1858",0.993197681317134,0.00680231868286586
"1859",0.851124217700378,0.148875782299622
"1860",0.015173928240246,0.984826071759754
"1861",0.996820176223919,0.00317982377608069
"1862",0.997033954294428,0.00296604570557222
"1863",0.998114989115042,0.00188501088495801
"1864",0.996969883654333,0.00303011634566658
"1865",0.997540610758286,0.00245938924171387
"1866",0.997992879586089,0.00200712041391103
"1867",0.996308750362737,0.00369124963726336
"1868",0.995094119044777,0.00490588095522291
"1869",0.997065564011386,0.00293443598861431
"1870",0.995395110731082,0.0046048892689178
"1871",0.995499231053485,0.00450076894651502
"1872",0.987272496041197,0.0127275039588026
"1873",0.995549563639149,0.0044504363608505
"1874",0.989419032158767,0.0105809678412324
"1875",0.991513067430957,0.00848693256904269
"1876",0.99784910808285,0.00215089191715
"1877",0.97993304189779,0.0200669581022102
"1878",0.967409763344727,0.0325902366552734
"1879",0.998011481535315,0.00198851846468536
"1880",0.993952440868595,0.00604755913140506
"1881",0.99617415217519,0.00382584782481055
"1882",0.997703932583335,0.00229606741666484
"1883",0.995140987528058,0.00485901247194169
"1884",0.996359835548112,0.00364016445188835
"1885",0.998455554479204,0.00154444552079603
"1886",0.997379282167664,0.00262071783233604
"1887",0.990381981700558,0.00961801829944165
"1888",0.998250023284005,0.0017499767159948
"1889",0.997728077241395,0.00227192275860506
"1890",0.993359859342234,0.00664014065776564
"1891",0.998286708440637,0.00171329155936302
"1892",0.990709777417279,0.00929022258272123
"1893",0.997569092903547,0.00243090709645308
"1894",0.996685378936761,0.00331462106323923
"1895",0.995068595632533,0.00493140436746704
"1896",0.997333122126189,0.0026668778738112
"1897",0.996855932150183,0.00314406784981712
"1898",0.997515707020052,0.00248429297994816
"1899",0.997037751146002,0.00296224885399831
"1900",0.997660720030347,0.00233927996965321
"1901",0.99450450978806,0.00549549021194014
"1902",0.996593635772022,0.00340636422797841
"1903",0.998437088466944,0.00156291153305564
"1904",0.997875641528362,0.00212435847163793
"1905",0.997000811916971,0.00299918808302939
"1906",0.990234819585607,0.00976518041439304
"1907",0.997781959806022,0.00221804019397824
"1908",0.996077185667809,0.0039228143321908
"1909",0.998075982870031,0.00192401712996896
"1910",0.994087628616454,0.00591237138354568
"1911",0.991019196994307,0.00898080300569347
"1912",0.995375556779732,0.00462444322026794
"1913",0.997418965674573,0.00258103432542714
"1914",0.978822036843106,0.0211779631568942
"1915",0.991960963186743,0.00803903681325745
"1916",0.989525430399145,0.0104745696008552
"1917",0.980391927649749,0.0196080723502507
"1918",0.997006271211598,0.00299372878840209
"1919",0.992885625813296,0.00711437418670375
"1920",0.998367031139534,0.00163296886046647
"1921",0.995903544684699,0.00409645531530062
"1922",0.992359846939571,0.0076401530604293
"1923",0.994764328760437,0.0052356712395635
"1924",0.998115292235598,0.00188470776440165
"1925",0.995297439940132,0.00470256005986821
"1926",0.997822822858506,0.00217717714149451
"1927",0.991371659765996,0.00862834023400453
"1928",0.994172137255965,0.00582786274403536
"1929",0.997453166858955,0.00254683314104493
"1930",0.995445050129396,0.00455494987060424
"1931",0.99608905789023,0.00391094210976955
"1932",0.993346151756297,0.00665384824370305
"1933",0.994170609899858,0.00582939010014184
"1934",0.998274084253255,0.00172591574674519
"1935",0.995401099802101,0.00459890019789875
"1936",0.973545814916862,0.026454185083138
"1937",0.994773408791573,0.00522659120842713
"1938",0.996512589682482,0.00348741031751745
"1939",0.994880170424531,0.00511982957546874
"1940",0.996466009720257,0.00353399027974298
"1941",0.995088567911431,0.00491143208856905
"1942",0.996769203195097,0.003230796804903
"1943",0.996740039797268,0.00325996020273198
"1944",0.998265618438948,0.00173438156105192
"1945",0.0104238351889412,0.989576164811059
"1946",0.997943347403276,0.00205665259672389
"1947",0.995307234406844,0.00469276559315563
"1948",0.995904185283615,0.00409581471638511
"1949",0.995848554794736,0.00415144520526364
"1950",0.841141992946232,0.158858007053768
"1951",0.990925090371232,0.00907490962876831
"1952",0.985538543183881,0.0144614568161194
"1953",0.995109325459733,0.00489067454026686
"1954",0.422738658175696,0.577261341824304
"1955",0.997466628021761,0.00253337197823957
"1956",0.997028429693509,0.00297157030649083
"1957",0.997249279597768,0.00275072040223172
"1958",0.996383319925508,0.00361668007449194
"1959",0.994976906869161,0.00502309313083889
"1960",0.974322151934869,0.0256778480651312
"1961",0.958285141201915,0.041714858798085
"1962",0.994204839157572,0.00579516084242765
"1963",0.995699015495704,0.004300984504296
"1964",0.989432024779987,0.0105679752200126
"1965",0.992224996738079,0.00777500326192088
"1966",0.993207687407807,0.00679231259219294
"1967",0.990251840852671,0.00974815914732882
"1968",0.997405973122858,0.00259402687714174
"1969",0.994738082592799,0.00526191740720128
"1970",0.997783976496348,0.00221602350365252
"1971",0.996116947051508,0.00388305294849235
"1972",0.997366526677356,0.00263347332264375
"1973",0.996525636792939,0.00347436320706054
"1974",0.988466562418238,0.0115334375817621
"1975",0.940774030334819,0.0592259696651811
"1976",0.997750571113088,0.0022494288869115
"1977",0.997844092545284,0.00215590745471568
"1978",0.997575683355257,0.00242431664474283
"1979",0.996763799593115,0.00323620040688537
"1980",0.996252299315502,0.00374770068449778
"1981",0.996547853628774,0.00345214637122578
"1982",0.995396900468413,0.00460309953158723
"1983",0.987984379491071,0.0120156205089288
"1984",0.997809893894391,0.00219010610560868
"1985",0.994695161448841,0.00530483855115911
"1986",0.996752624005252,0.00324737599474816
"1987",0.998292783915022,0.00170721608497777
"1988",0.879927429196291,0.120072570803709
"1989",0.99709924416613,0.00290075583386991
"1990",0.995606500039463,0.00439349996053682
"1991",0.9971022000682,0.00289779993180006
"1992",0.993607078773586,0.00639292122641423
"1993",0.986758321943592,0.0132416780564083
"1994",0.995204325914634,0.00479567408536624
"1995",0.992192926227774,0.00780707377222622
"1996",0.993027040360924,0.00697295963907619
"1997",0.992163596709658,0.00783640329034205
"1998",0.981944737156152,0.0180552628438477
"1999",0.995192893423664,0.00480710657633638
"2000",0.996937481809186,0.00306251819081448
"2001",0.996216298231676,0.00378370176832424
"2002",0.998311835402594,0.00168816459740617
"2003",0.997020523974035,0.00297947602596528
"2004",0.997142287016108,0.00285771298389204
"2005",0.995838182722793,0.00416181727720663
"2006",0.996835622470868,0.00316437752913211
"2007",0.978531269673002,0.021468730326998
"2008",0.96830345269936,0.03169654730064
"2009",0.996822498511805,0.00317750148819474
"2010",0.66850153765999,0.33149846234001
"2011",0.990960250808654,0.00903974919134641
"2012",0.00320154728348224,0.996798452716518
"2013",0.997262362683841,0.00273763731615916
"2014",0.99475030818639,0.00524969181360962
"2015",0.993949977865491,0.00605002213450923
"2016",0.993781883612742,0.00621811638725797
"2017",0.0104599687813421,0.989540031218658
"2018",0.996031138049521,0.00396886195047879
"2019",0.797404508773528,0.202595491226472
"2020",0.992249561856064,0.00775043814393554
"2021",0.992489125447774,0.00751087455222614
"2022",0.928323819157563,0.0716761808424368
"2023",0.99678473025175,0.00321526974824957
"2024",0.994326723465641,0.0056732765343586
"2025",0.997108561165877,0.00289143883412269
"2026",0.972455635234322,0.0275443647656777
"2027",0.848577952377958,0.151422047622042
"2028",0.993049667396955,0.00695033260304528
"2029",0.996826592395961,0.00317340760403854
"2030",0.99427832227955,0.00572167772044959
"2031",0.980622423904112,0.0193775760958878
"2032",0.993748083555587,0.00625191644441347
"2033",0.996450877280573,0.0035491227194266
"2034",0.994403606069521,0.00559639393047897
"2035",0.995871905713582,0.00412809428641789
"2036",0.99833881197115,0.00166118802884943
"2037",0.997638342248703,0.00236165775129675
"2038",0.998341254490045,0.00165874550995483
"2039",0.997318929510298,0.00268107048970152
"2040",0.996538488780617,0.00346151121938276
"2041",0.990581842786476,0.00941815721352388
"2042",0.987864148215615,0.0121358517843852
"2043",0.722351888785736,0.277648111214264
"2044",0.996746448417725,0.00325355158227486
"2045",0.152841505768068,0.847158494231932
"2046",0.611517688977622,0.388482311022378
"2047",0.996937458868383,0.00306254113161682
"2048",0.99844267127531,0.0015573287246898
"2049",0.995267820472159,0.00473217952784153
"2050",0.992502328043056,0.00749767195694372
"2051",0.983828801472081,0.0161711985279189
"2052",0.994682527319273,0.00531747268072697
"2053",0.906586794188558,0.0934132058114416
"2054",0.998089600472306,0.00191039952769393
"2055",0.996022247346242,0.00397775265375846
"2056",0.996936886459376,0.0030631135406241
"2057",0.992735378136564,0.00726462186343613
"2058",0.389058583704313,0.610941416295687
"2059",0.997565940597549,0.00243405940245096
"2060",0.99719392937714,0.00280607062286031
"2061",0.996980712890706,0.00301928710929387
"2062",0.99742208978868,0.00257791021132034
"2063",0.592224732704143,0.407775267295857
"2064",0.992765294393164,0.00723470560683556
"2065",0.992294558466075,0.00770544153392452
"2066",0.983319330942428,0.016680669057572
"2067",0.994892040854537,0.00510795914546266
"2068",0.995295192273305,0.00470480772669488
"2069",0.996867080811996,0.00313291918800372
"2070",0.987651780187796,0.0123482198122038
"2071",0.998410170719794,0.00158982928020617
"2072",0.993690289325457,0.00630971067454277
"2073",0.994183338604321,0.00581666139567857
"2074",0.995237113515668,0.00476288648433237
"2075",0.99817674379836,0.00182325620164052
"2076",0.99411834249009,0.00588165750991037
"2077",0.998341332738753,0.00165866726124734
"2078",0.995334718499192,0.00466528150080784
"2079",0.968188255340447,0.0318117446595536
"2080",0.731706135826388,0.268293864173612
"2081",0.986852081911297,0.0131479180887033
"2082",0.997812400447228,0.00218759955277226
"2083",0.00816648428001652,0.991833515719983
"2084",0.420479335700101,0.579520664299899
"2085",0.71255742946308,0.28744257053692
"2086",0.950135312271758,0.0498646877282421
"2087",0.992831501149197,0.00716849885080333
"2088",0.990496653317935,0.00950334668206539
"2089",0.998057372328769,0.00194262767123104
"2090",0.922477189337354,0.0775228106626459
"2091",0.992698624581498,0.00730137541850184
"2092",0.99652054994066,0.00347945005934002
"2093",0.998181166963156,0.00181883303684444
"2094",0.992686118676812,0.00731388132318789
"2095",0.998014300936605,0.0019856990633952
"2096",0.997139425143996,0.00286057485600396
"2097",0.997793732914123,0.00220626708587702
"2098",0.995437577469608,0.00456242253039152
"2099",0.924199549290292,0.0758004507097077
"2100",0.993340652463784,0.00665934753621581
"2101",0.996833153398619,0.00316684660138108
"2102",0.997531579457873,0.00246842054212708
"2103",0.994782345791971,0.00521765420802858
"2104",0.232660838705964,0.767339161294036
"2105",0.0463179037314831,0.953682096268517
"2106",0.997996303336655,0.00200369666334505
"2107",0.994376183919847,0.0056238160801533
"2108",0.767131568030143,0.232868431969857
"2109",0.995693314739009,0.00430668526099139
"2110",0.00494538941826908,0.995054610581731
"2111",0.991083493366147,0.0089165066338531
"2112",0.996571673860826,0.00342832613917407
"2113",0.994562228524408,0.00543777147559193
"2114",0.998189987102922,0.00181001289707822
"2115",0.992696608999168,0.00730339100083186
"2116",0.99526676136343,0.00473323863656986
"2117",0.994993868403108,0.00500613159689181
"2118",0.988682140325495,0.011317859674505
"2119",0.998297403650212,0.00170259634978804
"2120",0.998269180241336,0.00173081975866424
"2121",0.998244431420225,0.00175556857977488
"2122",0.99127794345451,0.00872205654548961
"2123",0.996716210236779,0.00328378976322078
"2124",0.990208660075509,0.00979133992449055
"2125",0.295201534626692,0.704798465373308
"2126",0.990990438569523,0.00900956143047743
"2127",0.988854418869989,0.0111455811300109
"2128",0.990161573657778,0.00983842634222202
"2129",0.127957665718437,0.872042334281563
"2130",0.995477108323272,0.004522891676728
"2131",0.989839766671852,0.0101602333281483
"2132",0.936860196489952,0.0631398035100481
"2133",0.997438813928053,0.00256118607194706
"2134",0.997904525691824,0.0020954743081762
"2135",0.995111752203916,0.00488824779608391
"2136",0.997344808189019,0.00265519181098091
"2137",0.995658777703475,0.00434122229652548
"2138",0.995968470530706,0.00403152946929373
"2139",0.99778974633799,0.0022102536620102
"2140",0.92798359440344,0.0720164055965596
"2141",0.9800269827571,0.0199730172428998
"2142",0.982411180293384,0.0175888197066159
"2143",0.997369865366121,0.00263013463387883
"2144",0.994841108555331,0.00515889144466901
"2145",0.998261051339627,0.00173894866037254
"2146",0.805389157527885,0.194610842472115
"2147",0.998373006787955,0.00162699321204442
"2148",0.997058899464285,0.00294110053571545
"2149",0.996077891426449,0.0039221085735511
"2150",0.997643611792021,0.00235638820797907
"2151",0.993557975879186,0.00644202412081339
"2152",0.996085470539509,0.00391452946049134
"2153",0.995062355934719,0.00493764406528063
"2154",0.998275167370326,0.00172483262967376
"2155",0.156423185266885,0.843576814733115
"2156",0.996119841113701,0.00388015888629943
"2157",0.997724361912677,0.0022756380873231
"2158",0.978865064228909,0.0211349357710913
"2159",0.997874187168043,0.00212581283195702
"2160",0.997525001933027,0.00247499806697302
"2161",0.994426906472376,0.00557309352762411
"2162",0.997386394212194,0.00261360578780627
"2163",0.992360301906775,0.00763969809322477
"2164",0.994075072936868,0.0059249270631321
"2165",0.997480034743022,0.00251996525697777
"2166",0.978884450035332,0.0211155499646675
"2167",0.994360000441701,0.00563999955829872
"2168",0.967582407689728,0.0324175923102717
"2169",0.998409520363514,0.00159047963648627
"2170",0.995641204488147,0.00435879551185309
"2171",0.994950351793011,0.00504964820698867
"2172",0.993953557838207,0.00604644216179267
"2173",0.997886218916907,0.00211378108309341
"2174",0.957936823568864,0.0420631764311361
"2175",0.997718838878161,0.0022811611218386
"2176",0.994757802858449,0.00524219714155153
"2177",0.993807323277108,0.00619267672289212
"2178",0.987283083910297,0.0127169160897032
"2179",0.9956928421283,0.00430715787170037
"2180",0.967340233826716,0.0326597661732838
"2181",0.995849993467802,0.00415000653219756
"2182",0.986313203405255,0.0136867965947452
"2183",0.99751731994104,0.00248268005896047
"2184",0.995246903202483,0.00475309679751756
"2185",0.995369817649397,0.00463018235060336
"2186",0.998367513863974,0.00163248613602541
"2187",0.994170407925201,0.0058295920747992
"2188",0.986113890290159,0.0138861097098408
"2189",0.985740118266791,0.0142598817332085
"2190",0.998175684576877,0.00182431542312327
"2191",0.996801072458501,0.00319892754149886
"2192",0.723926310692176,0.276073689307824
"2193",0.995602705527858,0.00439729447214178
"2194",0.997249465796183,0.00275053420381758
"2195",0.998155500526736,0.00184449947326423
"2196",0.988062414175479,0.0119375858245204
"2197",0.992977111609106,0.00702288839089374
"2198",0.995192962252648,0.00480703774735168
"2199",0.995984082529898,0.00401591747010165
"2200",0.997515000189141,0.00248499981085945
"2201",0.989085670334468,0.0109143296655324
"2202",0.948503599919649,0.0514964000803505
"2203",0.989966981177509,0.0100330188224912
"2204",0.99833140952209,0.0016685904779104
"2205",0.977136500711452,0.0228634992885479
"2206",0.99662889538386,0.00337110461613987
"2207",0.997534062302904,0.00246593769709615
"2208",0.982748210223983,0.0172517897760175
"2209",0.989885633058867,0.0101143669411332
"2210",0.994242608005231,0.00575739199476938
"2211",0.852541736463546,0.147458263536454
"2212",0.997956833883612,0.00204316611638793
"2213",0.997246186331518,0.00275381366848227
"2214",0.99783104977109,0.00216895022890972
"2215",0.995174818495104,0.00482518150489587
"2216",0.00493172181262461,0.995068278187375
"2217",0.989634278396755,0.0103657216032447
"2218",0.971159734167758,0.0288402658322422
"2219",0.995774198377889,0.00422580162211059
"2220",0.973956273250018,0.0260437267499822
"2221",0.995467914268319,0.00453208573168058
"2222",0.994371063971743,0.00562893602825681
"2223",0.993094202744455,0.00690579725554521
"2224",0.996123945204064,0.00387605479593607
"2225",0.987654891163695,0.0123451088363053
"2226",0.996104702998457,0.00389529700154294
"2227",0.993557692245935,0.00644230775406524
"2228",0.994765146404794,0.00523485359520643
"2229",0.998170398570315,0.00182960142968478
"2230",0.997910430508277,0.00208956949172304
"2231",0.994093653330129,0.00590634666987098
"2232",0.995888657773923,0.00411134222607706
"2233",0.990223661184921,0.00977633881507866
"2234",0.997590626714036,0.00240937328596388
"2235",0.998375462987779,0.00162453701222058
"2236",0.76789838541873,0.23210161458127
"2237",0.996831525102259,0.00316847489774141
"2238",0.995590912860861,0.00440908713913874
"2239",0.997737907698091,0.00226209230190861
"2240",0.998309298725985,0.00169070127401487
"2241",0.995446956604578,0.00455304339542249
"2242",0.997322788616029,0.00267721138397081
"2243",0.990200080982683,0.00979991901731759
"2244",0.997284166330377,0.00271583366962333
"2245",0.997803754110825,0.00219624588917443
"2246",0.99667910884522,0.00332089115477974
"2247",0.944939085788388,0.0550609142116123
"2248",0.989884309119016,0.0101156908809835
"2249",0.997181348697769,0.00281865130223063
"2250",0.994256430330896,0.00574356966910454
"2251",0.997751064911022,0.00224893508897772
"2252",0.997454997526809,0.00254500247319108
"2253",0.996148513638372,0.00385148636162832
"2254",0.996981310642376,0.00301868935762382
"2255",0.996480095604922,0.00351990439507835
"2256",0.994927411477545,0.00507258852245471
"2257",0.99764964266304,0.00235035733696037
"2258",0.998207323373081,0.00179267662691884
"2259",0.995619929538608,0.00438007046139222
"2260",0.99632824451016,0.0036717554898401
"2261",0.99300415313679,0.00699584686320954
"2262",0.994108302440788,0.00589169755921229
"2263",0.994671626172775,0.0053283738272249
"2264",0.0875774684113534,0.912422531588647
"2265",0.429545471309833,0.570454528690167
"2266",0.994328740532445,0.00567125946755556
"2267",0.997128678870296,0.00287132112970427
"2268",0.998113425094162,0.00188657490583802
"2269",0.996564332407391,0.00343566759260902
"2270",0.997829046544448,0.0021709534555523
"2271",0.981117128649157,0.0188828713508425
"2272",0.997085814151687,0.00291418584831268
"2273",0.996336472182528,0.00366352781747184
"2274",0.987017258211052,0.0129827417889482
"2275",0.996967538286109,0.00303246171389121
"2276",0.995902166272672,0.0040978337273284
"2277",0.998307564528932,0.00169243547106775
"2278",0.992916676501292,0.00708332349870763
"2279",0.99771265076097,0.00228734923903004
"2280",0.998231980363858,0.0017680196361417
"2281",0.747020737043604,0.252979262956396
"2282",0.971673564955711,0.0283264350442894
"2283",0.998045298620612,0.00195470137938822
"2284",0.996789241484434,0.00321075851556575
"2285",0.938782706270496,0.0612172937295039
"2286",0.995858229811459,0.00414177018854067
"2287",0.995074659623862,0.0049253403761379
"2288",0.993461121538068,0.00653887846193248
"2289",0.994114715228445,0.00588528477155514
"2290",0.994097864298894,0.00590213570110644
"2291",0.996911836449298,0.0030881635507019
"2292",0.998366244317784,0.00163375568221647
"2293",0.99238920426962,0.00761079573037981
"2294",0.998254096249281,0.00174590375071863
"2295",0.996556846193301,0.00344315380669929
"2296",0.995900270501373,0.00409972949862686
"2297",0.994743499408339,0.00525650059166117
"2298",0.99496606062712,0.00503393937287984
"2299",0.993581359361528,0.00641864063847214
"2300",0.990418345527777,0.0095816544722234
"2301",0.970981463121878,0.0290185368781217
"2302",0.129804548645241,0.870195451354759
"2303",0.974207029102274,0.0257929708977263
"2304",0.990630783822321,0.00936921617767943
"2305",0.995968662596614,0.00403133740338566
"2306",0.310127410960458,0.689872589039542
"2307",0.976150409951381,0.0238495900486188
"2308",0.994129929051482,0.0058700709485181
"2309",0.985740284575596,0.0142597154244038
"2310",0.998005760340818,0.00199423965918251
"2311",0.997321993036062,0.00267800696393791
"2312",0.994826623997951,0.00517337600204856
"2313",0.994886301429685,0.00511369857031475
"2314",0.992673335083764,0.00732666491623571
"2315",0.997904201906358,0.00209579809364168
"2316",0.00523924230770158,0.994760757692299
"2317",0.993348168427828,0.00665183157217166
"2318",0.866109861120122,0.133890138879878
"2319",0.998013285495908,0.0019867145040925
"2320",0.995072194468464,0.004927805531536
"2321",0.990895183623897,0.00910481637610269
"2322",0.994443705931381,0.00555629406861859
"2323",0.994300132826931,0.00569986717306884
"2324",0.993249630599646,0.00675036940035432
"2325",0.997362744653415,0.00263725534658479
"2326",0.997486280878476,0.00251371912152405
"2327",0.995027359364636,0.00497264063536408
"2328",0.0129933672968762,0.987006632703124
"2329",0.997910017437894,0.00208998256210594
"2330",0.995952465555917,0.00404753444408287
"2331",0.997760360385091,0.00223963961490924
"2332",0.995090438915467,0.0049095610845332
"2333",0.994748142123729,0.00525185787627158
"2334",0.99832835867614,0.00167164132386027
"2335",0.994915086315968,0.00508491368403149
"2336",0.953436873538366,0.046563126461634
"2337",0.986343274194762,0.0136567258052378
"2338",0.994403489763178,0.00559651023682233
"2339",0.9966503531111,0.00334964688890046
"2340",0.997832895860368,0.00216710413963225
"2341",0.00369588722578329,0.996304112774217
"2342",0.995295227009719,0.00470477299028084
"2343",0.989572452798811,0.0104275472011885
"2344",0.518084646475311,0.481915353524689
"2345",0.987705279102116,0.0122947208978844
"2346",0.99710663646904,0.00289336353095972
"2347",0.997537446750911,0.00246255324908862
"2348",0.12363670534713,0.87636329465287
"2349",0.460448587301694,0.539551412698306
"2350",0.984837283454143,0.0151627165458566
"2351",0.99349488414581,0.00650511585418945
"2352",0.998081146782861,0.0019188532171394
"2353",0.998432912741408,0.0015670872585916
"2354",0.997941569139692,0.00205843086030796
"2355",0.997150798091472,0.00284920190852817
"2356",0.998034708994326,0.00196529100567349
"2357",0.997780022248941,0.00221997775105882
"2358",0.998429475830434,0.00157052416956615
"2359",0.998401867519747,0.00159813248025295
"2360",0.996403963617332,0.00359603638266857
"2361",0.994493030648882,0.0055069693511179
"2362",0.997514276745078,0.00248572325492214
"2363",0.994223419634933,0.00577658036506706
"2364",0.996527541036596,0.00347245896340362
"2365",0.993334788358809,0.00666521164119099
"2366",0.996870232595353,0.00312976740464738
"2367",0.998045386000947,0.00195461399905268
"2368",0.995798017674676,0.00420198232532421
"2369",0.994719441566498,0.0052805584335021
"2370",0.99617195508261,0.00382804491738996
"2371",0.995496647075691,0.00450335292430871
"2372",0.995507951442859,0.00449204855714064
"2373",0.997971016866062,0.0020289831339383
"2374",0.996902243777239,0.00309775622276106
"2375",0.997036933898936,0.00296306610106389
"2376",0.985293834409033,0.0147061655909671
"2377",0.995137718145538,0.00486228185446251
"2378",0.997943947560354,0.00205605243964628
"2379",0.995537256501324,0.00446274349867642
"2380",0.997684956353305,0.00231504364669468
"2381",0.995574691412023,0.00442530858797718
"2382",0.997667186803811,0.00233281319618962
"2383",0.995775353477368,0.00422464652263198
"2384",0.988247593306333,0.0117524066936668
"2385",0.997234613903531,0.00276538609646921
"2386",0.986262765313806,0.0137372346861943
"2387",0.995522921656705,0.00447707834329563
"2388",0.998075979182554,0.0019240208174458
"2389",0.997650980574362,0.00234901942563857
"2390",0.992838832738466,0.00716116726153378
"2391",0.9980259300042,0.00197406999579973
"2392",0.996513162665135,0.00348683733486479
"2393",0.997668641255323,0.00233135874467721
"2394",0.998172997170274,0.00182700282972634
"2395",0.997954421241425,0.00204557875857484
"2396",0.99666882030248,0.00333117969752006
"2397",0.997680483595635,0.00231951640436467
"2398",0.994536847527404,0.00546315247259581
"2399",0.994766440795212,0.00523355920478834
"2400",0.997291855643609,0.00270814435639087
"2401",0.993749691345476,0.00625030865452444
"2402",0.995989315702953,0.00401068429704733
"2403",0.994912174369444,0.00508782563055585
"2404",0.996414652015118,0.00358534798488203
"2405",0.994503276152369,0.00549672384763096
"2406",0.993495182107882,0.00650481789211813
"2407",0.994919325456388,0.00508067454361218
"2408",0.983975815468213,0.0160241845317873
"2409",0.994620341857872,0.00537965814212799
"2410",0.994882916849702,0.00511708315029764
"2411",0.997944950709826,0.00205504929017405
"2412",0.971631687441208,0.0283683125587919
"2413",0.994880277627312,0.00511972237268822
"2414",0.998334544857039,0.00166545514296101
"2415",0.995195266601114,0.00480473339888644
"2416",0.997617629257267,0.00238237074273311
"2417",0.998018605589517,0.00198139441048335
"2418",0.00132755324917355,0.998672446750826
"2419",0.99587983492861,0.00412016507139022
"2420",0.997832710138839,0.00216728986116075
"2421",0.995645824279888,0.00435417572011209
"2422",0.992475799390668,0.00752420060933181
"2423",0.996077203752871,0.00392279624712914
"2424",0.99782358245411,0.00217641754588959
"2425",0.90525089222724,0.0947491077727601
"2426",0.989907048894457,0.0100929511055432
"2427",0.99821429377767,0.0017857062223296
"2428",0.0156412347857465,0.984358765214254
"2429",0.996784421278478,0.00321557872152191
"2430",0.997608028414563,0.00239197158543738
"2431",0.99691637232325,0.00308362767674961
"2432",0.997960601822098,0.00203939817790236
"2433",0.0861910732967774,0.913808926703223
"2434",0.994453079685177,0.00554692031482327
"2435",0.919586756407992,0.0804132435920077
"2436",0.998371015288016,0.00162898471198406
"2437",0.994497364073294,0.00550263592670594
"2438",0.880930035614001,0.119069964385999
"2439",0.997516986592587,0.00248301340741238
"2440",0.996222177776248,0.00377782222375214
"2441",0.991622081161117,0.00837791883888252
"2442",0.994930196492862,0.00506980350713853
"2443",0.997320598711216,0.00267940128878415
"2444",0.985746978520434,0.014253021479566
"2445",0.996379455081744,0.00362054491825606
"2446",0.99374687411967,0.00625312588032952
"2447",0.998454556679953,0.00154544332004733
"2448",0.99770505622405,0.00229494377595049
"2449",0.998238911962669,0.00176108803733144
"2450",0.993707764812916,0.0062922351870835
"2451",0.995386065362249,0.00461393463775144
"2452",0.995460345769919,0.00453965423008062
"2453",0.99820345323744,0.00179654676255972
"2454",0.988808031597994,0.0111919684020057
"2455",0.932733482360429,0.067266517639571
"2456",0.99162325464126,0.00837674535874011
"2457",0.997996910943814,0.00200308905618612
"2458",0.997138026493659,0.00286197350634141
"2459",0.997627494163334,0.00237250583666609
"2460",0.99407700838051,0.00592299161949012
"2461",0.997849704516821,0.00215029548317874
"2462",0.996113221015942,0.00388677898405764
"2463",0.99816436696512,0.00183563303487981
"2464",0.996568974493695,0.00343102550630458
"2465",0.992011216175577,0.00798878382442282
"2466",0.996366620622519,0.00363337937748081
"2467",0.992981663701842,0.00701833629815786
"2468",0.998415258314676,0.00158474168532364
"2469",0.947879979104291,0.0521200208957087
"2470",0.995998554630707,0.00400144536929271
"2471",0.996412701024157,0.003587298975843
"2472",0.993758520693164,0.00624147930683638
"2473",0.996722613512964,0.00327738648703617
"2474",0.995369210843051,0.00463078915694955
"2475",0.995339266407669,0.00466073359233137
"2476",0.995173119942557,0.0048268800574431
"2477",0.997907034372765,0.00209296562723558
"2478",0.993465270570485,0.00653472942951511
"2479",0.7235140196699,0.2764859803301
"2480",0.997114970693979,0.00288502930602087
"2481",0.990928504905815,0.00907149509418475
"2482",0.996664815184084,0.00333518481591589
"2483",0.995293925621555,0.0047060743784452
"2484",0.997310795938075,0.00268920406192518
"2485",0.9955079774582,0.0044920225418005
"2486",0.994608422206449,0.00539157779355124
"2487",0.996344345612937,0.00365565438706315
"2488",0.979408783658969,0.0205912163410308
"2489",0.998050803823803,0.00194919617619673
"2490",0.997035361839236,0.00296463816076374
"2491",0.997972371126175,0.00202762887382462
"2492",0.993947334228648,0.00605266577135182
"2493",0.998454763212055,0.00154523678794521
"2494",0.998210715383467,0.00178928461653282
"2495",0.997925098789912,0.00207490121008808
"2496",0.996339704217702,0.00366029578229769
"2497",0.995165101565842,0.00483489843415808
"2498",0.989470028888962,0.0105299711110386
"2499",0.995364496337198,0.00463550366280213
"2500",0.995754930613591,0.00424506938640859
"2501",0.962060455449386,0.037939544550614
"2502",0.998129845514632,0.00187015448536759
"2503",0.99784772418042,0.00215227581958016
"2504",0.990871927973355,0.00912807202664528
"2505",0.998105359183813,0.00189464081618643
"2506",0.998406814144297,0.00159318585570332
"2507",0.994988234997948,0.00501176500205195
"2508",0.997356200802536,0.00264379919746372
"2509",0.997448573477392,0.00255142652260784
"2510",0.991396443048726,0.00860355695127437
"2511",0.996885130870071,0.003114869129929
"2512",0.994827410981208,0.00517258901879246
"2513",0.996602412028372,0.00339758797162833
"2514",0.995510706060369,0.00448929393963093
"2515",0.991307921672744,0.00869207832725649
"2516",0.984473168646623,0.0155268313533774
"2517",0.993303627254848,0.00669637274515246
"2518",0.996874369099097,0.00312563090090305
"2519",0.937399387581146,0.0626006124188542
"2520",0.99581768638884,0.00418231361115964
"2521",0.996703261803994,0.00329673819600602
"2522",0.99605517230429,0.00394482769571001
"2523",0.995110082592204,0.00488991740779555
"2524",0.996537564286476,0.00346243571352376
"2525",0.0924477294490965,0.907552270550903
"2526",0.422101475270968,0.577898524729032
"2527",0.988793351686005,0.0112066483139945
"2528",0.994529853653546,0.00547014634645446
"2529",0.996979403328203,0.00302059667179683
"2530",0.996877083629733,0.00312291637026749
"2531",0.995918830462611,0.0040811695373885
"2532",0.99483505870729,0.00516494129271033
"2533",0.342169641790371,0.657830358209629
"2534",0.994840055900276,0.00515994409972401
"2535",0.998335666408544,0.00166433359145615
"2536",0.99805311652088,0.00194688347911953
"2537",0.997836879067966,0.00216312093203431
"2538",0.996104758943827,0.00389524105617334
"2539",0.996607119136928,0.00339288086307173
"2540",0.997195461461963,0.00280453853803687
"2541",0.996347782522646,0.00365221747735392
"2542",0.977727113502906,0.0222728864970944
"2543",0.995645154685257,0.00435484531474258
"2544",0.989247784046674,0.0107522159533263
"2545",0.996565276718937,0.00343472328106268
"2546",0.994215222641765,0.00578477735823552
"2547",0.994376531125164,0.00562346887483552
"2548",0.986690994175656,0.0133090058243437
"2549",0.997204182336412,0.00279581766358806
"2550",0.987013098041985,0.0129869019580151
"2551",0.995504003545249,0.00449599645475064
"2552",0.994234787667885,0.00576521233211491
"2553",0.997536815487202,0.0024631845127984
"2554",0.988874661237017,0.0111253387629826
"2555",0.996248580809856,0.00375141919014417
"2556",0.997503933007862,0.00249606699213783
"2557",0.993964735125723,0.00603526487427718
"2558",0.987034787707961,0.012965212292039
"2559",0.995613558413556,0.00438644158644379
"2560",0.888416032486123,0.111583967513877
"2561",0.998395135351377,0.00160486464862348
"2562",0.993548823375224,0.00645117662477572
"2563",0.992517004398598,0.00748299560140165
"2564",0.996451870830268,0.00354812916973184
"2565",0.954411201715319,0.0455887982846814
"2566",0.998241258437215,0.00175874156278507
"2567",0.997006380952633,0.00299361904736693
"2568",0.998415258314676,0.00158474168532364
"2569",0.993288537529308,0.00671146247069176
"2570",0.988572932776372,0.0114270672236282
"2571",0.98793776465431,0.0120622353456902
"2572",0.418669253146807,0.581330746853193
"2573",0.997878795870661,0.00212120412933913
"2574",0.995275812869064,0.00472418713093572
"2575",0.992565855547548,0.00743414445245232
"2576",0.995554390839543,0.0044456091604571
"2577",0.997340325006554,0.00265967499344589
"2578",0.964933593020253,0.0350664069797471
"2579",0.993614114217775,0.00638588578222449
"2580",0.997499115569414,0.00250088443058613
"2581",0.99191013147202,0.00808986852797979
"2582",0.979440170816364,0.0205598291836363
"2583",0.994551440137361,0.00544855986263846
"2584",0.997046907510813,0.00295309248918733
"2585",0.996175528633612,0.00382447136638829
"2586",0.993654980807127,0.0063450191928735
"2587",0.997797822189921,0.00220217781007931
"2588",0.99767709369754,0.00232290630246012
"2589",0.998310844334876,0.00168915566512443
"2590",0.958449526639164,0.0415504733608357
"2591",0.988045425821141,0.0119545741788591
"2592",0.996648281710452,0.00335171828954826
"2593",0.987722042699834,0.0122779573001662
"2594",0.986722461859223,0.0132775381407774
"2595",0.985281212848537,0.0147187871514629
"2596",0.996796335376907,0.00320366462309328
"2597",0.998178827424166,0.0018211725758343
"2598",0.996950377926064,0.00304962207393645
"2599",0.995315612206049,0.00468438779395133
"2600",0.994059790417697,0.00594020958230287
"2601",0.99745126369885,0.00254873630115037
"2602",0.995185186408037,0.00481481359196345
"2603",0.994171835597244,0.00582816440275624
"2604",0.989508767314716,0.0104912326852839
"2605",0.992225926412556,0.00777407358744377
"2606",0.724921802611631,0.275078197388369
"2607",0.994788828895701,0.00521117110429919
"2608",0.00269488598526957,0.99730511401473
"2609",0.998001198001733,0.00199880199826671
"2610",0.988545236908877,0.0114547630911228
"2611",0.995748465180831,0.00425153481916906
"2612",0.998324420193778,0.0016755798062221
"2613",0.99412161064853,0.00587838935147038
"2614",0.984703651601243,0.0152963483987573
"2615",0.996725789069358,0.00327421093064153
"2616",0.995436454938235,0.00456354506176538
"2617",0.996847725304174,0.00315227469582625
"2618",0.993712548003145,0.00628745199685455
"2619",0.996658886884346,0.00334111311565381
"2620",0.998114678943695,0.00188532105630488
"2621",0.993959767733756,0.00604023226624388
"2622",0.998055150906432,0.00194484909356788
"2623",0.983295496582413,0.0167045034175872
"2624",0.998149364283005,0.00185063571699447
"2625",0.995332899984449,0.00466710001555134
"2626",0.935215840856947,0.064784159143053
"2627",0.997807444276619,0.00219255572338135
"2628",0.997613364924937,0.00238663507506253
"2629",0.996455400932143,0.00354459906785727
"2630",0.934037579461397,0.0659624205386035
"2631",0.9978520745942,0.00214792540579945
"2632",0.996375740924959,0.00362425907504055
"2633",0.994410350261401,0.00558964973859877
"2634",0.974807413453485,0.0251925865465151
"2635",0.795450946139567,0.204549053860433
"2636",0.95394452020174,0.0460554797982601
"2637",0.972675146335265,0.027324853664735
"2638",0.993547893081797,0.00645210691820256
"2639",0.993983028076662,0.0060169719233376
"2640",0.992448325864881,0.00755167413511869
"2641",0.994822592666776,0.00517740733322416
"2642",0.996667671622304,0.00333232837769632
"2643",0.997004283062113,0.00299571693788702
"2644",0.973720368288948,0.0262796317110521
"2645",0.997571885129378,0.00242811487062195
"2646",0.996193165209116,0.00380683479088403
"2647",0.984883633612581,0.015116366387419
"2648",0.996078047245048,0.00392195275495226
"2649",0.995193713227298,0.00480628677270221
"2650",0.992089895660735,0.00791010433926473
"2651",0.997683879680943,0.00231612031905754
"2652",0.985426574621988,0.0145734253780121
"2653",0.99415576508053,0.00584423491946977
"2654",0.993892178863398,0.00610782113660223
"2655",0.997509032540961,0.0024909674590386
"2656",0.991912871123234,0.00808712887676614
"2657",0.995450483454417,0.00454951654558273
"2658",0.994604786610122,0.00539521338987792
"2659",0.998431921648615,0.00156807835138468
"2660",0.99642547718845,0.00357452281154985
"2661",0.991376180870211,0.00862381912978912
"2662",0.993116141902509,0.00688385809749133
"2663",0.994509487707622,0.00549051229237804
"2664",0.828158723554202,0.171841276445798
"2665",0.992369629316103,0.00763037068389656
"2666",0.996729553448129,0.00327044655187115
"2667",0.991370566834053,0.00862943316594703
"2668",0.995568855647681,0.00443114435231884
"2669",0.984477333531599,0.015522666468401
"2670",0.995169843707539,0.00483015629246072
"2671",0.921150647329336,0.0788493526706639
"2672",0.996423046781758,0.00357695321824156
"2673",0.99523675405655,0.00476324594344949
"2674",0.985956870636587,0.0140431293634126
"2675",0.994515306141561,0.00548469385843871
"2676",0.995144652626628,0.00485534737337228
"2677",0.995252530897248,0.00474746910275186
"2678",0.9950450985556,0.00495490144439966
"2679",0.989452442645734,0.0105475573542663
"2680",0.995419455589088,0.00458054441091198
"2681",0.994083293121076,0.00591670687892438
"2682",0.978142461379245,0.0218575386207553
"2683",0.792131163750211,0.207868836249788
"2684",0.995538188532099,0.00446181146790112
"2685",0.996325643362522,0.00367435663747761
"2686",0.998119204476072,0.00188079552392786
"2687",0.995947624286575,0.00405237571342491
"2688",0.983022612621916,0.0169773873780837
"2689",0.991876992903951,0.00812300709604858
"2690",0.994276697028836,0.00572330297116354
"2691",0.997000251026183,0.00299974897381736
"2692",0.996105821520229,0.00389417847977126
"2693",0.997248588887398,0.00275141111260189
"2694",0.991205100847965,0.0087948991520345
"2695",0.998421164194576,0.00157883580542416
"2696",0.99535916116417,0.00464083883582961
"2697",0.993628091633347,0.00637190836665305
"2698",0.996636048015107,0.00336395198489332
"2699",0.988451281614691,0.0115487183853095
"2700",0.997878198094691,0.0021218019053092
"2701",0.9967631901824,0.00323680981759993
"2702",0.995456768258841,0.00454323174115908
"2703",0.997573698388228,0.00242630161177164
"2704",0.99735277910792,0.00264722089207962
"2705",0.997596895698873,0.00240310430112706
"2706",0.997986888058296,0.00201311194170425
"2707",0.99816410446889,0.00183589553111007
"2708",0.995856789695117,0.00414321030488308
"2709",0.99453267025754,0.00546732974246032
"2710",0.994964753995775,0.00503524600422509
"2711",0.987679545873249,0.0123204541267513
"2712",0.996765884187788,0.00323411581221191
"2713",0.990578944821846,0.00942105517815417
"2714",0.995620065064936,0.00437993493506386
"2715",0.996783677083646,0.00321632291635365
"2716",0.995419197256615,0.00458080274338479
"2717",0.996601080400766,0.0033989195992341
"2718",0.998415258314676,0.00158474168532364
"2719",0.994939249267096,0.00506075073290385
"2720",0.993359366795768,0.00664063320423165
"2721",0.997239260311735,0.0027607396882653
"2722",0.990273472571165,0.00972652742883455
"2723",0.991510531349738,0.00848946865026206
"2724",0.996645516875834,0.00335448312416569
"2725",0.557168875663083,0.442831124336917
"2726",0.998424995455712,0.00157500454428835
"2727",0.995092294420913,0.00490770557908705
"2728",0.996612268006148,0.00338773199385228
"2729",0.92621872248467,0.0737812775153301
"2730",0.992360825475981,0.00763917452401868
"2731",0.997707373833011,0.00229262616698938
"2732",0.994467432969466,0.00553256703053358
"2733",0.997467270165806,0.00253272983419429
"2734",0.994393013767884,0.00560698623211621
"2735",0.995114158138187,0.00488584186181343
"2736",0.433317258635954,0.566682741364046
"2737",0.513349998362852,0.486650001637148
"2738",0.996778394850154,0.00322160514984635
"2739",0.992528774436184,0.00747122556381553
"2740",0.995805734229125,0.00419426577087495
"2741",0.998279935681857,0.00172006431814259
"2742",0.994498077959761,0.00550192204023896
"2743",0.997611035067066,0.00238896493293364
"2744",0.997843247860237,0.00215675213976291
"2745",0.996388138614695,0.00361186138530495
"2746",0.997412386727368,0.00258761327263225
"2747",0.99732558328596,0.00267441671404015
"2748",0.998310473051588,0.00168952694841141
"2749",0.96149936738575,0.0385006326142499
"2750",0.997124300734641,0.00287569926535897
"2751",0.995615933727394,0.00438406627260601
"2752",0.996320169559994,0.00367983044000576
"2753",0.993376352091779,0.00662364790822145
"2754",0.997698882280143,0.0023011177198569
"2755",0.995900090485034,0.00409990951496606
"2756",0.0238289963050287,0.976171003694971
"2757",0.994197653854571,0.00580234614542889
"2758",0.982623274301274,0.0173767256987262
"2759",0.997301416968907,0.00269858303109328
"2760",0.532782056646983,0.467217943353017
"2761",0.997349335652202,0.00265066434779811
"2762",0.998336079671824,0.00166392032817583
"2763",0.950224438753335,0.0497755612466651
"2764",0.996977179515579,0.00302282048442141
"2765",0.995390909334533,0.00460909066546731
"2766",0.943930459735165,0.0560695402648346
"2767",0.980664797616197,0.0193352023838026
"2768",0.983131100557562,0.0168688994424376
"2769",0.96659402437332,0.0334059756266796
"2770",0.997121987583133,0.00287801241686744
"2771",0.997585621244253,0.00241437875574696
"2772",0.998434028925629,0.00156597107437096
"2773",0.991578055136703,0.00842194486329713
"2774",0.997089045778848,0.00291095422115241
"2775",0.997532573054224,0.0024674269457755
"2776",0.995062032514856,0.00493796748514355
"2777",0.99814805606471,0.00185194393528989
"2778",0.998112352422493,0.00188764757750648
"2779",0.996057880271993,0.00394211972800733
"2780",0.997814511531047,0.00218548846895271
"2781",0.987365243571555,0.0126347564284445
"2782",0.995053878932901,0.00494612106709929
"2783",0.895662765948269,0.104337234051731
"2784",0.997735514350851,0.00226448564914854
"2785",0.994905714346627,0.00509428565337347
"2786",0.0181896806891064,0.981810319310894
"2787",0.989638562783645,0.0103614372163553
"2788",0.994577990715747,0.00542200928425294
"2789",0.99310601920296,0.00689398079703975
"2790",0.998167139095228,0.00183286090477171
"2791",0.987000626213878,0.0129993737861216
"2792",0.997547371154485,0.00245262884551502
"2793",0.996627608032404,0.00337239196759589
"2794",0.0624673505275692,0.937532649472431
"2795",0.991093380003491,0.00890661999650923
"2796",0.995109916336835,0.00489008366316505
"2797",0.70405949337739,0.295940506622609
"2798",0.998258813595542,0.00174118640445823
"2799",0.995041311866569,0.00495868813343069
"2800",0.987940422916278,0.0120595770837223
"2801",0.998172079547736,0.00182792045226372
"2802",0.996267470371868,0.00373252962813206
"2803",0.975435792123452,0.0245642078765481
"2804",0.981392576055956,0.0186074239440438
"2805",0.0431739022837732,0.956826097716227
"2806",0.998415258314676,0.00158474168532364
"2807",0.994510583177994,0.00548941682200643
"2808",0.982936168047994,0.0170638319520063
"2809",0.995080664433238,0.00491933556676199
"2810",0.996000510785416,0.00399948921458417
"2811",0.998386690756659,0.0016133092433409
"2812",0.986512597600221,0.0134874023997792
"2813",0.997062223715522,0.00293777628447836
"2814",0.995349568432553,0.00465043156744726
"2815",0.992537314263276,0.00746268573672422
"2816",0.995951647977648,0.00404835202235174
"2817",0.991599488027755,0.00840051197224522
"2818",0.990992757376663,0.00900724262333678
"2819",0.998319694390718,0.00168030560928227
"2820",0.998458812067135,0.0015411879328646
"2821",0.988883415467633,0.0111165845323666
"2822",0.993455840889119,0.00654415911088127
"2823",0.995914252497353,0.00408574750264701
"2824",0.952168137406314,0.0478318625936859
"2825",0.995685248697671,0.0043147513023288
"2826",0.995397297677424,0.00460270232257568
"2827",0.998362996045891,0.00163700395410925
"2828",0.942128715521422,0.0578712844785778
"2829",0.986879650132162,0.0131203498678375
"2830",0.98989803323048,0.01010196676952
"2831",0.982904351937757,0.017095648062243
"2832",0.994538362832816,0.00546163716718408
"2833",0.997507825490745,0.00249217450925513
"2834",0.974916952408591,0.025083047591409
"2835",0.998091601003407,0.00190839899659303
"2836",0.997506679212412,0.00249332078758776
"2837",0.997301198938001,0.00269880106199919
"2838",0.994184832298939,0.00581516770106056
"2839",0.972824306098981,0.0271756939010188
"2840",0.997980351977059,0.00201964802294116
"2841",0.998130044627095,0.0018699553729051
"2842",0.998329627553865,0.00167037244613479
"2843",0.997992801175401,0.00200719882459876
"2844",0.972438282155437,0.0275617178445632
"2845",0.994239528877615,0.00576047112238536
"2846",0.997842063788901,0.00215793621109846
"2847",0.994001070942443,0.00599892905755693
"2848",0.996058485373558,0.00394151462644199
"2849",0.000734210950353649,0.999265789049646
"2850",0.976407197220664,0.0235928027793361
"2851",0.997991585071302,0.00200841492869762
"2852",0.997911638655473,0.00208836134452665
"2853",0.997355059336059,0.00264494066394052
"2854",0.998268952064363,0.00173104793563733
"2855",0.989709407485972,0.0102905925140282
"2856",0.991269163926223,0.00873083607377657
"2857",0.994861058862549,0.00513894113745115
"2858",0.995232601070059,0.00476739892994117
"2859",0.00364652622358634,0.996353473776414
"2860",0.998266898160491,0.0017331018395086
"2861",0.997517893144484,0.00248210685551566
"2862",0.998344184283757,0.00165581571624337
"2863",0.996106722156777,0.00389327784322254
"2864",0.994371370231417,0.00562862976858313
"2865",0.989679740369452,0.0103202596305479
"2866",0.998415258314676,0.00158474168532364
"2867",0.997311507384583,0.00268849261541696
"2868",0.981023564400265,0.0189764355997348
"2869",0.998081223585611,0.00191877641438915
"2870",0.99818203995731,0.00181796004269046
"2871",0.996264764674358,0.00373523532564152
"2872",0.989339120665521,0.0106608793344792
"2873",0.995501265611937,0.00449873438806335
"2874",0.0734518652498002,0.9265481347502
"2875",0.984912593281811,0.0150874067181885
"2876",0.998023439206952,0.00197656079304839
"2877",0.998341976972977,0.00165802302702309
"2878",0.997845974104331,0.00215402589566924
"2879",0.98711296512861,0.0128870348713896
"2880",0.996177544315904,0.0038224556840961
"2881",0.99833659803208,0.00166340196792005
"2882",0.715263812920285,0.284736187079715
"2883",0.996087584148009,0.0039124158519914
"2884",0.997616385742921,0.00238361425707901
"2885",0.978927980578068,0.021072019421932
"2886",0.982878387290687,0.0171216127093132
"2887",0.985064392404557,0.0149356075954429
"2888",0.995755528198922,0.00424447180107764
"2889",0.00157995953043985,0.99842004046956
"2890",0.997681165986044,0.00231883401395629
"2891",0.945850150594365,0.054149849405635
"2892",0.987000678590238,0.0129993214097618
"2893",0.994806349932509,0.00519365006749129
"2894",0.969622855892643,0.030377144107357
"2895",0.86622609644576,0.13377390355424
"2896",0.997495034908007,0.00250496509199287
"2897",0.996203803432314,0.00379619656768639
"2898",0.694847189695977,0.305152810304023
"2899",0.997464086421116,0.00253591357888444
"2900",0.995116565615704,0.00488343438429638
"2901",0.995593006701857,0.00440699329814323
"2902",0.993122293337367,0.00687770666263309
"2903",0.948883806446489,0.0511161935535106
"2904",0.950017541812687,0.0499824581873125
"2905",0.991501181271824,0.00849881872817586
"2906",0.996390954176568,0.00360904582343163
"2907",0.977324380296269,0.0226756197037309
"2908",0.985843704324782,0.0141562956752182
"2909",0.998191747924047,0.0018082520759526
"2910",0.994879417503953,0.00512058249604707
"2911",0.998438673693326,0.00156132630667446
"2912",0.998415258314676,0.00158474168532364
"2913",0.997752812650916,0.00224718734908413
"2914",0.998256094568282,0.00174390543171842
"2915",0.994584609688492,0.00541539031150829
"2916",0.995231122987735,0.00476887701226508
"2917",0.998282476927896,0.00171752307210416
"2918",0.575279044803544,0.424720955196456
"2919",0.68010323900662,0.31989676099338
"2920",0.991166609161555,0.00883339083844473
"2921",0.467745475163625,0.532254524836375
"2922",0.990341503780501,0.0096584962194994
"2923",0.99755723854754,0.00244276145245992
"2924",0.914355503068257,0.0856444969317429
"2925",0.995135376593274,0.00486462340672622
"2926",0.994892598052783,0.0051074019472172
"2927",0.994326645319296,0.00567335468070429
"2928",0.944965021458529,0.0550349785414707
"2929",0.997992257641283,0.00200774235871746
"2930",0.993199007758035,0.0068009922419647
"2931",0.998104100445968,0.0018958995540324
"2932",0.97623416636413,0.0237658336358696
"2933",0.996958187727172,0.00304181227282813
"2934",0.998428361830444,0.00157163816955541
"2935",0.996132623575661,0.00386737642433919
"2936",0.997231347562128,0.00276865243787164
"2937",0.99802667293246,0.00197332706754021
"2938",0.996698995049159,0.00330100495084108
"2939",0.995107790039613,0.00489220996038731
"2940",0.939138694599257,0.0608613054007431
"2941",0.99533185436662,0.0046681456333798
"2942",0.986552275727,0.013447724273
"2943",0.994634044842136,0.00536595515786357
"2944",0.998174065894037,0.00182593410596281
"2945",0.994698808704561,0.00530119129543927
"2946",0.998170141513401,0.00182985848659884
"2947",0.996828883265976,0.00317111673402414
"2948",0.996612256085157,0.00338774391484265
"2949",0.971834442339017,0.0281655576609833
"2950",0.995718024574651,0.00428197542534942
"2951",0.990093476347376,0.0099065236526235
"2952",0.967856087477531,0.0321439125224692
"2953",0.995796560441233,0.0042034395587665
"2954",0.997158319891224,0.00284168010877631
"2955",0.997258206440412,0.00274179355958787
"2956",0.101436534617567,0.898563465382433
"2957",0.985272622050364,0.0147273779496362
"2958",0.919368788412855,0.0806312115871452
"2959",0.99569738855131,0.00430261144869001
"2960",0.963140583630276,0.0368594163697244
"2961",0.9841088412404,0.0158911587596004
"2962",0.903352790531624,0.0966472094683762
"2963",0.998266821937055,0.00173317806294525
"2964",0.994408029017306,0.00559197098269421
"2965",0.995689984905387,0.00431001509461314
"2966",0.989064704732241,0.0109352952677591
"2967",0.986563913907233,0.0134360860927673
"2968",0.990162353910245,0.00983764608975479
"2969",0.99762958414158,0.00237041585841999
"2970",0.993875972570785,0.00612402742921468
"2971",0.997003748593087,0.00299625140691311
"2972",0.991438055120957,0.00856194487904341
"2973",0.991764906020961,0.00823509397903893
"2974",0.99750865983744,0.00249134016256041
"2975",0.9900237264116,0.00997627358839991
"2976",0.995591655366318,0.00440834463368234
"2977",0.996930086866267,0.00306991313373286
"2978",0.814810053872074,0.185189946127926
"2979",0.873381366427794,0.126618633572206
"2980",0.99506341705214,0.00493658294786026
"2981",0.993109401376476,0.00689059862352412
"2982",0.99458909132859,0.0054109086714097
"2983",0.992049631532681,0.00795036846731921
"2984",0.975618185659811,0.0243818143401893
"2985",0.961768553098758,0.0382314469012421
"2986",0.988592623953585,0.0114073760464145
"2987",0.995694689644389,0.00430531035561118
"2988",0.997988947756117,0.00201105224388304
"2989",0.986795731866776,0.0132042681332242
"2990",0.987260822706704,0.0127391772932959
"2991",0.987452152926521,0.0125478470734787
"2992",0.948075200348992,0.0519247996510083
"2993",0.991851215547829,0.00814878445217144
"2994",0.994833086099339,0.00516691390066104
"2995",0.994553148150502,0.00544685184949835
"2996",0.996155781704003,0.00384421829599678
"2997",0.990116349425639,0.00988365057436071
"2998",0.994097764355504,0.00590223564449553
"2999",0.996169758730446,0.003830241269554
"3000",0.971538234757542,0.0284617652424584
"3001",0.997633964412723,0.00236603558727671
"3002",0.994540083169909,0.00545991683009078
"3003",0.995340365363291,0.00465963463670935
"3004",0.996860867791866,0.00313913220813414
"3005",0.251374192220419,0.748625807779581
"3006",0.962386298440674,0.0376137015593261
"3007",0.997167442734488,0.00283255726551191
"3008",0.996964144641585,0.00303585535841457
"3009",0.997347215951358,0.00265278404864209
"3010",0.995398170443539,0.00460182955646073
"3011",0.997560395724564,0.00243960427543625
"3012",0.983370286628868,0.0166297133711316
"3013",0.998178103631258,0.00182189636874225
"3014",0.995330387186861,0.00466961281313904
"3015",0.993028151347611,0.00697184865238888
"3016",0.998375310454186,0.00162468954581386
"3017",0.998117800479375,0.00188219952062477
"3018",0.996526865859712,0.00347313414028846
"3019",0.996144652881006,0.00385534711899417
"3020",0.997536944886359,0.00246305511364125
"3021",0.995472541499895,0.00452745850010496
"3022",0.993404308803169,0.00659569119683158
"3023",0.989599068810417,0.0104009311895826
"3024",0.900183091493492,0.0998169085065083
"3025",0.80983017260779,0.190169827392211
"3026",0.994960755997498,0.00503924400250162
"3027",0.995550445562963,0.00444955443703648
"3028",0.998207581884223,0.00179241811577732
"3029",0.991228454928519,0.00877154507148052
"3030",0.998256087680821,0.00174391231917935
"3031",0.994801864540469,0.00519813545953129
"3032",0.997672483288472,0.0023275167115285
"3033",0.998179799747123,0.00182020025287671
"3034",0.992281102206038,0.00771889779396184
"3035",0.992730139113805,0.00726986088619499
"3036",0.959876246513608,0.0401237534863916
"3037",0.994857991628765,0.00514200837123475
"3038",0.997562992505482,0.00243700749451799
"3039",0.993730766427375,0.00626923357262523
"3040",0.9980469638333,0.00195303616669962
"3041",0.995073369027996,0.0049266309720039
"3042",0.989163167754138,0.0108368322458623
"3043",0.746226700398632,0.253773299601368
"3044",0.983275585517115,0.0167244144828852
"3045",0.401830329520414,0.598169670479586
"3046",0.995251190547154,0.00474880945284618
"3047",0.994197885280168,0.00580211471983191
"3048",0.998281565444589,0.00171843455541067
"3049",0.996383446985425,0.00361655301457464
"3050",0.993705089560097,0.00629491043990345
"3051",0.892264314505146,0.107735685494854
"3052",0.995059971857051,0.00494002814294855
"3053",0.605302952684045,0.394697047315955
"3054",0.992380821318013,0.00761917868198685
"3055",0.998188442518012,0.00181155748198787
"3056",0.995502452991253,0.00449754700874748
"3057",0.998110140643123,0.00188985935687716
"3058",0.997248585337695,0.00275141466230538
"3059",0.998374090756589,0.001625909243411
"3060",0.997536718075551,0.00246328192444943
"3061",0.998140128099789,0.00185987190021084
"3062",0.993656358486347,0.00634364151365312
"3063",0.996992544598551,0.0030074554014488
"3064",0.994737889787638,0.00526211021236205
"3065",0.997111060234142,0.00288893976585773
"3066",0.990002759385534,0.00999724061446658
"3067",0.948524890162011,0.0514751098379889
"3068",0.995765298561648,0.00423470143835223
"3069",0.994926765144925,0.00507323485507476
"3070",0.992591661127622,0.00740833887237819
"3071",0.522441308399625,0.477558691600375
"3072",0.996219807933943,0.00378019206605724
"3073",0.91076061061186,0.0892393893881401
"3074",0.00144270032333986,0.99855729967666
"3075",0.325907764742032,0.674092235257968
"3076",0.993799477296001,0.00620052270399918
"3077",0.995192338021053,0.00480766197894688
"3078",0.996674734885104,0.00332526511489547
"3079",0.992298332428114,0.00770166757188648
"3080",0.979790603534007,0.0202093964659934
"3081",0.992372094364369,0.00762790563563098
"3082",0.9955979670597,0.00440203294029971
"3083",0.927408436189144,0.0725915638108561
"3084",0.997202704169273,0.0027972958307271
"3085",0.00359351424583735,0.996406485754163
"3086",0.989291287594416,0.010708712405584
"3087",0.996518949364711,0.00348105063528897
"3088",0.994708277955412,0.00529172204458827
"3089",0.998193869329601,0.00180613067039864
"3090",0.990473142455855,0.00952685754414472
"3091",0.98966359026962,0.0103364097303801
"3092",0.998068381069174,0.00193161893082616
"3093",0.995361605477565,0.00463839452243502
"3094",0.998084791112418,0.00191520888758179
"3095",0.0403244788390965,0.959675521160903
"3096",0.997505357115431,0.00249464288456873
"3097",0.995820593867848,0.00417940613215155
"3098",0.997738491503256,0.00226150849674359
"3099",0.990559465853009,0.00944053414699066
"3100",0.994484476809269,0.00551552319073056
"3101",0.995681024692844,0.00431897530715619
"3102",0.0311431107160934,0.968856889283907
"3103",0.97770197836499,0.02229802163501
"3104",0.995514791512302,0.00448520848769785
"3105",0.959106234767593,0.0408937652324068
"3106",0.995378455952631,0.00462154404736935
"3107",0.990544058390647,0.00945594160935308
"3108",0.997311102241241,0.00268889775875892
"3109",0.997323827329766,0.00267617267023448
"3110",0.923622113851166,0.0763778861488343
"3111",0.998200419177033,0.00179958082296694
"3112",0.940395854448117,0.0596041455518832
"3113",0.94991532863713,0.0500846713628703
"3114",0.993397143864542,0.00660285613545836
"3115",0.997465344005692,0.00253465599430774
"3116",0.972401423749773,0.0275985762502274
"3117",0.994907314836107,0.00509268516389345
"3118",0.956668195032018,0.0433318049679825
"3119",0.664512698839887,0.335487301160113
"3120",0.998327244198428,0.00167275580157223
"3121",0.982931441161567,0.0170685588384328
"3122",0.994929471593439,0.00507052840656121
"3123",0.00145639066258324,0.998543609337417
"3124",0.998181508607216,0.00181849139278428
"3125",0.995217165391676,0.00478283460832359
"3126",0.998293551522122,0.00170644847787815
"3127",0.997701812805404,0.00229818719459587
"3128",0.0643849021149286,0.935615097885071
"3129",0.99561162888303,0.00438837111696966
"3130",0.996335650496404,0.00366434950359556
"3131",0.982730923544652,0.0172690764553485
"3132",0.994321089665445,0.00567891033455456
"3133",0.996502109585901,0.00349789041409871
"3134",0.99799547824789,0.00200452175211023
"3135",0.998330296327668,0.00166970367233223
"3136",0.995268304523094,0.00473169547690567
"3137",0.826857385668322,0.173142614331678
"3138",0.990137228722517,0.00986277127748299
"3139",0.993656200818066,0.00634379918193414
"3140",0.992322302340899,0.00767769765910113
"3141",0.991894051468466,0.00810594853153354
"3142",0.981639832904232,0.0183601670957685
"3143",0.96536148113237,0.0346385188676299
"3144",0.998188454897739,0.00181154510226113
"3145",0.996820648465141,0.00317935153485893
"3146",0.995221289403677,0.00477871059632319
"3147",0.973064806806581,0.0269351931934191
"3148",0.997864498292762,0.00213550170723763
"3149",0.995097265774851,0.00490273422514872
"3150",0.995352407022708,0.00464759297729217
"3151",0.994911103939062,0.0050888960609384
"3152",0.997376137242408,0.00262386275759191
"3153",0.978305061079225,0.0216949389207753
"3154",0.0377974715052979,0.962202528494702
"3155",0.0920306564290216,0.907969343570978
"3156",0.998037840604443,0.0019621593955565
"3157",0.99343770798074,0.00656229201925986
"3158",0.977400103744903,0.0225998962550973
"3159",0.998329773165826,0.00167022683417369
"3160",0.988765884190734,0.0112341158092661
"3161",0.998078069486828,0.00192193051317219
"3162",0.997718390574228,0.00228160942577241
"3163",0.995156922481588,0.00484307751841205
"3164",0.997878502759801,0.00212149724019884
"3165",0.976418078628402,0.0235819213715977
"3166",0.996713240286339,0.00328675971366098
"3167",0.997620197147955,0.0023798028520455
"3168",0.99504741193991,0.00495258806008987
"3169",0.994273903750736,0.00572609624926384
"3170",0.994478323872809,0.00552167612719075
"3171",0.99700704351003,0.00299295648997019
"3172",0.99841012351744,0.00158987648256012
"3173",0.99800026933925,0.00199973066074955
"3174",0.996976954510993,0.00302304548900709
"3175",0.995293618712527,0.00470638128747299
"3176",0.00936996676636482,0.990630033233635
"3177",0.994804333156317,0.00519566684368344
"3178",0.987524530857958,0.0124754691420425
"3179",0.998046106807535,0.00195389319246476
"3180",0.998365533174976,0.00163446682502386
"3181",0.996688606350305,0.00331139364969549
"3182",0.994359827165271,0.00564017283472892
"3183",0.997728777946775,0.00227122205322464
"3184",0.00891935404271325,0.991080645957287
"3185",0.997278446344282,0.00272155365571816
"3186",0.0660706707858786,0.933929329214122
"3187",0.996902742528042,0.00309725747195809
"3188",0.995575362191563,0.00442463780843685
"3189",0.994821258871508,0.00517874112849241
"3190",0.962191847420848,0.0378081525791517
"3191",0.997716326527979,0.00228367347202109
"3192",0.998174647599343,0.00182535240065643
"3193",0.997326370086635,0.00267362991336496
"3194",0.998072565338884,0.00192743466111581
"3195",0.993678101119333,0.00632189888066685
"3196",0.99213666562898,0.00786333437101953
"3197",0.994429369103055,0.00557063089694539
"3198",0.998430843332086,0.00156915666791451
"3199",0.989648729267175,0.0103512707328246
"3200",0.998214580209193,0.00178541979080731
"3201",0.995458841766347,0.00454115823365262
"3202",0.950865890879846,0.0491341091201542
"3203",0.705560288251459,0.294439711748541
"3204",0.98812088412058,0.0118791158794204
"3205",0.997127927859762,0.00287207214023785
"3206",0.988836598889018,0.0111634011109826
"3207",0.998038799677518,0.0019612003224824
"3208",0.996025818589409,0.00397418141059145
"3209",0.997788445599488,0.00221155440051177
"3210",0.99446397372978,0.00553602627021971
"3211",0.998331754436349,0.00166824556365047
"3212",0.995165312232052,0.00483468776794794
"3213",0.993362886672816,0.00663711332718375
"3214",0.784827511256187,0.215172488743813
"3215",0.99186812595631,0.00813187404369
"3216",0.993712046306732,0.00628795369326829
"3217",0.994399744073531,0.00560025592646931
"3218",0.996704778589363,0.00329522141063699
"3219",0.996406585969223,0.00359341403077744
"3220",0.997657523630739,0.0023424763692607
"3221",0.83548645260919,0.16451354739081
"3222",0.994292670780316,0.00570732921968427
"3223",0.995882855280735,0.00411714471926535
"3224",0.99618386242901,0.00381613757098998
"3225",0.998327133157352,0.00167286684264856
"3226",0.995320151141564,0.00467984885843634
"3227",0.995154680256432,0.00484531974356768
"3228",0.996555218977336,0.00344478102266427
"3229",0.99570671341576,0.00429328658424003
"3230",0.996793704136625,0.00320629586337524
"3231",0.996543381211243,0.00345661878875718
"3232",0.995908435081834,0.0040915649181658
"3233",0.0716534118820109,0.928346588117989
"3234",0.996489280746324,0.00351071925367617
"3235",0.992542935683173,0.00745706431682717
"3236",0.991769220048427,0.00823077995157331
"3237",0.99661282366274,0.00338717633726013
"3238",0.997120186704799,0.00287981329520078
"3239",0.998154642045488,0.00184535795451182
"3240",0.998153087203728,0.00184691279627152
"3241",0.996543081711047,0.00345691828895328
"3242",0.998063831136257,0.00193616886374351
"3243",0.993959687814676,0.0060403121853237
"3244",0.964714310257636,0.0352856897423643
"3245",0.997033381853348,0.00296661814665214
"3246",0.789690065974277,0.210309934025723
"3247",0.92146609184985,0.0785339081501499
"3248",0.99833498420032,0.00166501579968045
"3249",0.936248551413456,0.0637514485865444
"3250",0.998302633552733,0.00169736644726685
"3251",0.994898984305342,0.00510101569465759
"3252",0.993249019562491,0.00675098043750903
"3253",0.989217823180527,0.0107821768194735
"3254",0.995355740671535,0.00464425932846511
"3255",0.996489640726586,0.0035103592734143
"3256",0.94902194134171,0.0509780586582899
"3257",0.995509156971702,0.00449084302829762
"3258",0.99347302850333,0.00652697149667038
"3259",0.994882476525216,0.00511752347478422
"3260",0.98605924538212,0.0139407546178804
"3261",0.979585131994769,0.0204148680052308
"3262",0.998393135415529,0.0016068645844708
"3263",0.993149837792894,0.00685016220710584
"3264",0.99502451230084,0.00497548769916023
"3265",0.998458973964521,0.00154102603547919
"3266",0.998328646519114,0.00167135348088598
"3267",0.998362937388784,0.00163706261121575
"3268",0.913428828149028,0.086571171850972
"3269",0.99308650511136,0.00691349488863994
"3270",0.99321815310833,0.00678184689166976
"3271",0.998206206564233,0.00179379343576717
"3272",0.996211539793852,0.00378846020614794
"3273",0.97188960200643,0.0281103979935702
"3274",0.995579560848554,0.00442043915144589
"3275",0.973743216268674,0.0262567837313258
"3276",0.995286442058174,0.00471355794182607
"3277",0.97972663875822,0.0202733612417802
"3278",0.911450002002987,0.0885499979970133
"3279",0.977708649776521,0.0222913502234792
"3280",0.943750610511511,0.0562493894884885
"3281",0.95647441001664,0.0435255899833597
"3282",0.994516129525039,0.00548387047496056
"3283",0.996116423139824,0.0038835768601759
"3284",0.996100118810034,0.00389988118996638
"3285",0.98801438977253,0.0119856102274706
"3286",0.983744786758173,0.0162552132418267
"3287",0.992432103014741,0.00756789698525857
"3288",0.996730176319823,0.00326982368017692
"3289",0.995530189826037,0.00446981017396258
"3290",0.912294485973037,0.0877055140269635
"3291",0.996025887783081,0.00397411221691879
"3292",0.978383141315003,0.0216168586849966
"3293",0.915230042680158,0.0847699573198424
"3294",0.996231355708482,0.00376864429151777
"3295",0.992636713944381,0.00736328605561913
"3296",0.994908456540875,0.00509154345912525
"3297",0.990300629886443,0.00969937011355684
"3298",0.997464847108583,0.00253515289141706
"3299",0.975465271697117,0.0245347283028829
"3300",0.82321858020497,0.17678141979503
"3301",0.994128918146226,0.00587108185377441
"3302",0.996509916004181,0.00349008399581874
"3303",0.99730620871992,0.00269379128008006
"3304",0.995713287197471,0.00428671280252846
"3305",0.996861134776698,0.00313886522330166
"3306",0.994526978713469,0.005473021286531
"3307",0.993040396341892,0.00695960365810774
"3308",0.998241364300831,0.00175863569916859
"3309",0.989338082704418,0.0106619172955817
"3310",0.996702402245874,0.00329759775412595
"3311",0.994302356866758,0.00569764313324237
"3312",0.977338179175399,0.0226618208246011
"3313",0.996429044931317,0.00357095506868319
"3314",0.960227334613052,0.0397726653869474
"3315",0.994996125788339,0.00500387421166059
"3316",0.998257304720244,0.00174269527975624
"3317",0.997681636281083,0.00231836371891731
"3318",0.988781064918838,0.0112189350811622
"3319",0.996385671610506,0.00361432838949449
"3320",0.995371687015919,0.00462831298408096
"3321",0.998065883342712,0.00193411665728796
"3322",0.997751700949592,0.00224829905040815
"3323",0.992175038430562,0.00782496156943835
"3324",0.969836576363209,0.0301634236367912
"3325",0.998449521611426,0.00155047838857422
"3326",0.986322752332255,0.0136772476677454
"3327",0.995677909182599,0.00432209081740096
"3328",0.997712139139833,0.00228786086016701
"3329",0.993847661355085,0.00615233864491546
"3330",0.00209337062316578,0.997906629376834
"3331",0.682999114769962,0.317000885230038
"3332",0.997277496587935,0.00272250341206508
"3333",0.997318721403929,0.00268127859607077
"3334",0.993677618804183,0.00632238119581667
"3335",0.549312943137804,0.450687056862196
"3336",0.998455772820025,0.00154422717997508
"3337",0.479721641515654,0.520278358484346
"3338",0.995184355422233,0.00481564457776699
"3339",0.989792098928669,0.0102079010713311
"3340",0.998427235228364,0.00157276477163583
"3341",0.00896123055953209,0.991038769440468
"3342",0.448825778766458,0.551174221233542
"3343",0.996458714429525,0.0035412855704746
"3344",0.998422946231849,0.00157705376815045
"3345",0.993626834433568,0.00637316556643208
"3346",0.997935721786228,0.0020642782137715
"3347",0.31653784505184,0.68346215494816
"3348",0.970464689612655,0.0295353103873451
"3349",0.983752443501857,0.0162475564981433
"3350",0.0021320027761994,0.997867997223801
"3351",0.996751062750876,0.00324893724912435
"3352",0.99767318450165,0.00232681549835012
"3353",0.997398890321763,0.00260110967823752
"3354",0.994271573307856,0.00572842669214391
"3355",0.989950828353284,0.0100491716467161
"3356",0.993067706770834,0.00693229322916621
"3357",0.996399600600461,0.00360039939953866
"3358",0.990011843073157,0.00998815692684312
"3359",0.997460754298655,0.00253924570134497
"3360",0.993100301352138,0.00689969864786249
"3361",0.994421085066243,0.00557891493375713
"3362",0.983311488299135,0.0166885117008653
"3363",0.991999543668682,0.00800045633131751
"3364",0.994434153374625,0.00556584662537513
"3365",0.950945979313274,0.0490540206867258
"3366",0.997813301691981,0.00218669830801863
"3367",0.983890126584491,0.0161098734155091
"3368",0.997473095231481,0.00252690476851869
"3369",0.993946207140056,0.00605379285994388
"3370",0.996417473534649,0.00358252646535087
"3371",0.997529734371461,0.00247026562853896
"3372",0.992774685312131,0.00722531468786903
"3373",0.994269693044395,0.00573030695560476
"3374",0.99154498644353,0.00845501355647021
"3375",0.991656176381987,0.00834382361801342
"3376",0.996742786378787,0.00325721362121352
"3377",0.807498525242444,0.192501474757556
"3378",0.994422478741395,0.00557752125860543
"3379",0.998391907817578,0.00160809218242241
"3380",0.957763766177302,0.0422362338226984
"3381",0.994692833566527,0.00530716643347319
"3382",0.991476717026368,0.00852328297363164
"3383",0.994936929256559,0.0050630707434408
"3384",0.986487145011288,0.0135128549887121
"3385",0.996609485452624,0.00339051454737641
"3386",0.991311182876752,0.00868881712324755
"3387",0.99296743951489,0.00703256048510991
"3388",0.993554177594451,0.00644582240554905
"3389",0.994079697345386,0.00592030265461371
"3390",0.995536298411684,0.00446370158831643
"3391",0.994426875513812,0.00557312448618825
"3392",0.997616945419692,0.00238305458030751
"3393",0.998267264085251,0.00173273591474867
"3394",0.992421292673352,0.00757870732664799
"3395",0.994075131906113,0.00592486809388706
"3396",0.998219757255751,0.00178024274424933
"3397",0.992424128987516,0.00757587101248385
"3398",0.994605806020127,0.00539419397987345
"3399",0.994886939154837,0.00511306084516292
"3400",0.995190585248805,0.00480941475119529
"3401",0.9911654317655,0.00883456823449998
"3402",0.997314405410551,0.00268559458944891
"3403",0.994970398713945,0.00502960128605544
"3404",0.990477224134667,0.00952277586533265
"3405",0.980573107189053,0.0194268928109467
"3406",0.997901285545951,0.00209871445404906
"3407",0.997776217257672,0.00222378274232793
"3408",0.992690194480656,0.00730980551934362
"3409",0.98090580239947,0.0190941976005301
"3410",0.998383631143576,0.00161636885642439
"3411",0.99392935233386,0.00607064766613979
"3412",0.982072155241347,0.0179278447586532
"3413",0.993381261756748,0.00661873824325154
"3414",0.995542936654428,0.00445706334557221
"3415",0.996562641767179,0.00343735823282124
"3416",0.997161993499447,0.00283800650055344
"3417",0.997284376070222,0.00271562392977761
"3418",0.997913270302225,0.00208672969777471
"3419",0.994854635536905,0.00514536446309553
"3420",0.996992776220016,0.00300722377998374
"3421",0.996765051464081,0.00323494853591901
"3422",0.995995595174492,0.00400440482550806
"3423",0.996151264366644,0.00384873563335543
"3424",0.99581688893077,0.00418311106923029
"3425",0.99362860060446,0.00637139939553956
"3426",0.998428341070277,0.00157165892972323
"3427",0.996515446301576,0.00348455369842431
"3428",0.996485200320389,0.00351479967961089
"3429",0.998046147187146,0.00195385281285374
"3430",0.995694995588355,0.00430500441164521
"3431",0.993300850525945,0.0066991494740552
"3432",0.995830658927441,0.00416934107255882
"3433",0.998144331752782,0.00185566824721809
"3434",0.996205943392147,0.00379405660785331
"3435",0.992350973401507,0.0076490265984927
"3436",0.998156614556163,0.00184338544383673
"3437",0.997022918038061,0.00297708196193907
"3438",0.995015315445935,0.00498468455406473
"3439",0.9974084397043,0.00259156029569971
"3440",0.997791453443082,0.00220854655691792
"3441",0.995478175689916,0.00452182431008363
"3442",0.992601717606366,0.00739828239363387
"3443",0.997369459148617,0.00263054085138332
"3444",0.998169896763451,0.00183010323654857
"3445",0.99607187905891,0.0039281209410897
"3446",0.997689313816738,0.00231068618326224
"3447",0.997223838367626,0.00277616163237435
"3448",0.557607253660086,0.442392746339913
"3449",0.994780622154171,0.00521937784582885
"3450",0.895542459358229,0.104457540641771
"3451",0.987355704612335,0.0126442953876649
"3452",0.99783592235126,0.00216407764873999
"3453",0.997233721418519,0.00276627858148148
"3454",0.998330208706224,0.00166979129377573
"3455",0.994067770689048,0.00593222931095172
"3456",0.996664239574446,0.00333576042555356
"3457",0.00144541224390449,0.998554587756096
"3458",0.357144644526558,0.642855355473442
"3459",0.997756700130871,0.0022432998691288
"3460",0.997816850739774,0.00218314926022553
"3461",0.992828614134627,0.00717138586537303
"3462",0.988085989673502,0.011914010326498
"3463",0.994403193573493,0.0055968064265069
"3464",0.998110852061295,0.00188914793870488
"3465",0.994323900828224,0.00567609917177623
"3466",0.995718151793859,0.00428184820614111
"3467",0.989051613571228,0.0109483864287723
"3468",0.998346955419347,0.00165304458065267
"3469",0.993095040908436,0.00690495909156361
"3470",0.995206714517773,0.0047932854822269
"3471",0.995862385196744,0.0041376148032563
"3472",0.997547089345967,0.00245291065403263
"3473",0.99607134643258,0.00392865356742019
"3474",0.997277599172907,0.00272240082709325
"3475",0.994962167001179,0.00503783299882115
"3476",0.998115848703135,0.0018841512968655
"3477",0.985677207768118,0.0143227922318823
"3478",0.997978117133294,0.0020218828667057
"3479",0.995466526549704,0.00453347345029596
"3480",0.993549141344621,0.00645085865537893
"3481",0.996265371158872,0.00373462884112852
"3482",0.994739243597648,0.00526075640235191
"3483",0.998090938902193,0.00190906109780654
"3484",0.992687203605816,0.007312796394184
"3485",0.985721979766802,0.0142780202331982
"3486",0.973846805423108,0.0261531945768921
"3487",0.959644193020383,0.0403558069796173
"3488",0.993083051427419,0.00691694857258063
"3489",0.969056890954498,0.0309431090455017
"3490",0.993477573901175,0.00652242609882494
"3491",0.985872268849452,0.0141277311505476
"3492",0.994083983486819,0.00591601651318084
"3493",0.995351686099451,0.00464831390054889
"3494",0.993353954976265,0.00664604502373447
"3495",0.990821870523175,0.00917812947682539
"3496",0.996745894876314,0.00325410512368597
"3497",0.991222021525726,0.00877797847427445
"3498",0.998433399693665,0.00156660030633528
"3499",0.00705228747145029,0.99294771252855
"3500",0.993296436025236,0.00670356397476416
"3501",0.977789745602568,0.0222102543974322
"3502",0.997685421136472,0.00231457886352788
"3503",0.998125531135424,0.00187446886457613
"3504",0.995790355098566,0.0042096449014343
"3505",0.997510748042465,0.00248925195753554
"3506",0.99639619684885,0.00360380315114962
"3507",0.997050330286034,0.00294966971396617
"3508",0.992868419999531,0.00713158000046893
"3509",0.993075856953244,0.00692414304675579
"3510",0.997865276517136,0.00213472348286373
"3511",0.984777575689983,0.0152224243100168
"3512",0.980106854847094,0.0198931451529058
"3513",0.994879141678627,0.00512085832137293
"3514",0.995008325496062,0.00499167450393844
"3515",0.99813124858493,0.00186875141506964
"3516",0.998215064573348,0.00178493542665233
"3517",0.992044546032882,0.00795545396711861
"3518",0.997105390710571,0.00289460928942909
"3519",0.994073297821771,0.00592670217822923
"3520",0.991579963289137,0.00842003671086301
"3521",0.996088521871887,0.0039114781281128
"3522",0.993563348591049,0.006436651408951
"3523",0.997656552231185,0.00234344776881455
"3524",0.997482725019754,0.00251727498024634
"3525",0.9976487766955,0.00235122330449972
"3526",0.97087021890915,0.02912978109085
"3527",0.9953186454403,0.00468135455970026
"3528",0.99755155990832,0.00244844009167951
"3529",0.989152436841716,0.0108475631582835
"3530",0.962826326313579,0.0371736736864212
"3531",0.979221211056486,0.0207787889435143
"3532",0.997945808427127,0.00205419157287341
"3533",0.998398484496942,0.00160151550305757
"3534",0.994892556397102,0.00510744360289858
"3535",0.990052411518432,0.00994758848156839
"3536",0.993407026111741,0.00659297388825856
"3537",0.994730800666212,0.00526919933378797
"3538",0.996402912471749,0.00359708752825101
"3539",0.998299209014858,0.0017007909851416
"3540",0.997827721677031,0.00217227832296941
"3541",0.9947830078721,0.0052169921278998
"3542",0.996718414713392,0.00328158528660845
"3543",0.996126768289575,0.00387323171042535
"3544",0.998321973399578,0.00167802660042161
"3545",0.995113440433619,0.00488655956638148
"3546",0.0196553982262989,0.980344601773701
"3547",0.910037127393529,0.0899628726064708
"3548",0.994008167696145,0.00599183230385464
"3549",0.99542656728872,0.00457343271127979
"3550",0.997814123444492,0.00218587655550777
"3551",0.997961932954276,0.00203806704572418
"3552",0.994978927782058,0.00502107221794244
"3553",0.997825743526321,0.00217425647367923
"3554",0.99673904044858,0.00326095955142002
"3555",0.99583719740207,0.0041628025979301
"3556",0.998057868792551,0.00194213120744931
"3557",0.995995689698066,0.00400431030193373
"3558",0.991798539108179,0.00820146089182127
"3559",0.995556941459563,0.00444305854043757
"3560",0.994633805790629,0.00536619420937144
"3561",0.995898768496673,0.00410123150332711
"3562",0.998123991076074,0.0018760089239263
"3563",0.998229317452079,0.00177068254792084
"3564",0.997613605194677,0.00238639480532266
"3565",0.985059754565664,0.0149402454343356
"3566",0.991813958149952,0.00818604185004763
"3567",0.995414787598032,0.00458521240196783
"3568",0.992615789249357,0.00738421075064249
"3569",0.996631136995822,0.00336886300417842
"3570",0.99493078429787,0.00506921570213033
"3571",0.997657183446336,0.00234281655366362
"3572",0.998276380654972,0.0017236193450278
"3573",0.00191198233110433,0.998088017668896
"3574",0.989829021003526,0.0101709789964737
"3575",0.998218964443628,0.00178103555637206
"3576",0.99350042142774,0.00649957857226053
"3577",0.997575645336861,0.00242435466313899
"3578",0.973965163039946,0.0260348369600542
"3579",0.989057870191,0.0109421298090005
"3580",0.995356630416646,0.00464336958335391
"3581",0.888691074236351,0.111308925763649
"3582",0.998230336366348,0.00176966363365207
"3583",0.966488023210044,0.0335119767899556
"3584",0.993289211102607,0.00671078889739331
"3585",0.988596741056616,0.0114032589433839
"3586",0.482661634987295,0.517338365012705
"3587",0.984998453486221,0.0150015465137789
"3588",0.99565808053886,0.00434191946114018
"3589",0.994557778201606,0.00544222179839366
"3590",0.632260815124357,0.367739184875643
"3591",0.984164132036651,0.0158358679633485
"3592",0.997315420505857,0.00268457949414248
"3593",0.993683504997552,0.00631649500244805
"3594",0.985041975161269,0.0149580248387307
"3595",0.997956731491017,0.00204326850898276
"3596",0.997278293364167,0.00272170663583265
"3597",0.994839366007057,0.00516063399294268
"3598",0.987717673021601,0.0122823269783992
"3599",0.995646316590091,0.00435368340990854
"3600",0.993234727838531,0.00676527216146869
"3601",0.992817272126994,0.00718272787300567
"3602",0.997760306611519,0.00223969338848094
"3603",0.996893876406191,0.00310612359380921
"3604",0.997791264689561,0.00220873531043923
"3605",0.994917251151994,0.00508274884800627
"3606",0.977484608287672,0.0225153917123284
"3607",0.997780717107354,0.0022192828926456
"3608",0.997428350398208,0.00257164960179164
"3609",0.997830401451353,0.00216959854864741
"3610",0.998369565576206,0.00163043442379366
"3611",0.97889472108843,0.0211052789115703
"3612",0.998108264640913,0.0018917353590869
"3613",0.99691234105287,0.0030876589471305
"3614",0.98961176507113,0.01038823492887
"3615",0.978773539718147,0.0212264602818534
"3616",0.00467767006908523,0.995322329930915
"3617",0.992162625427753,0.007837374572247
"3618",0.988982041166513,0.011017958833487
"3619",0.99773692291563,0.00226307708436956
"3620",0.997663235886948,0.00233676411305143
"3621",0.00912670145554176,0.990873298544458
"3622",0.996782509554584,0.00321749044541596
"3623",0.976923832780582,0.023076167219418
"3624",0.994086162902785,0.0059138370972148
"3625",0.965715560058739,0.0342844399412612
"3626",0.491667416301371,0.508332583698629
"3627",0.997127065716468,0.00287293428353201
"3628",0.995323941913191,0.00467605808680898
"3629",0.995175232845513,0.00482476715448749
"3630",0.994335094599038,0.00566490540096207
"3631",0.998250109632836,0.0017498903671637
"3632",0.994896700439988,0.00510329956001169
"3633",0.997910389720348,0.00208961027965164
"3634",0.990010064636522,0.00998993536347833
"3635",0.998357727324138,0.00164227267586185
"3636",0.964769544347167,0.0352304556528328
"3637",0.998287199749897,0.00171280025010256
"3638",0.997298243198329,0.00270175680167065
"3639",0.995990499766916,0.00400950023308377
"3640",0.99669490709657,0.00330509290342968
"3641",0.997008188873268,0.0029918111267315
"3642",0.994923253772505,0.00507674622749478
"3643",0.998320028968675,0.00167997103132512
"3644",0.997549323808875,0.00245067619112536
"3645",0.997154790607539,0.00284520939246082
"3646",0.998121459147681,0.00187854085231925
"3647",0.997367941658618,0.00263205834138231
"3648",0.998066189509405,0.00193381049059517
"3649",0.995206579084458,0.0047934209155424
"3650",0.986134714788859,0.0138652852111407
"3651",0.997762144851401,0.00223785514859865
"3652",0.995208738984153,0.00479126101584673
"3653",0.997669986687724,0.00233001331227636
"3654",0.924965248711745,0.0750347512882554
"3655",0.994719165320004,0.00528083467999615
"3656",0.996633343007267,0.00336665699273306
"3657",0.998067216024642,0.00193278397535768
"3658",0.996041042325709,0.00395895767429131
"3659",0.992745192085017,0.00725480791498304
"3660",0.995309529577638,0.00469047042236256
"3661",0.994384076942556,0.00561592305744415
"3662",0.995948794827408,0.00405120517259171
"3663",0.998188480043887,0.00181151995611287
"3664",0.99525246610719,0.00474753389280954
"3665",0.98540261148663,0.0145973885133699
"3666",0.997995553755756,0.00200444624424435
"3667",0.99546542099473,0.00453457900527026
"3668",0.995296783331717,0.00470321666828332
"3669",0.998162977630331,0.00183702236966957
"3670",0.996751232398486,0.00324876760151375
"3671",0.995040345030042,0.00495965496995762
"3672",0.997908479570403,0.00209152042959687
"3673",0.928264409529777,0.0717355904702228
"3674",0.99556443303037,0.00443556696963035
"3675",0.905683057332265,0.0943169426677354
"3676",0.997732454992061,0.0022675450079386
"3677",0.990730118241041,0.00926988175895914
"3678",0.99671454180846,0.0032854581915401
"3679",0.996454318461332,0.00354568153866799
"3680",0.962395860405676,0.0376041395943239
"3681",0.994996025562419,0.00500397443758097
"3682",0.995674879604842,0.00432512039515829
"3683",0.99785429910212,0.00214570089788034
"3684",0.98540075221062,0.0145992477893804
"3685",0.998308149219281,0.00169185078071908
"3686",0.998119642185677,0.00188035781432245
"3687",0.993464298771876,0.00653570122812375
"3688",0.992225676645433,0.00777432335456657
"3689",0.993750745389132,0.00624925461086769
"3690",0.957766562432118,0.042233437567882
"3691",0.970649764993899,0.0293502350061007
"3692",0.998429699272866,0.00157030072713359
"3693",0.998124322849357,0.00187567715064282
"3694",0.997516927295845,0.00248307270415542
"3695",0.99424182031187,0.00575817968812954
"3696",0.996342267082614,0.00365773291738593
"3697",0.998015375002147,0.00198462499785295
"3698",0.997426421809998,0.00257357819000187
"3699",0.994624073013927,0.00537592698607323
"3700",0.997201832110115,0.00279816788988461
"3701",0.997410834415261,0.00258916558473866
"3702",0.996072225535988,0.00392777446401224
"3703",0.997991987388621,0.00200801261137866
"3704",0.894735987475284,0.105264012524716
"3705",0.980135846574371,0.0198641534256289
"3706",0.997942464219944,0.00205753578005616
"3707",0.942909766733047,0.0570902332669534
"3708",0.996765964450895,0.00323403554910516
"3709",0.936676220883547,0.0633237791164528
"3710",0.998101865263606,0.00189813473639383
"3711",0.952015335750018,0.0479846642499826
"3712",0.986412470222222,0.0135875297777777
"3713",0.984440553308938,0.0155594466910624
"3714",0.897889684907609,0.102110315092391
"3715",0.0568121577820288,0.943187842217971
"3716",0.998222116741197,0.00177788325880329
"3717",0.994157817032089,0.00584218296791118
"3718",0.95567488286235,0.0443251171376498
"3719",0.996963652316142,0.00303634768385809
"3720",0.99251056043475,0.00748943956525033
"3721",0.996857840673201,0.00314215932679842
"3722",0.996214561281053,0.00378543871894692
"3723",0.990286865416246,0.00971313458375435
"3724",0.997445881224079,0.0025541187759208
"3725",0.992425068958193,0.00757493104180701
"3726",0.99747010302219,0.00252989697781004
"3727",0.996743135958796,0.00325686404120431
"3728",0.997459280978607,0.0025407190213931
"3729",0.386382182241101,0.613617817758899
"3730",0.997326516192604,0.00267348380739603
"3731",0.986768457397129,0.0132315426028709
"3732",0.99580073288609,0.00419926711391021
"3733",0.995075889373542,0.00492411062645765
"3734",0.997731213853512,0.00226878614648774
"3735",0.995585883612328,0.0044141163876716
"3736",0.988196949860054,0.0118030501399461
"3737",0.950387492159389,0.0496125078406109
"3738",0.997194977137641,0.00280502286235938
"3739",0.996752966311625,0.003247033688375
"3740",0.991857601663047,0.00814239833695308
"3741",0.991920013801787,0.00807998619821331
"3742",0.988672562102361,0.0113274378976393
"3743",0.995577876768757,0.00442212323124274
"3744",0.994652564290098,0.00534743570990151
"3745",0.995854536361574,0.00414546363842573
"3746",0.986204613916943,0.013795386083057
"3747",0.997302911315994,0.00269708868400578
"3748",0.99069092480958,0.00930907519042007
"3749",0.994824321606036,0.00517567839396428
"3750",0.993997187344488,0.00600281265551199
"3751",0.996871428693911,0.00312857130608945
"3752",0.995327425835726,0.00467257416427409
"3753",0.993090772577738,0.00690922742226225
"3754",0.995424421866203,0.00457557813379677
"3755",0.997843922329832,0.00215607767016747
"3756",0.369840232472994,0.630159767527006
"3757",0.9950941743142,0.00490582568580019
"3758",0.997511575702272,0.00248842429772806
"3759",0.996727898293478,0.00327210170652169
"3760",0.993548552668089,0.00645144733191068
"3761",0.992980638371449,0.00701936162855052
"3762",0.998001422692217,0.00199857730778335
"3763",0.997440729300177,0.00255927069982293
"3764",0.998039465160472,0.00196053483952777
"3765",0.996613927257032,0.00338607274296846
"3766",0.997021829290685,0.002978170709315
"3767",0.981714558795602,0.0182854412043979
"3768",0.997542366064373,0.00245763393562708
"3769",0.990635808824696,0.00936419117530369
"3770",0.991147831122286,0.00885216887771379
"3771",0.996538988077848,0.00346101192215176
"3772",0.995291238585309,0.00470876141469083
"3773",0.995781030675041,0.00421896932495889
"3774",0.995575794639328,0.00442420536067224
"3775",0.995974974392555,0.00402502560744536
"3776",0.997646076762991,0.00235392323700878
"3777",0.996127881513135,0.00387211848686503
"3778",0.996220078203104,0.00377992179689591
"3779",0.995978565594648,0.00402143440535167
"3780",0.99583678849658,0.00416321150342026
"3781",0.990516744107074,0.00948325589292611
"3782",0.99828247613273,0.00171752386726964
"3783",0.997902567894498,0.00209743210550239
"3784",0.997441591776341,0.00255840822365933
"3785",0.994881050553145,0.00511894944685506
"3786",0.991973488099107,0.00802651190089319
"3787",0.996005490967122,0.00399450903287842
"3788",0.993422047626407,0.00657795237359265
"3789",0.995416838573089,0.00458316142691126
"3790",0.997693885168672,0.00230611483132802
"3791",0.992297722509272,0.00770227749072841
"3792",0.998061995902283,0.00193800409771719
"3793",0.996204229129483,0.00379577087051661
"3794",0.994717637347966,0.00528236265203351
"3795",0.993164634669037,0.00683536533096316
"3796",0.990499254636683,0.0095007453633173
"3797",0.94503455928691,0.0549654407130903
"3798",0.00233489905551036,0.99766510094449
"3799",0.942926071067206,0.0570739289327944
"3800",0.989072549569747,0.0109274504302528
"3801",0.99532749363595,0.00467250636405019
"3802",0.995413387543318,0.00458661245668218
"3803",0.99718678940648,0.00281321059352012
"3804",0.998292619122794,0.00170738087720624
"3805",0.994410055457324,0.00558994454267574
"3806",0.996061588340839,0.0039384116591606
"3807",0.992387196302445,0.00761280369755549
"3808",0.976861337706419,0.0231386622935812
"3809",0.995832557467515,0.00416744253248476
"3810",0.997351395353386,0.00264860464661361
"3811",0.994483133833417,0.00551686616658293
"3812",0.972429625349004,0.0275703746509964
"3813",0.983332176893699,0.0166678231063012
"3814",0.995740926079794,0.00425907392020626
"3815",0.989179532394424,0.0108204676055758
"3816",0.965897491480285,0.0341025085197154
"3817",0.995563559573827,0.00443644042617328
"3818",0.997118502785263,0.00288149721473662
"3819",0.995115271936134,0.00488472806386639
"3820",0.994763020033062,0.00523697996693784
"3821",0.994382249852271,0.00561775014772938
"3822",0.995872345534441,0.00412765446555882
"3823",0.99752868431161,0.00247131568838968
"3824",0.99704990914283,0.00295009085717026
"3825",0.998416202710694,0.00158379728930579
"3826",0.997797736703237,0.00220226329676264
"3827",0.996281765017008,0.00371823498299221
"3828",0.994964432853615,0.00503556714638465
"3829",0.996441733181686,0.00355826681831435
"3830",0.997111882015868,0.00288811798413218
"3831",0.997536967112731,0.00246303288726939
"3832",0.996657982987603,0.00334201701239749
"3833",0.994985005064836,0.00501499493516347
"3834",0.995276927316243,0.00472307268375713
"3835",0.99136769659965,0.00863230340035003
"3836",0.99607471537089,0.00392528462910955
"3837",0.995096097771472,0.00490390222852768
"3838",0.993748274470011,0.00625172552998891
"3839",0.998131392998335,0.0018686070016647
"3840",0.997841238939274,0.00215876106072592
"3841",0.997420005994114,0.00257999400588579
"3842",0.994965198784117,0.005034801215883
"3843",0.996504555829815,0.00349544417018543
"3844",0.998172572383855,0.00182742761614444
"3845",0.990587938189287,0.00941206181071256
"3846",0.995242310861282,0.00475768913871788
"3847",0.99577644620091,0.00422355379908944
"3848",0.997708800126005,0.00229119987399442
"3849",0.99422108151046,0.00577891848954042
"3850",0.995908462355264,0.00409153764473649
"3851",0.998052225245254,0.0019477747547461
"3852",0.994187531209406,0.00581246879059365
"3853",0.967955435169217,0.0320445648307833
"3854",0.99620987372663,0.00379012627337056
"3855",0.995852125883551,0.00414787411644915
"3856",0.992231018145176,0.00776898185482372
"3857",0.996896972786451,0.00310302721354948
"3858",0.995281528887886,0.00471847111211412
"3859",0.991682870551995,0.00831712944800453
"3860",0.995202342914227,0.0047976570857728
"3861",0.99800628303154,0.0019937169684604
"3862",0.996329571729042,0.0036704282709581
"3863",0.997141162217227,0.00285883778277273
"3864",0.996648384452475,0.00335161554752444
"3865",0.996820830082569,0.00317916991743112
"3866",0.992062913267459,0.00793708673254118
"3867",0.997239784047785,0.00276021595221489
"3868",0.967735261407053,0.0322647385929475
"3869",0.986042918474555,0.0139570815254454
"3870",0.978456017093181,0.0215439829068193
"3871",0.995456474974775,0.00454352502522479
"3872",0.996242245678681,0.00375775432131912
"3873",0.9931180973005,0.00688190269950025
"3874",0.98205546359321,0.0179445364067895
"3875",0.997932590953268,0.00206740904673178
"3876",0.99546463500938,0.00453536499061979
"3877",0.993925752443274,0.00607424755672628
"3878",0.993709567800004,0.00629043219999636
"3879",0.991899319377322,0.00810068062267773
"3880",0.996943560370427,0.00305643962957338
"3881",0.998167559456226,0.00183244054377419
"3882",0.997046164473904,0.00295383552609615
"3883",0.997455928654147,0.00254407134585321
"3884",0.991435451600667,0.00856454839933252
"3885",0.993670025338171,0.00632997466182858
"3886",0.998358199878443,0.00164180012155682
"3887",0.996520775403108,0.00347922459689201
"3888",0.99084032351798,0.00915967648202006
"3889",0.784039748217971,0.215960251782029
"3890",0.996278030068134,0.00372196993186573
"3891",0.996652498177471,0.00334750182252876
"3892",0.988866110049654,0.0111338899503464
"3893",0.997533855457934,0.00246614454206636
"3894",0.88602804732707,0.11397195267293
"3895",0.991764965017831,0.00823503498216894
"3896",0.994661333273982,0.00533866672601746
"3897",0.9604717615898,0.0395282384102001
"3898",0.997192117345556,0.00280788265444353
"3899",0.97863210456913,0.0213678954308698
"3900",0.997879707233017,0.00212029276698298
"3901",0.99829403170007,0.00170596829992982
"3902",0.997605540146237,0.00239445985376343
"3903",0.985936508473022,0.014063491526978
"3904",0.997046822221013,0.00295317777898691
"3905",0.983643705758904,0.0163562942410957
"3906",0.997532772867148,0.0024672271328522
"3907",0.995641654976559,0.00435834502344126
"3908",0.993410913195518,0.00658908680448234
"3909",0.988494175816829,0.0115058241831711
"3910",0.997023894362595,0.00297610563740492
"3911",0.995086770531783,0.00491322946821679
"3912",0.997684041174445,0.00231595882555486
"3913",0.995431691017471,0.00456830898252889
"3914",0.998086459665578,0.00191354033442227
"3915",0.98875895566779,0.01124104433221
"3916",0.998424648792493,0.00157535120750691
"3917",0.998268445779206,0.00173155422079414
"3918",0.997739985775873,0.00226001422412731
"3919",0.998065155246399,0.00193484475360094
"3920",0.997815596331753,0.0021844036682469
"3921",0.998392729900566,0.00160727009943393
"3922",0.990632849956538,0.00936715004346192
"3923",0.995589337336289,0.00441066266371118
"3924",0.99603501706408,0.0039649829359197
"3925",0.707538263690638,0.292461736309362
"3926",0.988355258251852,0.0116447417481482
"3927",0.989564678221108,0.0104353217788919
"3928",0.996296465015369,0.00370353498463047
"3929",0.9895802651535,0.0104197348464996
"3930",0.998012895455844,0.00198710454415604
"3931",0.996509967761419,0.00349003223858136
"3932",0.997683103419026,0.00231689658097435
"3933",0.996835641177931,0.00316435882206857
"3934",0.995767081679447,0.00423291832055285
"3935",0.997691958906901,0.00230804109309929
"3936",0.993582770157271,0.00641722984272875
"3937",0.997291201899572,0.00270879810042821
"3938",0.99455071369578,0.00544928630421989
"3939",0.995157050199641,0.004842949800359
"3940",0.991826897761524,0.00817310223847574
"3941",0.00810538562700343,0.991894614372997
"3942",0.997269814331801,0.00273018566819922
"3943",0.996756354499487,0.00324364550051285
"3944",0.997017370931534,0.00298262906846588
"3945",0.993360454911284,0.00663954508871636
"3946",0.782549735527825,0.217450264472175
"3947",0.993543995329362,0.00645600467063748
"3948",0.99690858693001,0.0030914130699898
"3949",0.99808092009415,0.00191907990584996
"3950",0.00696973084270672,0.993030269157293
"3951",0.995905174015389,0.00409482598461085
"3952",0.998038123884041,0.00196187611595927
"3953",0.994267325485604,0.00573267451439585
"3954",0.990539314705502,0.00946068529449829
"3955",0.996791757404169,0.00320824259583092
"3956",0.983584378645194,0.0164156213548056
"3957",0.995239339294445,0.00476066070555535
"3958",0.982314561199424,0.0176854388005761
"3959",0.995440260665869,0.00455973933413075
"3960",0.995793628063236,0.00420637193676396
"3961",0.998010112455935,0.00198988754406555
"3962",0.997995032897811,0.00200496710218848
"3963",0.997461287074998,0.00253871292500157
"3964",0.998039118263109,0.00196088173689117
"3965",0.992317995766939,0.00768200423306074
"3966",0.98376367784577,0.0162363221542297
"3967",0.992717109644879,0.00728289035512082
"3968",0.996757093817918,0.00324290618208245
"3969",0.839384617210063,0.160615382789937
"3970",0.0341158031522323,0.965884196847768
"3971",0.992858557399638,0.00714144260036167
"3972",0.993272798666087,0.00672720133391289
"3973",0.990892954129048,0.00910704587095219
"3974",0.983265597464198,0.0167344025358019
"3975",0.848058771619421,0.151941228380579
"3976",0.997797340449752,0.00220265955024747
"3977",0.996070750204322,0.00392924979567818
"3978",0.952543212870172,0.0474567871298279
"3979",0.998350842269715,0.00164915773028477
"3980",0.994071196601074,0.00592880339892633
"3981",0.97985919874087,0.0201408012591298
"3982",0.00370919529879258,0.996290804701207
"3983",0.997934258609278,0.00206574139072241
"3984",0.993665683585953,0.00633431641404716
"3985",0.997922763971265,0.0020772360287347
"3986",0.99389450970795,0.00610549029205041
"3987",0.99160862629736,0.00839137370263985
"3988",0.0123845706826898,0.98761542931731
"3989",0.997391477212771,0.0026085227872292
"3990",0.99579948889121,0.00420051110879046
"3991",0.935227285590273,0.0647727144097275
"3992",0.000630524210245827,0.999369475789754
"3993",0.998438694198828,0.00156130580117207
"3994",0.997996276875546,0.00200372312445352
"3995",0.988157651015703,0.0118423489842968
"3996",0.996810097970239,0.00318990202976061
"3997",0.993167892092495,0.00683210790750533
"3998",0.996851957305315,0.00314804269468498
"3999",0.996748134740946,0.00325186525905355
"4000",0.998387446222747,0.00161255377725271
"4001",0.998318325162784,0.00168167483721583
"4002",0.96882295007726,0.0311770499227396
"4003",0.997031240823355,0.0029687591766446
"4004",0.997315821119782,0.00268417888021846
"4005",0.984726024228198,0.0152739757718017
"4006",0.995870393985052,0.00412960601494819
"4007",0.984062019760474,0.0159379802395263
"4008",0.989544132245283,0.0104558677547167
"4009",0.98710124216733,0.0128987578326704
"4010",0.993631134173535,0.00636886582646464
"4011",0.972365788248498,0.0276342117515025
"4012",0.994551831784766,0.005448168215234
"4013",0.993649380359311,0.00635061964068864
"4014",0.829238884311934,0.170761115688066
"4015",0.994888295124608,0.00511170487539205
"4016",0.950106397538621,0.0498936024613794
"4017",0.995585794296566,0.00441420570343421
"4018",0.992710139556244,0.00728986044375576
"4019",0.989693036045102,0.0103069639548978
"4020",0.995792075001289,0.00420792499871134
"4021",0.993426504121616,0.00657349587838363
"4022",0.990974141629392,0.00902585837060751
"4023",0.995375779078573,0.00462422092142726
"4024",0.997648556176903,0.00235144382309706
"4025",0.997994133640916,0.00200586635908379
"4026",0.992997233709037,0.00700276629096298
"4027",0.993874163580028,0.00612583641997163
"4028",0.949880038314867,0.0501199616851333
"4029",0.992829771640495,0.00717022835950529
"4030",0.996255077188213,0.00374492281178746
"4031",0.900007313264236,0.0999926867357643
"4032",0.997420592938148,0.00257940706185141
"4033",0.995134985684837,0.00486501431516345
"4034",0.997728854367385,0.0022711456326153
"4035",0.998152406007055,0.00184759399294516
"4036",0.995596132617951,0.00440386738204924
"4037",0.995360428764212,0.00463957123578823
"4038",0.996936996824956,0.00306300317504427
"4039",0.998060568086316,0.00193943191368364
"4040",0.997759370728742,0.00224062927125796
"4041",0.998039665534816,0.00196033446518415
"4042",0.996776694681205,0.00322330531879462
"4043",0.997968362924312,0.00203163707568776
"4044",0.997962149937706,0.00203785006229358
"4045",0.993769565378321,0.00623043462167911
"4046",0.994581702286544,0.00541829771345608
"4047",0.992115163392204,0.00788483660779658
"4048",0.993810264764022,0.00618973523597764
"4049",0.879157155291558,0.120842844708442
"4050",0.993984333035229,0.00601566696477072
"4051",0.997420361041075,0.00257963895892547
"4052",0.996878264580238,0.00312173541976231
"4053",0.985865426489111,0.0141345735108894
"4054",0.997659969012256,0.00234003098774418
"4055",0.995149139273868,0.0048508607261316
"4056",0.997391107731014,0.00260889226898642
"4057",0.98578664743611,0.0142133525638901
"4058",0.990425345224198,0.00957465477580209
"4059",0.99586238422254,0.00413761577746043
"4060",0.997857748907142,0.00214225109285774
"4061",0.987844966304976,0.0121550336950238
"4062",0.997962014207529,0.00203798579247094
"4063",0.97237402330949,0.0276259766905096
"4064",0.991776635218043,0.00822336478195721
"4065",0.993866387434794,0.00613361256520564
"4066",0.995727574612356,0.00427242538764383
"4067",0.992872296259852,0.00712770374014818
"4068",0.993564500970068,0.00643549902993245
"4069",0.994433523921454,0.00556647607854557
"4070",0.997865497224332,0.00213450277566821
"4071",0.99321807487563,0.0067819251243697
"4072",0.9968101787646,0.00318982123539969
"4073",0.993309267224622,0.00669073277537841
"4074",0.998373199403283,0.00162680059671674
"4075",0.994815288742616,0.00518471125738394
"4076",0.996243517291142,0.00375648270885743
"4077",0.998375964127041,0.00162403587295888
"4078",0.997881649405873,0.00211835059412664
"4079",0.997729837624169,0.00227016237583112
"4080",0.994167811666313,0.00583218833368658
"4081",0.996238544120178,0.00376145587982217
"4082",0.995236847195771,0.0047631528042292
"4083",0.992339301597194,0.00766069840280598
"4084",0.995325921874106,0.00467407812589419
"4085",0.97974357997386,0.0202564200261404
"4086",0.998259539214411,0.00174046078558867
"4087",0.996693807437212,0.00330619256278832
"4088",0.99717007119283,0.00282992880717037
"4089",0.997869849977645,0.00213015002235496
"4090",0.995623461467772,0.00437653853222744
"4091",0.973226469918766,0.0267735300812341
"4092",0.987140755431906,0.0128592445680936
"4093",0.995339286025156,0.00466071397484429
"4094",0.995139850683028,0.00486014931697152
"4095",0.986876086767973,0.0131239132320271
"4096",0.994604670767424,0.00539532923257644
"4097",0.996836365735123,0.00316363426487676
"4098",0.997607683854967,0.00239231614503345
"4099",0.99819008270118,0.00180991729881992
"4100",0.995127339800419,0.00487266019958103
"4101",0.997942301981969,0.00205769801803096
"4102",0.998094242180735,0.00190575781926512
"4103",0.998204746158966,0.00179525384103375
"4104",0.00946259954339471,0.990537400456605
"4105",0.998364949328094,0.00163505067190612
"4106",0.99292741949393,0.00707258050606985
"4107",0.994626425621822,0.00537357437817853
"4108",0.988118345368949,0.0118816546310511
"4109",0.998225340107288,0.00177465989271196
"4110",0.997936848516146,0.00206315148385403
"4111",0.991429040778682,0.00857095922131802
"4112",0.994234379414006,0.00576562058599353
"4113",0.996952312585039,0.00304768741496064
"4114",0.995510594737689,0.00448940526231086
"4115",0.997454723077232,0.00254527692276835
"4116",0.941135402150081,0.0588645978499192
"4117",0.994933035166957,0.00506696483304335
"4118",0.998361096172512,0.00163890382748808
"4119",0.995280828078479,0.00471917192152096
"4120",0.996405493480897,0.00359450651910254
"4121",0.983094371371133,0.0169056286288672
"4122",0.970027786239252,0.0299722137607477
"4123",0.993705987738494,0.00629401226150609
"4124",0.996703922956596,0.00329607704340358
"4125",0.998302445042537,0.00169755495746304
"4126",0.997600506627023,0.00239949337297735
"4127",0.997855243656268,0.00214475634373199
"4128",0.997522868749474,0.00247713125052583
"4129",0.997917987265245,0.002082012734755
"4130",0.310997920760404,0.689002079239596
"4131",0.995738133999296,0.00426186600070401
"4132",0.99810394288299,0.00189605711701035
"4133",0.996530906751014,0.00346909324898608
"4134",0.996478517089458,0.00352148291054181
"4135",0.992960591485231,0.00703940851476871
"4136",0.996050134635538,0.00394986536446236
"4137",0.995083870115699,0.00491612988430052
"4138",0.994811780737308,0.00518821926269216
"4139",0.0105214176303084,0.989478582369692
"4140",0.998162326099891,0.00183767390010876
"4141",0.995800479068846,0.00419952093115409
"4142",0.996329446168645,0.0036705538313549
"4143",0.895399220492641,0.104600779507359
"4144",0.993710312962361,0.00628968703763943
"4145",0.995565062734227,0.00443493726577302
"4146",0.997875045154565,0.00212495484543551
"4147",0.998200473177161,0.00179952682283925
"4148",0.998130213051352,0.00186978694864801
"4149",0.995355168775248,0.00464483122475233
"4150",0.994696757176848,0.00530324282315218
"4151",0.997407654998032,0.00259234500196839
"4152",0.887315341544439,0.112684658455561
"4153",0.960657287293744,0.039342712706256
"4154",0.94703383807645,0.0529661619235502
"4155",0.99571886624456,0.00428113375544034
"4156",0.993225556959949,0.00677444304005124
"4157",0.995055122895003,0.00494487710499698
"4158",0.997732440307906,0.00226755969209401
"4159",0.990453402633308,0.00954659736669188
"4160",0.997404676008159,0.00259532399184115
"4161",0.99537372693174,0.00462627306826011
"4162",0.995785352293558,0.00421464770644182
"4163",0.994976697655844,0.00502330234415641
"4164",0.997110576107657,0.00288942389234298
"4165",0.995097938510861,0.00490206148913873
"4166",0.997380788299083,0.00261921170091668
"4167",0.997877473337009,0.00212252666299098
"4168",0.99681880218595,0.00318119781405026
"4169",0.988798399022011,0.0112016009779891
"4170",0.99829842200161,0.0017015779983894
"4171",0.986431840064979,0.013568159935021
"4172",0.995968225137302,0.00403177486269794
"4173",0.995538006725178,0.00446199327482202
"4174",0.996376996925404,0.00362300307459615
"4175",0.995140780883725,0.00485921911627468
"4176",0.998052299342484,0.00194770065751564
"4177",0.997911265873616,0.0020887341263837
"4178",0.992832117829811,0.00716788217018893
"4179",0.987353183260674,0.0126468167393262
"4180",0.998174562272632,0.00182543772736799
"4181",0.970792016767023,0.0292079832329766
"4182",0.994907628776958,0.00509237122304173
"4183",0.998078566442635,0.0019214335573652
"4184",0.451370807632272,0.548629192367728
"4185",0.992992523824932,0.00700747617506776
"4186",0.997856337550227,0.00214366244977252
"4187",0.99537632393206,0.00462367606794044
"4188",0.994046060761471,0.00595393923852931
"4189",0.99129623155251,0.00870376844749006
"4190",0.996743206351572,0.00325679364842851
"4191",0.991454336923039,0.00854566307696085
"4192",0.995696642516913,0.0043033574830865
"4193",0.994149218541042,0.00585078145895846
"4194",0.997745485891732,0.00225451410826811
"4195",0.996068924074485,0.00393107592551535
"4196",0.997580135777051,0.0024198642229488
"4197",0.01002159040015,0.98997840959985
"4198",0.887354622716237,0.112645377283763
"4199",0.997096171084104,0.00290382891589592
"4200",0.998386146478024,0.00161385352197597
"4201",0.994519711947781,0.00548028805221865
"4202",0.970093508414119,0.0299064915858808
"4203",0.988471157887554,0.0115288421124457
"4204",0.984722065171829,0.0152779348281715
"4205",0.991132268344708,0.00886773165529225
"4206",0.997937493024362,0.00206250697563786
"4207",0.994197235476767,0.00580276452323338
"4208",0.99816210004871,0.00183789995128982
"4209",0.997424915473923,0.00257508452607674
"4210",0.975106153207024,0.0248938467929756
"4211",0.996449211965352,0.00355078803464834
"4212",0.997488411331156,0.00251158866884389
"4213",0.998191461169027,0.00180853883097305
"4214",0.997939338929708,0.00206066107029231
"4215",0.989653531818283,0.0103464681817168
"4216",0.995348758477659,0.00465124152234122
"4217",0.985422013197456,0.0145779868025439
"4218",0.997749610012065,0.00225038998793534
"4219",0.993151288131231,0.00684871186876889
"4220",0.994820618816328,0.00517938118367172
"4221",0.964330573486677,0.0356694265133227
"4222",0.99837937885219,0.00162062114781028
"4223",0.89313664990596,0.10686335009404
"4224",0.996715455400547,0.00328454459945342
"4225",0.997339357454939,0.00266064254506077
"4226",0.993298435378718,0.00670156462128189
"4227",0.996012221225322,0.00398777877467814
"4228",0.9984336040221,0.00156639597789964
"4229",0.994499731526045,0.00550026847395499
"4230",0.994483975089166,0.00551602491083406
"4231",0.976255033203794,0.0237449667962064
"4232",0.996978523693549,0.00302147630645063
"4233",0.998013908083726,0.00198609191627431
"4234",0.998227937374093,0.00177206262590666
"4235",0.99487233352017,0.00512766647982987
"4236",0.808973275172885,0.191026724827115
"4237",0.977543045456961,0.0224569545430392
"4238",0.968611499734489,0.0313885002655111
"4239",0.998392585514011,0.00160741448598943
"4240",0.991826631214781,0.0081733687852195
"4241",0.99547477541091,0.00452522458909034
"4242",0.989402688440649,0.0105973115593507
"4243",0.994453437062039,0.00554656293796048
"4244",0.99156341148718,0.00843658851282018
"4245",0.995743534387389,0.00425646561261048
"4246",0.998111671374178,0.00188832862582229
"4247",0.836244983300649,0.163755016699351
"4248",0.986406717098076,0.013593282901924
"4249",0.99410899228257,0.00589100771743012
"4250",0.997812603367538,0.00218739663246223
"4251",0.998095792012314,0.0019042079876863
"4252",0.995327250368916,0.00467274963108356
"4253",0.998206009174085,0.00179399082591499
"4254",0.994237148728007,0.00576285127199325
"4255",0.996194238888944,0.00380576111105614
"4256",0.997491801989851,0.00250819801014865
"4257",0.981669634386075,0.0183303656139249
"4258",0.0171411813581561,0.982858818641844
"4259",0.903134961486909,0.0968650385130911
"4260",0.98286384921723,0.01713615078277
"4261",0.997066722323994,0.00293327767600612
"4262",0.995086452891933,0.00491354710806666
"4263",0.996595934005272,0.00340406599472807
"4264",0.979963250614848,0.0200367493851521
"4265",0.993679704702882,0.00632029529711777
"4266",0.996074211214876,0.00392578878512371
"4267",0.997126877782758,0.00287312221724211
"4268",0.998220767277602,0.00177923272239836
"4269",0.997911122934745,0.00208887706525481
"4270",0.992458544381451,0.00754145561854922
"4271",0.998394933836583,0.00160506616341731
"4272",0.997076318847674,0.00292368115232572
"4273",0.99828475119634,0.00171524880366028
"4274",0.99771750858669,0.00228249141331012
"4275",0.992565270470343,0.00743472952965737
"4276",0.998383530418897,0.00161646958110258
"4277",0.997463705681136,0.00253629431886384
"4278",0.996377786362536,0.00362221363746406
"4279",0.998338579531349,0.00166142046865122
"4280",0.99776910741647,0.00223089258353013
"4281",0.996930068325483,0.00306993167451655
"4282",0.968301020103541,0.0316989798964584
"4283",0.998116874178289,0.00188312582171103
"4284",0.995310443061038,0.00468955693896238
"4285",0.994354980815603,0.0056450191843973
"4286",0.998190240195381,0.00180975980461917
"4287",0.961958409756549,0.0380415902434514
"4288",0.824675433645817,0.175324566354183
"4289",0.993866329061427,0.00613367093857319
"4290",0.998369738002337,0.00163026199766273
"4291",0.993053199810619,0.00694680018938129
"4292",0.98248773828088,0.0175122617191202
"4293",0.997957999794485,0.00204200020551471
"4294",0.000893613545340973,0.999106386454659
"4295",0.996866822084743,0.00313317791525716
"4296",0.997923087320587,0.00207691267941289
"4297",0.992372405416028,0.00762759458397217
"4298",0.995662442345634,0.00433755765436613
"4299",0.967590195969434,0.0324098040305664
"4300",0.996523203645086,0.00347679635491392
"4301",0.996086708549172,0.00391329145082748
"4302",0.99503743199569,0.00496256800430995
"4303",0.996142078532809,0.0038579214671913
"4304",0.99211365710477,0.00788634289523031
"4305",0.00510549439665093,0.994894505603349
"4306",0.805788997527985,0.194211002472015
"4307",0.995294408577984,0.00470559142201576
"4308",0.965572057930129,0.0344279420698707
"4309",0.988304534134632,0.0116954658653683
"4310",0.986205527639433,0.0137944723605666
"4311",0.996312205162928,0.00368779483707199
"4312",0.993612684649708,0.0063873153502924
"4313",0.995476658569575,0.00452334143042489
"4314",0.993923428909581,0.00607657109041906
"4315",0.994076752204029,0.00592324779597063
"4316",0.994774389262551,0.00522561073744945
"4317",0.995154589135796,0.0048454108642037
"4318",0.995767703182578,0.00423229681742183
"4319",0.99487646635524,0.00512353364476001
"4320",0.993612909986047,0.00638709001395326
"4321",0.998308224239036,0.00169177576096386
"4322",0.987790451406929,0.0122095485930712
"4323",0.995880395746152,0.00411960425384771
"4324",0.996661838150524,0.00333816184947632
"4325",0.995216091366394,0.00478390863360611
"4326",0.994311232830815,0.00568876716918516
"4327",0.994269577753342,0.0057304222466576
"4328",0.995144004145431,0.00485599585456932
"4329",0.997879086436099,0.00212091356390101
"4330",0.995562445524226,0.00443755447577419
"4331",0.995168190829974,0.00483180917002571
"4332",0.968363835227413,0.0316361647725872
"4333",0.997628355422388,0.00237164457761172
"4334",0.996833093283698,0.00316690671630248
"4335",0.996196769721712,0.00380323027828825
"4336",0.994203384680422,0.00579661531957819
"4337",0.992842837015536,0.00715716298446392
"4338",0.00366928793988469,0.996330712060115
"4339",0.976372005004747,0.0236279949952533
"4340",0.832808810632445,0.167191189367555
"4341",0.72551709878755,0.27448290121245
"4342",0.99279082809342,0.00720917190657966
"4343",0.996550527070928,0.00344947292907237
"4344",0.997941717086435,0.00205828291356482
"4345",0.184977383820746,0.815022616179254
"4346",0.995548216718572,0.00445178328142785
"4347",0.995097195862313,0.0049028041376864
"4348",0.995055131855328,0.00494486814467175
"4349",0.993146660652901,0.00685333934709909
"4350",0.997544227572506,0.00245577242749357
"4351",0.00196236082735785,0.998037639172642
"4352",0.986125899780621,0.0138741002193793
"4353",0.00165587582329875,0.998344124176701
"4354",0.993973075347198,0.00602692465280201
"4355",0.993404408393789,0.00659559160621118
"4356",0.995206156355033,0.00479384364496724
"4357",0.988476476506515,0.0115235234934847
"4358",0.998230014730597,0.00176998526940293
"4359",0.984405851092949,0.0155941489070514
"4360",0.997741829437076,0.0022581705629243
"4361",0.992187424153627,0.00781257584637261
"4362",0.994739226983257,0.00526077301674282
"4363",0.997895648074515,0.00210435192548494
"4364",0.995788758237946,0.00421124176205446
"4365",0.00102816047679041,0.99897183952321
"4366",0.00106834358864517,0.998931656411355
"4367",0.997457766927849,0.0025422330721505
"4368",0.997655568947532,0.00234443105246807
"4369",0.989112977740957,0.0108870222590429
"4370",0.98946475308535,0.0105352469146505
"4371",0.998388112931642,0.00161188706835849
"4372",0.989169219146479,0.0108307808535208
"4373",0.994620700363957,0.00537929963604313
"4374",0.994202022242741,0.00579797775725914
"4375",0.995864840361196,0.00413515963880368
"4376",0.995041824849398,0.00495817515060232
"4377",0.997340446542256,0.00265955345774386
"4378",0.998355555981825,0.00164444401817529
"4379",0.968104706092616,0.0318952939073838
"4380",0.989255994146784,0.0107440058532164
"4381",0.978443731784281,0.0215562682157187
"4382",0.998298325386488,0.00170167461351161
"4383",0.997706109325819,0.00229389067418052
"4384",0.997791366269465,0.00220863373053453
"4385",0.99329184417325,0.00670815582674947
"4386",0.973836201533283,0.0261637984667171
"4387",0.998144614217083,0.00185538578291665
"4388",0.99302832720137,0.00697167279862964
"4389",0.997418758485296,0.00258124151470414
"4390",0.995143254144281,0.00485674585571903
"4391",0.996555719867503,0.00344428013249714
"4392",0.99764303405856,0.00235696594143974
"4393",0.99716145126139,0.00283854873861033
"4394",0.997945525640135,0.00205447435986536
"4395",0.996370784874354,0.0036292151256456
"4396",0.995444926987389,0.00455507301261101
"4397",0.977322997482435,0.0226770025175656
"4398",0.994271248616628,0.00572875138337232
"4399",0.995380428664274,0.00461957133572634
"4400",0.940392667623935,0.059607332376065
"4401",0.994845448809219,0.00515455119078117
"4402",0.996759481954603,0.00324051804539684
"4403",0.996648852188025,0.00335114781197476
"4404",0.994613491234985,0.00538650876501507
"4405",0.489328230785373,0.510671769214627
"4406",0.99580632530969,0.00419367469031036
"4407",0.00643530511152391,0.993564694888476
"4408",0.994232514777484,0.0057674852225161
"4409",0.996763174065792,0.00323682593420814
"4410",0.997196766723145,0.00280323327685521
"4411",0.993489146827418,0.00651085317258171
"4412",0.982926310585375,0.017073689414625
"4413",0.996447150892427,0.00355284910757314
"4414",0.994838056685335,0.00516194331466538
"4415",0.996422793646191,0.0035772063538085
"4416",0.991256912297384,0.00874308770261602
"4417",0.989450869131037,0.0105491308689629
"4418",0.975724393848933,0.0242756061510667
"4419",0.965075065284759,0.0349249347152411
"4420",0.994319073891123,0.00568092610887741
"4421",0.990925054527589,0.00907494547241053
"4422",0.878358573287933,0.121641426712067
"4423",0.997746764197731,0.00225323580226946
"4424",0.997332284082597,0.00266771591740329
"4425",0.993490260184816,0.00650973981518424
"4426",0.99705967230375,0.00294032769624961
"4427",0.996994063177019,0.00300593682298138
"4428",0.998081339965446,0.00191866003455429
"4429",0.671088009984076,0.328911990015924
"4430",0.980136191462775,0.0198638085372249
"4431",0.137494837898554,0.862505162101446
"4432",0.748948565354269,0.25105143464573
"4433",0.995607825633481,0.00439217436651894
"4434",0.997091782373504,0.00290821762649565
"4435",0.996725014635191,0.00327498536480929
"4436",0.994805073665263,0.00519492633473645
"4437",0.992292013974766,0.00770798602523442
"4438",0.987076991184683,0.0129230088153174
"4439",0.993367671567504,0.00663232843249635
"4440",0.998343135856707,0.00165686414329358
"4441",0.99471495048786,0.00528504951214041
"4442",0.99725771612758,0.0027422838724198
"4443",0.996572126285117,0.00342787371488315
"4444",0.994458462089213,0.00554153791078748
"4445",0.995458981469048,0.00454101853095235
"4446",0.998089422322988,0.00191057767701164
"4447",0.126104292095946,0.873895707904054
"4448",0.997532099765018,0.00246790023498256
"4449",0.997001347745568,0.00299865225443231
"4450",0.997116465128394,0.00288353487160634
"4451",0.995054093247627,0.00494590675237324
"4452",0.989088237784844,0.0109117622151562
"4453",0.997562336926729,0.002437663073271
"4454",0.996659535072611,0.00334046492738889
"4455",0.942542874174522,0.0574571258254782
"4456",0.997310835001251,0.00268916499874949
"4457",0.997245022308581,0.00275497769141876
"4458",0.993712970923779,0.00628702907622068
"4459",0.996034428382647,0.00396557161735289
"4460",0.958658802220883,0.0413411977791172
"4461",0.995149811379988,0.0048501886200121
"4462",0.979656838744936,0.0203431612550638
"4463",0.996715349286832,0.00328465071316759
"4464",0.994891274095024,0.00510872590497622
"4465",0.977053310251317,0.0229466897486827
"4466",0.99774076830952,0.00225923169048015
"4467",0.996750634014766,0.00324936598523398
"4468",0.987166656769687,0.0128333432303127
"4469",0.814555898850474,0.185444101149526
"4470",0.993020439209437,0.00697956079056324
"4471",0.995137682535323,0.00486231746467711
"4472",0.998106067691177,0.00189393230882259
"4473",0.99311277991855,0.00688722008145027
"4474",0.982740484064694,0.0172595159353062
"4475",0.995670364149157,0.00432963585084319
"4476",0.993187175381724,0.00681282461827628
"4477",0.998257971204578,0.001742028795422
"4478",0.995924519399664,0.00407548060033588
"4479",0.996184258043358,0.00381574195664202
"4480",0.995270721506233,0.00472927849376734
"4481",0.00220894626121201,0.997791053738788
"4482",0.996635126509834,0.0033648734901656
"4483",0.144957736835722,0.855042263164278
"4484",0.997973185932167,0.00202681406783329
"4485",0.997054985216341,0.00294501478365922
"4486",0.994268625584849,0.00573137441515144
"4487",0.995245813809231,0.00475418619076864
"4488",0.974930155820217,0.0250698441797829
"4489",0.991329794365881,0.00867020563411935
"4490",0.990651766310186,0.0093482336898139
"4491",0.994385091601389,0.00561490839861124
"4492",0.997882179658349,0.00211782034165079
"4493",0.983049211113605,0.016950788886395
"4494",0.994149539117781,0.00585046088221928
"4495",0.989377130441637,0.0106228695583625
"4496",0.997113966161136,0.00288603383886375
"4497",0.997901088265472,0.0020989117345277
"4498",0.99829325406983,0.00170674593016969
"4499",0.996668526916505,0.00333147308349501
"4500",0.986351679804663,0.0136483201953374
"4501",0.99121694978593,0.00878305021406969
"4502",0.994910498645285,0.00508950135471461
"4503",0.997265158581358,0.00273484141864236
"4504",0.997569557617761,0.00243044238223941
"4505",0.99832872883282,0.00167127116718049
"4506",0.000793946622762301,0.999206053377238
"4507",0.994607840853763,0.00539215914623661
"4508",0.993208850677189,0.0067911493228107
"4509",0.997868228559978,0.0021317714400219
"4510",0.998244046328514,0.00175595367148645
"4511",0.986154221184209,0.0138457788157908
"4512",0.997083563528101,0.00291643647189928
"4513",0.991536727554947,0.00846327244505335
"4514",0.996422837475565,0.00357716252443537
"4515",0.014804910596229,0.985195089403771
"4516",0.983074198798583,0.0169258012014168
"4517",0.997180103577696,0.00281989642230353
"4518",0.997624188380502,0.00237581161949823
"4519",0.700435927107955,0.299564072892045
"4520",0.997875981057317,0.00212401894268266
"4521",0.879137564746706,0.120862435253294
"4522",0.995919926881772,0.00408007311822806
"4523",0.997357805917264,0.00264219408273617
"4524",0.997758922912194,0.00224107708780597
"4525",0.995095971234337,0.00490402876566294
"4526",0.99198005592542,0.00801994407457988
"4527",0.995991346682347,0.00400865331765262
"4528",0.994901286521982,0.00509871347801835
"4529",0.113582359072862,0.886417640927138
"4530",0.997027044549105,0.00297295545089488
"4531",0.661520034013887,0.338479965986113
"4532",0.995992029592644,0.0040079704073556
"4533",0.99397256106009,0.0060274389399102
"4534",0.991673860999647,0.00832613900035267
"4535",0.151385222439907,0.848614777560094
"4536",0.997569431256777,0.00243056874322272
"4537",0.998285025734452,0.00171497426554809
"4538",0.994293212513456,0.00570678748654355
"4539",0.99783193780088,0.00216806219912035
"4540",0.991483782567079,0.00851621743292117
"4541",0.993748407038526,0.00625159296147445
"4542",0.995251584080556,0.004748415919444
"4543",0.997416552299241,0.00258344770075935
"4544",0.994777094196581,0.0052229058034188
"4545",0.996398761368792,0.00360123863120746
"4546",0.99631332202755,0.00368667797245048
"4547",0.997466074130883,0.00253392586911723
"4548",0.998154905815852,0.0018450941841483
"4549",0.993173162104357,0.00682683789564261
"4550",0.995129850894394,0.00487014910560641
"4551",0.997195533139634,0.00280446686036622
"4552",0.00245080795044997,0.99754919204955
"4553",0.99601838471019,0.00398161528981024
"4554",0.994864991450479,0.00513500854952073
"4555",0.991582494020966,0.00841750597903383
"4556",0.997409844447884,0.00259015555211601
"4557",0.994010914969213,0.00598908503078654
"4558",0.989238261399587,0.0107617386004134
"4559",0.998136869389353,0.00186313061064748
"4560",0.996512496060239,0.00348750393976158
"4561",0.996727581635093,0.00327241836490683
"4562",0.985100853744856,0.0148991462551439
"4563",0.99754612429743,0.00245387570256982
"4564",0.885793575251926,0.114206424748074
"4565",0.994370604157031,0.00562939584296931
"4566",0.997127212321615,0.00287278767838474
"4567",0.996941067419855,0.00305893258014498
"4568",0.998199042105621,0.00180095789437869
"4569",0.994189341537559,0.00581065846244135
"4570",0.996362206911635,0.0036377930883649
"4571",0.99506106412811,0.00493893587188989
"4572",0.989257489074971,0.0107425109250296
"4573",0.997859352260365,0.00214064773963468
"4574",0.527976176864344,0.472023823135656
"4575",0.833400261079785,0.166599738920215
"4576",0.757923242036472,0.242076757963528
"4577",0.99563895908172,0.00436104091828001
"4578",0.997226930258425,0.00277306974157551
"4579",0.996744161842799,0.00325583815720072
"4580",0.962687643983732,0.037312356016268
"4581",0.949461975890053,0.0505380241099472
"4582",0.993670273456137,0.00632972654386338
"4583",0.85362977786502,0.14637022213498
"4584",0.391542756131647,0.608457243868353
"4585",0.998119507997402,0.00188049200259839
"4586",0.989297099185929,0.0107029008140716
"4587",0.994438337510282,0.00556166248971774
"4588",0.989602223740289,0.0103977762597107
"4589",0.996074751707736,0.00392524829226371
"4590",0.997694316573608,0.00230568342639204
"4591",0.9939389478513,0.00606105214869989
"4592",0.99423091371711,0.00576908628288972
"4593",0.99769868194727,0.0023013180527303
"4594",0.99756542411882,0.00243457588118038
"4595",0.976546815901157,0.0234531840988429
"4596",0.994293464690437,0.00570653530956267
"4597",0.994050598119845,0.00594940188015558
"4598",0.990014581704533,0.00998541829546694
"4599",0.994760734108299,0.00523926589170127
"4600",0.996658529245932,0.00334147075406796
"4601",0.99414298170206,0.00585701829794021
"4602",0.993605487357597,0.00639451264240295
"4603",0.992868362894316,0.00713163710568425
"4604",0.993853486868724,0.0061465131312758
"4605",0.996537295713744,0.00346270428625594
"4606",0.996224725200285,0.00377527479971514
"4607",0.983386068039468,0.0166139319605321
"4608",0.99605330523051,0.00394669476949033
"4609",0.993510921235046,0.0064890787649543
"4610",0.845526325569999,0.154473674430001
"4611",0.993516088282621,0.00648391171737925
"4612",0.997248922267293,0.00275107773270686
"4613",0.995493777284086,0.00450622271591375
"4614",0.998146143202642,0.0018538567973575
"4615",0.996268054052185,0.00373194594781516
"4616",0.998427854085669,0.00157214591433121
"4617",0.979705409343251,0.0202945906567486
"4618",0.997680733072104,0.00231926692789648
"4619",0.971879329964229,0.0281206700357709
"4620",0.997210631564767,0.00278936843523335
"4621",0.994170313872357,0.00582968612764269
"4622",0.993380008783868,0.00661999121613233
"4623",0.997965148152607,0.00203485184739311
"4624",0.997818282982421,0.0021817170175794
"4625",0.99409087105976,0.00590912894023982
"4626",0.0189669384847637,0.981033061515236
"4627",0.988590882462422,0.0114091175375778
"4628",0.0549587866421854,0.945041213357815
"4629",0.996092570911543,0.00390742908845705
"4630",0.998300972475379,0.00169902752462131
"4631",0.833977710380797,0.166022289619203
"4632",0.997902427375157,0.00209757262484335
"4633",0.997843188564985,0.00215681143501472
"4634",0.990943915112159,0.00905608488784098
"4635",0.998249544819453,0.00175045518054641
"4636",0.997089375545214,0.00291062445478582
"4637",0.997769027083014,0.00223097291698608
"4638",0.987195925362297,0.0128040746377035
"4639",0.995140807743494,0.00485919225650565
"4640",0.994990838904461,0.00500916109553856
"4641",0.308042741347751,0.691957258652249
"4642",0.998057539257715,0.00194246074228479
"4643",0.992694966748087,0.00730503325191332
"4644",0.992705239329503,0.00729476067049739
"4645",0.995291487369839,0.00470851263016133
"4646",0.992213175816053,0.00778682418394702
"4647",0.996575071316171,0.00342492868382923
"4648",0.995557743439664,0.00444225656033658
"4649",0.997967665968304,0.00203233403169576
"4650",0.997961730539846,0.00203826946015393
"4651",0.997849372662456,0.00215062733754417
"4652",0.994330689179156,0.00566931082084351
"4653",0.984394753093158,0.0156052469068415
"4654",0.981669173548077,0.0183308264519225
"4655",0.995923959787147,0.0040760402128533
"4656",0.987206894136075,0.0127931058639247
"4657",0.995992646050196,0.00400735394980457
"4658",0.94504996342523,0.0549500365747702
"4659",0.994248329004055,0.00575167099594528
"4660",0.990373171554623,0.00962682844537721
"4661",0.998254355402207,0.0017456445977932
"4662",0.99817441154687,0.00182558845312984
"4663",0.997116411430204,0.00288358856979587
"4664",0.941504901784316,0.0584950982156845
"4665",0.994273895314307,0.00572610468569343
"4666",0.975391236541313,0.0246087634586872
"4667",0.996518018285729,0.00348198171427115
"4668",0.997851779548656,0.00214822045134356
"4669",0.99551095287108,0.00448904712892034
"4670",0.994822415757097,0.00517758424290325
"4671",0.992138807310269,0.0078611926897309
"4672",0.998145872004781,0.00185412799521886
"4673",0.998019553698476,0.00198044630152393
"4674",0.994019718746987,0.00598028125301341
"4675",0.998085251319829,0.00191474868017061
"4676",0.99682992917491,0.00317007082509049
"4677",0.99719755829016,0.00280244170984036
"4678",0.995389060325974,0.00461093967402647
"4679",0.966492506632597,0.0335074933674034
"4680",0.989354497149279,0.010645502850721
"4681",0.998142689520377,0.00185731047962338
"4682",0.996597522744323,0.00340247725567658
"4683",0.996008676817,0.0039913231830001
"4684",0.992256029150947,0.00774397084905307
"4685",0.998427105499874,0.00157289450012607
"4686",0.909964507578311,0.0900354924216888
"4687",0.995232124981171,0.00476787501882852
"4688",0.997112713080834,0.00288728691916606
"4689",0.995968647570787,0.00403135242921266
"4690",0.965458325493561,0.0345416745064391
"4691",0.922790104874185,0.0772098951258149
"4692",0.0969458854926345,0.903054114507366
"4693",0.356141932680452,0.643858067319548
"4694",0.995646942511176,0.00435305748882373
"4695",0.000691648210093558,0.999308351789906
"4696",0.998303521474384,0.00169647852561602
"4697",0.995477072985668,0.0045229270143315
"4698",0.00312872743381798,0.996871272566182
"4699",0.997293147682507,0.00270685231749307
"4700",0.998278054983112,0.00172194501688847
"4701",0.991420485021357,0.00857951497864269
"4702",0.99073502984018,0.00926497015982018
"4703",0.993913125960197,0.00608687403980292
"4704",0.981632532350026,0.018367467649974
"4705",0.99502109109266,0.00497890890733997
"4706",0.997245938236909,0.00275406176309055
"4707",0.997398820717115,0.00260117928288454
"4708",0.998345896056195,0.00165410394380517
"4709",0.99425106773471,0.00574893226528991
"4710",0.995177873945326,0.00482212605467429
"4711",0.997005654756693,0.00299434524330733
"4712",0.00836264570536688,0.991637354294633
"4713",0.996210734285018,0.00378926571498233
"4714",0.478628425519366,0.521371574480634
"4715",0.995079300577152,0.00492069942284775
"4716",0.998295260153383,0.00170473984661652
"4717",0.994568383297563,0.00543161670243674
"4718",0.93608947978283,0.0639105202171702
"4719",0.000901250545714155,0.999098749454286
"4720",0.996248505469929,0.00375149453007092
"4721",0.818486013053684,0.181513986946316
"4722",0.981726715430362,0.0182732845696382
"4723",0.962873134089206,0.0371268659107942
"4724",0.996610956400893,0.00338904359910683
"4725",0.994731449776945,0.00526855022305488
"4726",0.99828088311685,0.00171911688315028
"4727",0.0111011734975309,0.988898826502469
"4728",0.99594928298592,0.00405071701408011
"4729",0.996460698829683,0.0035393011703167
"4730",0.968540488323444,0.031459511676556
"4731",0.994921435841213,0.00507856415878696
"4732",0.997941259111378,0.00205874088862227
"4733",0.849660276598441,0.150339723401559
"4734",0.994555993643249,0.00544400635675091
"4735",0.993824363739812,0.00617563626018774
"4736",0.998181117040079,0.00181888295992107
"4737",0.997567885188507,0.002432114811493
"4738",0.996658354753608,0.00334164524639225
"4739",0.960339710175804,0.0396602898241959
"4740",0.990900012614396,0.00909998738560394
"4741",0.990212968495988,0.00978703150401176
"4742",0.997856902109429,0.00214309789057085
"4743",0.996248323300048,0.00375167669995232
"4744",0.994598697816062,0.00540130218393808
"4745",0.993220475451956,0.00677952454804364
"4746",0.997901850645208,0.00209814935479171
"4747",0.992848171362218,0.00715182863778178
"4748",0.990610604383863,0.00938939561613741
"4749",0.99796949471272,0.00203050528727986
"4750",0.998082239590209,0.00191776040979103
"4751",0.995460241475504,0.00453975852449617
"4752",0.995210037664516,0.00478996233548353
"4753",0.995936153788253,0.00406384621174684
"4754",0.991503050575061,0.00849694942493926
"4755",0.973395203916467,0.0266047960835331
"4756",0.922305132062656,0.0776948679373438
"4757",0.997691650570047,0.00230834942995269
"4758",0.995048248560404,0.00495175143959637
"4759",0.975249259806399,0.0247507401936013
"4760",0.997732994167391,0.00226700583260868
"4761",0.961974848139974,0.038025151860026
"4762",0.955231827406357,0.0447681725936431
"4763",0.997596884296658,0.00240311570334176
"4764",0.994239328761632,0.00576067123836777
"4765",0.99540632181228,0.00459367818771989
"4766",0.967791063182703,0.0322089368172973
"4767",0.995708121871311,0.00429187812868905
"4768",0.996724823472945,0.00327517652705551
"4769",0.998275823471344,0.00172417652865556
"4770",0.997659801831911,0.002340198168089
"4771",0.998177906236315,0.00182209376368461
"4772",0.996979635889106,0.00302036411089368
"4773",0.995490903962814,0.00450909603718609
"4774",0.94717429730783,0.0528257026921702
"4775",0.998099598193217,0.00190040180678326
"4776",0.994215687848377,0.00578431215162311
"4777",0.998014137319272,0.00198586268072798
"4778",0.996148996375949,0.00385100362405125
"4779",0.996687041726629,0.00331295827337072
"4780",0.975534806454687,0.0244651935453133
"4781",0.9940012365598,0.00599876344019964
"4782",0.997865340065437,0.00213465993456275
"4783",0.979321075058482,0.0206789249415182
"4784",0.998196516702615,0.00180348329738515
"4785",0.99385567920387,0.00614432079612991
"4786",0.995359985810004,0.00464001418999638
"4787",0.518422492415143,0.481577507584857
"4788",0.962812620443874,0.0371873795561261
"4789",0.9889795859397,0.0110204140603004
"4790",0.960516846493685,0.0394831535063148
"4791",0.995543723857686,0.0044562761423138
"4792",0.969224615517177,0.0307753844828229
"4793",0.997312915434083,0.00268708456591685
"4794",0.997940681411671,0.00205931858832922
"4795",0.99558924268103,0.0044107573189701
"4796",0.997228470925797,0.00277152907420318
"4797",0.996562390298768,0.0034376097012315
"4798",0.994977953260278,0.00502204673972237
"4799",0.997972165222309,0.00202783477769065
"4800",0.998117616963041,0.0018823830369585
"4801",0.996935885258894,0.0030641147411061
"4802",0.970795052522593,0.0292049474774069
"4803",0.991885797075097,0.00811420292490305
"4804",0.998112280586845,0.00188771941315467
"4805",0.989128243998448,0.0108717560015519
"4806",0.995824877712828,0.00417512228717235
"4807",0.994822958311224,0.00517704168877597
"4808",0.997567301140489,0.00243269885951087
"4809",0.996345712967261,0.00365428703273897
"4810",0.995928267549038,0.00407173245096201
"4811",0.991317754533024,0.00868224546697624
"4812",0.998129016296941,0.00187098370305935
"4813",0.986396373645019,0.0136036263549811
"4814",0.9969073381881,0.00309266181189988
"4815",0.996869624906804,0.00313037509319629
"4816",0.994395084821441,0.00560491517855924
"4817",0.998305722039478,0.00169427796052171
"4818",0.997948424003916,0.00205157599608392
"4819",0.997622608915305,0.00237739108469494
"4820",0.783382638845384,0.216617361154616
"4821",0.977304244443607,0.0226957555563933
"4822",0.986306177341622,0.0136938226583779
"4823",0.998427705879364,0.00157229412063655
"4824",0.993194816650225,0.00680518334977473
"4825",0.996845318070138,0.00315468192986191
"4826",0.996419235142291,0.00358076485770934
"4827",0.995117693429454,0.00488230657054558
"4828",0.994673779349402,0.00532622065059751
"4829",0.992943622091468,0.00705637790853185
"4830",0.99177178011315,0.00822821988685008
"4831",0.990560375619918,0.00943962438008192
"4832",0.995195756248612,0.00480424375138848
"4833",0.997297396188186,0.00270260381181414
"4834",0.998004477335089,0.00199552266491086
"4835",0.997060530067365,0.00293946993263527
"4836",0.991844650684642,0.00815534931535767
"4837",0.0152614659166957,0.984738534083304
"4838",0.615337139806559,0.384662860193441
"4839",0.994227580485392,0.00577241951460837
"4840",0.997743697075999,0.00225630292400079
"4841",0.998310822719516,0.00168917728048404
"4842",0.990413572119014,0.00958642788098602
"4843",0.99518067544359,0.00481932455640956
"4844",0.99833843885479,0.00166156114521006
"4845",0.997848521475226,0.00215147852477369
"4846",0.998451571866684,0.0015484281333162
"4847",0.971450783175947,0.0285492168240532
"4848",0.995509891519931,0.00449010848006855
"4849",0.970586460888655,0.0294135391113454
"4850",0.854922763999114,0.145077236000887
"4851",0.996829657036512,0.00317034296348746
"4852",0.998120375342029,0.00187962465797075
"4853",0.997131580954276,0.00286841904572417
"4854",0.993804079003105,0.00619592099689494
"4855",0.986545124663668,0.0134548753363325
"4856",0.20587443719841,0.79412556280159
"4857",0.000548876162079098,0.999451123837921
"4858",0.994441087790164,0.00555891220983563
"4859",0.0134249982242034,0.986575001775797
"4860",0.949990438159476,0.0500095618405241
"4861",0.997015850745902,0.002984149254098
"4862",0.955961103797753,0.0440388962022467
"4863",0.992954662688722,0.0070453373112775
"4864",0.997692210997853,0.00230778900214758
"4865",0.377457447687748,0.622542552312252
"4866",0.995619733778962,0.00438026622103779
"4867",0.992668000312864,0.00733199968713612
"4868",0.997381395409962,0.00261860459003857
"4869",0.998230125235104,0.00176987476489572
"4870",0.998342555717512,0.00165744428248815
"4871",0.993884653310003,0.00611534668999684
"4872",0.995701970471698,0.00429802952830216
"4873",0.995668415596895,0.00433158440310456
"4874",0.998110304117064,0.00188969588293589
"4875",0.997944557991007,0.00205544200899329
"4876",0.996864006460199,0.00313599353980055
"4877",0.99502552548186,0.00497447451814009
"4878",0.993612631683805,0.00638736831619518
"4879",0.99546344494968,0.00453655505031997
"4880",0.997264433940261,0.00273556605973937
"4881",0.99714415550638,0.00285584449361971
"4882",0.996795444274654,0.00320455572534547
"4883",0.993390062364112,0.00660993763588833
"4884",0.967465208819887,0.0325347911801125
"4885",0.993305852772488,0.00669414722751208
"4886",0.993890590116789,0.00610940988321114
"4887",0.998066346781901,0.00193365321809943
"4888",0.994757407560638,0.00524259243936199
"4889",0.996131432448056,0.0038685675519437
"4890",0.995555471681143,0.00444452831885658
"4891",0.995389333592859,0.00461066640714131
"4892",0.996164910255669,0.00383508974433114
"4893",0.997491849610537,0.00250815038946261
"4894",0.994998765003467,0.00500123499653327
"4895",0.99575688224607,0.00424311775393021
"4896",0.998321008619563,0.0016789913804366
"4897",0.996896593367081,0.00310340663291885
"4898",0.996884833686317,0.00311516631368359
"4899",0.997493263793693,0.00250673620630697
"4900",0.99713629440859,0.00286370559140966
"4901",0.988027421289922,0.0119725787100777
"4902",0.995462326109135,0.00453767389086533
"4903",0.998171915844172,0.00182808415582832
"4904",0.995488708618807,0.00451129138119289
"4905",0.998365045986645,0.00163495401335491
"4906",0.997953547957618,0.00204645204238247
"4907",0.993165219283498,0.00683478071650241
"4908",0.996823040535086,0.00317695946491428
"4909",0.996730159749412,0.00326984025058821
"4910",0.997997357382867,0.00200264261713286
"4911",0.600171394994096,0.399828605005904
"4912",0.99643145715512,0.00356854284487969
"4913",0.995443610605129,0.00455638939487082
"4914",0.970407805060502,0.0295921949394976
"4915",0.99832710227414,0.00167289772586008
"4916",0.998315195807243,0.00168480419275714
"4917",0.998314968538269,0.00168503146173144
"4918",0.995160423013343,0.00483957698665707
"4919",0.996264204913612,0.00373579508638782
"4920",0.992936654393933,0.00706334560606757
"4921",0.995482275870178,0.00451772412982245
"4922",0.997215762968472,0.00278423703152827
"4923",0.998185518818704,0.00181448118129612
"4924",0.00513679274915681,0.994863207250843
"4925",0.995216506960535,0.00478349303946484
"4926",0.992680821007651,0.0073191789923494
"4927",0.994658132472813,0.00534186752718677
"4928",0.996655663413232,0.00334433658676829
"4929",0.997356390704618,0.00264360929538198
"4930",0.997511470673828,0.00248852932617217
"4931",0.997684647806285,0.00231535219371474
"4932",0.976466249127706,0.0235337508722942
"4933",0.998415258314676,0.00158474168532364
"4934",0.995455626275322,0.00454437372467772
"4935",0.994934533214668,0.00506546678533201
"4936",0.990913309515872,0.00908669048412814
"4937",0.998254552187925,0.00174544781207461
"4938",0.995776816408011,0.00422318359198876
"4939",0.994794411560687,0.00520558843931297
"4940",0.994343726393218,0.00565627360678181
"4941",0.9952830362844,0.00471696371559967
"4942",0.994969237710833,0.00503076228916701
"4943",0.998411994429244,0.00158800557075602
"4944",0.995997758424188,0.00400224157581165
"4945",0.996303428446216,0.00369657155378408
"4946",0.997398243993359,0.002601756006641
"4947",0.996118044702963,0.00388195529703711
"4948",0.995272028648593,0.0047279713514066
"4949",0.994991060972494,0.00500893902750595
"4950",0.996472860688029,0.00352713931197059
"4951",0.962801983654816,0.0371980163451842
"4952",0.921557287322295,0.0784427126777053
"4953",0.99400218524662,0.00599781475337973
"4954",0.998213665808244,0.00178633419175545
"4955",0.95822644106827,0.0417735589317299
"4956",0.996901961422206,0.00309803857779355
"4957",0.994890323949049,0.0051096760509508
"4958",0.992566769833291,0.00743323016670901
"4959",0.990007992198503,0.00999200780149707
"4960",0.995926709335972,0.00407329066402755
"4961",0.982455789313621,0.0175442106863791
"4962",0.99461910755449,0.00538089244551034
"4963",0.996060427213376,0.00393957278662414
"4964",0.969058052884616,0.0309419471153844
"4965",0.987798538332816,0.0122014616671845
"4966",0.871222698672411,0.12877730132759
"4967",0.997394391614337,0.00260560838566303
"4968",0.970605354168518,0.0293946458314818
"4969",0.993166420686561,0.00683357931343934
"4970",0.998299469634646,0.00170053036535408
"4971",0.993200010648854,0.00679998935114619
"4972",0.998078547483391,0.00192145251660867
"4973",0.976395576523263,0.0236044234767375
"4974",0.997763153464445,0.00223684653555504
"4975",0.994364131165076,0.00563586883492393
"4976",0.996439768517405,0.00356023148259462
"4977",0.996125048737154,0.00387495126284645
"4978",0.998047955853526,0.0019520441464735
"4979",0.995866302854814,0.00413369714518591
"4980",0.69550147731887,0.30449852268113
"4981",0.995399769098992,0.00460023090100782
"4982",0.998077558945006,0.00192244105499397
"4983",0.863650098109987,0.136349901890013
"4984",0.996724439211101,0.00327556078889851
"4985",0.994694789711231,0.00530521028876895
"4986",0.962459507935678,0.037540492064322
"4987",0.994771419323783,0.00522858067621691
"4988",0.994455511455113,0.00554448854488692
"4989",0.991217198121877,0.00878280187812276
"4990",0.993581495621557,0.00641850437844311
"4991",0.996371232783416,0.00362876721658364
"4992",0.998160518987288,0.00183948101271188
"4993",0.997784651594342,0.00221534840565765
"4994",0.996134722694667,0.00386527730533308
"4995",0.95219726722639,0.0478027327736101
"4996",0.998180052115544,0.00181994788445571
"4997",0.98760443589998,0.0123955641000198
"4998",0.998236417335623,0.00176358266437718
"4999",0.995401065898182,0.00459893410181797
"5000",0.99602086315583,0.00397913684416948
"5001",0.998335149443582,0.00166485055641782
"5002",0.994842658975347,0.00515734102465331
"5003",0.987652275431284,0.0123477245687157
"5004",0.996573949810449,0.00342605018955075
"5005",0.998234274260172,0.00176572573982849
"5006",0.998419841689304,0.00158015831069587
"5007",0.998120109814436,0.00187989018556359
"5008",0.99704967991025,0.00295032008975043
"5009",0.00139624788659242,0.998603752113408
"5010",0.918376118822435,0.0816238811775648
"5011",0.996929445301785,0.0030705546982145
"5012",0.995342785548081,0.00465721445191926
"5013",0.997850171489388,0.00214982851061241
"5014",0.993586989659883,0.00641301034011706
"5015",0.997789822368584,0.00221017763141551
"5016",0.994424131755956,0.00557586824404429
"5017",0.98886489700773,0.0111351029922696
"5018",0.997058862624503,0.00294113737549718
"5019",0.997623348664952,0.00237665133504767
"5020",0.9982901680536,0.00170983194639981
"5021",0.998193630904849,0.00180636909515129
"5022",0.994769592720825,0.00523040727917488
"5023",0.0511071887295375,0.948892811270463
"5024",0.997592004314453,0.0024079956855465
"5025",0.995171584120431,0.00482841587956919
"5026",0.996462648678041,0.00353735132195909
"5027",0.996646722178366,0.00335327782163407
"5028",0.990820144769277,0.00917985523072251
"5029",0.976952130787222,0.0230478692127786
"5030",0.997688989764036,0.0023110102359642
"5031",0.510995434934458,0.489004565065542
"5032",0.997212198843162,0.00278780115683803
"5033",0.997934313403509,0.00206568659649096
"5034",0.996094927998998,0.00390507200100232
"5035",0.997332935675224,0.00266706432477597
"5036",0.997955715095306,0.00204428490469358
"5037",0.99838550211241,0.00161449788758972
"5038",0.997217715697849,0.00278228430215133
"5039",0.934864863599713,0.0651351364002872
"5040",0.994745281149001,0.00525471885099876
"5041",0.992472883126178,0.00752711687382176
"5042",0.998337019691126,0.00166298030887439
"5043",0.997794709548164,0.00220529045183604
"5044",0.961087593406902,0.038912406593098
"5045",0.990904692667871,0.00909530733212894
"5046",0.0306266441733295,0.969373355826671
"5047",0.803726341317094,0.196273658682906
"5048",0.992979600957615,0.00702039904238528
"5049",0.996896350872481,0.00310364912751884
"5050",0.997249900045507,0.00275009995449297
"5051",0.991062486201161,0.00893751379883929
"5052",0.993659218118959,0.00634078188104056
"5053",0.991097388773552,0.00890261122644836
"5054",0.99690782309413,0.00309217690587026
"5055",0.994821297897286,0.0051787021027143
"5056",0.995992436231029,0.00400756376897139
"5057",0.945536899339242,0.0544631006607575
"5058",0.997388846135933,0.00261115386406672
"5059",0.995290477236074,0.00470952276392573
"5060",0.981976043577088,0.0180239564229123
"5061",0.99309597999341,0.00690402000658996
"5062",0.997229906795718,0.00277009320428229
"5063",0.993498915767541,0.00650108423245912
"5064",0.997133572884514,0.0028664271154858
"5065",0.994913220152253,0.00508677984774711
"5066",0.995373179847915,0.00462682015208474
"5067",0.996696050553488,0.00330394944651248
"5068",0.998388569258242,0.00161143074175832
"5069",0.996073454734733,0.00392654526526725
"5070",0.997772162289717,0.00222783771028345
"5071",0.989445275745959,0.0105547242540409
"5072",0.99736063007256,0.00263936992744021
"5073",0.998063820910107,0.00193617908989327
"5074",0.96588343855608,0.03411656144392
"5075",0.996342966609601,0.00365703339039938
"5076",0.996403061085405,0.00359693891459512
"5077",0.997483179950857,0.00251682004914273
"5078",0.992413876064748,0.00758612393525228
"5079",0.993871881312707,0.00612811868729345
"5080",0.995301053820072,0.00469894617992823
"5081",0.997837090854075,0.00216290914592504
"5082",0.99748552736321,0.0025144726367903
"5083",0.998464064421508,0.00153593557849239
"5084",0.99472529553372,0.00527470446627956
"5085",0.994575718643472,0.00542428135652852
"5086",0.997502129653631,0.00249787034636928
"5087",0.998154532922079,0.00184546707792056
"5088",0.996317394680536,0.00368260531946431
"5089",0.995205015425208,0.00479498457479234
"5090",0.998264978651655,0.00173502134834518
"5091",0.993325221021917,0.00667477897808262
"5092",0.99658702172071,0.00341297827929008
"5093",0.994197894332236,0.00580210566776396
"5094",0.993454636678953,0.00654536332104744
"5095",0.998035079217366,0.00196492078263394
"5096",0.994240512133159,0.00575948786684098
"5097",0.998460874678577,0.00153912532142295
"5098",0.190623169435409,0.809376830564591
"5099",0.995337407223654,0.00466259277634591
"5100",0.996748689698547,0.00325131030145311
"5101",0.995583531586702,0.00441646841329778
"5102",0.998178829213242,0.0018211707867583
"5103",0.995856672451269,0.00414332754873097
"5104",0.991578990522605,0.0084210094773951
"5105",0.996231487679479,0.00376851232052107
"5106",0.95143439222819,0.0485656077718102
"5107",0.997582761037052,0.00241723896294815
"5108",0.611265261253347,0.388734738746653
"5109",0.994805134698754,0.00519486530124633
"5110",0.995303029483991,0.00469697051600861
"5111",0.997718015825467,0.00228198417453298
"5112",0.977282157358465,0.0227178426415346
"5113",0.979925688567761,0.0200743114322386
"5114",0.998117075433959,0.00188292456604132
"5115",0.952863139685729,0.0471368603142707
"5116",0.997538974004739,0.00246102599526093
"5117",0.994721950471812,0.00527804952818784
"5118",0.994328489056022,0.00567151094397834
"5119",0.996798017835475,0.00320198216452539
"5120",0.000793594352456286,0.999206405647544
"5121",0.99818826987466,0.00181173012534038
"5122",0.434345439341695,0.565654560658305
"5123",0.99466593780363,0.00533406219636989
"5124",0.994893010128233,0.00510698987176669
"5125",0.982879406803053,0.0171205931969466
"5126",0.996463637032591,0.00353636296740938
"5127",0.972331745150962,0.0276682548490381
"5128",0.987558356679459,0.0124416433205411
"5129",0.997402110535274,0.00259788946472569
"5130",0.998387687048536,0.00161231295146355
"5131",0.996621360618524,0.00337863938147637
"5132",0.997456544274038,0.00254345572596158
"5133",0.997524469328835,0.00247553067116534
"5134",0.998078237704878,0.00192176229512195
"5135",0.154353491857281,0.845646508142719
"5136",0.995761776959621,0.00423822304037918
"5137",0.994940601870064,0.00505939812993621
"5138",0.99705002275575,0.00294997724424976
"5139",0.550930831632291,0.449069168367709
"5140",0.992358379125097,0.00764162087490262
"5141",0.961389336391763,0.0386106636082373
"5142",0.989051959509611,0.0109480404903895
"5143",0.994248227185694,0.0057517728143055
"5144",0.996898470069042,0.00310152993095846
"5145",0.995844545952153,0.00415545404784692
"5146",0.998313300275928,0.0016866997240724
"5147",0.935091991275483,0.0649080087245172
"5148",0.994933838359175,0.00506616164082538
"5149",0.99793683308338,0.00206316691661962
"5150",0.996524962759803,0.0034750372401969
"5151",0.99155598948532,0.00844401051468003
"5152",0.996133885879958,0.00386611412004208
"5153",0.997686293523827,0.00231370647617271
"5154",0.994670431410559,0.00532956858944127
"5155",0.996947518642557,0.00305248135744302
"5156",0.995082028989818,0.00491797101018156
"5157",0.995481557951253,0.00451844204874742
"5158",0.994262834628537,0.00573716537146337
"5159",0.99561126863043,0.00438873136957007
"5160",0.998374047929508,0.0016259520704917
"5161",0.87294616770599,0.12705383229401
"5162",0.769611999654785,0.230388000345215
"5163",0.0100996620848637,0.989900337915136
"5164",0.995319772083452,0.00468022791654839
"5165",0.990823000358295,0.00917699964170499
"5166",0.998256959270291,0.00174304072970882
"5167",0.594394882706093,0.405605117293907
"5168",0.99737447796409,0.00262552203591034
"5169",0.998218362727638,0.00178163727236156
"5170",0.994681428729555,0.00531857127044542
"5171",0.922460347192542,0.0775396528074585
"5172",0.994408310791737,0.00559168920826297
"5173",0.995065826921482,0.0049341730785182
"5174",0.996191582129551,0.00380841787044922
"5175",0.224253869485851,0.77574613051415
"5176",0.99211847163706,0.00788152836293952
"5177",0.981752154778483,0.018247845221517
"5178",0.990357691703294,0.00964230829670614
"5179",0.996301389988501,0.00369861001149909
"5180",0.995927521802981,0.00407247819701856
"5181",0.994944481257403,0.0050555187425969
"5182",0.994755842377131,0.00524415762286901
"5183",0.998023296658838,0.00197670334116219
"5184",0.997719682299133,0.00228031770086682
"5185",0.983526308065635,0.0164736919343652
"5186",0.0042876240143561,0.995712375985644
"5187",0.955370059097946,0.0446299409020539
"5188",0.996242527230616,0.00375747276938358
"5189",0.997455834030868,0.0025441659691322
"5190",0.993205475114093,0.00679452488590687
"5191",0.997924624397815,0.00207537560218527
"5192",0.00776269370467245,0.992237306295328
"5193",0.995457871208595,0.0045421287914046
"5194",0.984311061533555,0.0156889384664451
"5195",0.987382006479602,0.0126179935203978
"5196",0.988071198356109,0.0119288016438906
"5197",0.996700665920564,0.00329933407943625
"5198",0.997445378962763,0.00255462103723734
"5199",0.996142593315092,0.00385740668490784
"5200",0.993693495818285,0.00630650418171468
"5201",0.997693855862906,0.00230614413709443
"5202",0.99570657223077,0.00429342776922954
"5203",0.997393931770176,0.00260606822982379
"5204",0.990206341567261,0.00979365843273905
"5205",0.350664134285291,0.649335865714709
"5206",0.995162354819456,0.00483764518054353
"5207",0.965033895037229,0.034966104962771
"5208",0.997897148337002,0.00210285166299827
"5209",0.998029310542857,0.00197068945714297
"5210",0.997808176532922,0.00219182346707777
"5211",0.983110846598969,0.0168891534010311
"5212",0.872476586777463,0.127523413222537
"5213",0.995316544192259,0.00468345580774061
"5214",0.99550974082571,0.00449025917428964
"5215",0.992334872875382,0.00766512712461781
"5216",0.996384873898223,0.00361512610177657
"5217",0.936411232022433,0.0635887679775672
"5218",0.995549818597685,0.00445018140231504
"5219",0.997438304854334,0.00256169514566648
"5220",0.98921159692335,0.0107884030766502
"5221",0.994521727282795,0.00547827271720509
"5222",0.996093149428671,0.00390685057132902
"5223",0.99800130684756,0.00199869315243968
"5224",0.992909201403437,0.00709079859656294
"5225",0.996276723723075,0.00372327627692538
"5226",0.997558918455793,0.00244108154420668
"5227",0.873663025080882,0.126336974919118
"5228",0.991430394449362,0.00856960555063801
"5229",0.989747242070951,0.0102527579290492
"5230",0.997300870170381,0.00269912982961938
"5231",0.998062567518906,0.00193743248109421
"5232",0.996336969063158,0.0036630309368416
"5233",0.997922565371365,0.00207743462863528
"5234",0.986717030023461,0.0132829699765393
"5235",0.991653889170548,0.00834611082945228
"5236",0.996727147393889,0.00327285260611091
"5237",0.996889692638599,0.00311030736140071
"5238",0.996010239630217,0.00398976036978285
"5239",0.995916549567303,0.00408345043269647
"5240",0.899980113999343,0.100019886000658
"5241",0.998311622620419,0.00168837737958125
"5242",0.294650643449877,0.705349356550123
"5243",0.682519672050841,0.317480327949159
"5244",0.998226173646548,0.00177382635345159
"5245",0.994433446354042,0.00556655364595832
"5246",0.998383042212038,0.00161695778796203
"5247",0.995003183377961,0.00499681662203938
"5248",0.996350837483679,0.00364916251632072
"5249",0.961793339509723,0.038206660490277
"5250",0.99661064507684,0.00338935492315958
"5251",0.997770151917119,0.00222984808288077
"5252",0.975303088343248,0.0246969116567524
"5253",0.998034606536717,0.00196539346328262
"5254",0.81181286880651,0.18818713119349
"5255",0.993626437260625,0.00637356273937515
"5256",0.990575622095801,0.00942437790419864
"5257",0.962950914329534,0.0370490856704662
"5258",0.997516403324616,0.00248359667538456
"5259",0.997865986407634,0.00213401359236604
"5260",0.994903702923815,0.00509629707618481
"5261",0.995563636186065,0.00443636381393525
"5262",0.996116513154579,0.00388348684542049
"5263",0.996426924164775,0.00357307583522544
"5264",0.995291399821397,0.00470860017860246
"5265",0.998206787167839,0.00179321283216145
"5266",0.990391694663699,0.00960830533630073
"5267",0.995082593409381,0.00491740659061852
"5268",0.983770413498665,0.0162295865013349
"5269",0.994965311544735,0.00503468845526504
"5270",0.996544207822892,0.00345579217710792
"5271",0.986993034557512,0.0130069654424884
"5272",0.995405277390248,0.00459472260975192
"5273",0.994894909064869,0.00510509093513059
"5274",0.99627021720402,0.00372978279598014
"5275",0.991890166518928,0.00810983348107228
"5276",0.995619225428468,0.00438077457153236
"5277",0.991870811835995,0.00812918816400504
"5278",0.997505140659816,0.00249485934018438
"5279",0.995049129297188,0.00495087070281181
"5280",0.99419108768812,0.00580891231187958
"5281",0.997006947790677,0.00299305220932342
"5282",0.997361511883659,0.00263848811634145
"5283",0.996879518167762,0.00312048183223751
"5284",0.996577561932263,0.00342243806773735
"5285",0.995962561928188,0.00403743807181235
"5286",0.996148736746156,0.00385126325384387
"5287",0.985197014260283,0.014802985739717
"5288",0.991420235734857,0.00857976426514305
"5289",0.994184241417226,0.0058157585827736
"5290",0.994607911451373,0.005392088548627
"5291",0.995786379376835,0.00421362062316505
"5292",0.99836574581824,0.00163425418176023
"5293",0.997010592518382,0.00298940748161772
"5294",0.996831927989102,0.00316807201089833
"5295",0.995476539368288,0.0045234606317124
"5296",0.998418532193405,0.0015814678065951
"5297",0.998261376344213,0.0017386236557868
"5298",0.997251904263958,0.00274809573604167
"5299",0.994185797217425,0.0058142027825754
"5300",0.978265413655882,0.0217345863441175
"5301",0.99366464023142,0.00633535976857972
"5302",0.99612080408209,0.00387919591790998
"5303",0.98273335977794,0.01726664022206
"5304",0.994686152060647,0.00531384793935282
"5305",0.995517439510763,0.0044825604892369
"5306",0.889969164266393,0.110030835733607
"5307",0.994613143928552,0.00538685607144774
"5308",0.998294242517138,0.00170575748286149
"5309",0.969066484530094,0.0309335154699062
"5310",0.998226290301605,0.00177370969839514
"5311",0.951568972245541,0.0484310277544588
"5312",0.992761587071683,0.00723841292831743
"5313",0.998113042523066,0.00188695747693397
"5314",0.996621830902679,0.00337816909732142
"5315",0.996969383108991,0.00303061689100897
"5316",0.98898847227297,0.0110115277270298
"5317",0.998244730895507,0.00175526910449266
"5318",0.994767348728421,0.00523265127157868
"5319",0.996362928520771,0.00363707147922856
"5320",0.892034227413721,0.107965772586279
"5321",0.756600509500498,0.243399490499502
"5322",0.990725270226008,0.00927472977399214
"5323",0.995479296067825,0.0045207039321753
"5324",0.997781697865388,0.00221830213461225
"5325",0.890935363437123,0.109064636562877
"5326",0.998216696523175,0.00178330347682497
"5327",0.993792357460708,0.00620764253929205
"5328",0.995762143999399,0.00423785600060078
"5329",0.996948376713314,0.00305162328668605
"5330",0.996217970867055,0.00378202913294553
"5331",0.998320204382925,0.00167979561707512
"5332",0.988803578977609,0.0111964210223914
"5333",0.970944752050587,0.0290552479494129
"5334",0.992977036618967,0.00702296338103356
"5335",0.99401116369214,0.00598883630786034
"5336",0.993850311570598,0.00614968842940253
"5337",0.991697127747081,0.00830287225291877
"5338",0.973829813342336,0.0261701866576642
"5339",0.831503892515598,0.168496107484402
"5340",0.997924690516148,0.00207530948385179
"5341",0.997662590860599,0.0023374091394013
"5342",0.996456095220926,0.00354390477907402
"5343",0.986532068391735,0.0134679316082654
"5344",0.672752859576719,0.327247140423281
"5345",0.998042711102898,0.00195728889710221
"5346",0.99819535363577,0.00180464636423032
"5347",0.997799336511212,0.00220066348878844
"5348",0.998258441498303,0.00174155850169738
"5349",0.987943789165974,0.0120562108340262
"5350",0.997555561518149,0.00244443848185087
"5351",0.00191665096490234,0.998083349035098
"5352",0.992682438542749,0.00731756145725101
"5353",0.997967339002839,0.00203266099716106
"5354",0.996385837152577,0.0036141628474226
"5355",0.995223237328935,0.00477676267106522
"5356",0.994769352465551,0.00523064753444908
"5357",0.990979536590791,0.00902046340920906
"5358",0.993899719248361,0.00610028075163923
"5359",0.998133422115167,0.00186657788483322
"5360",0.995826279398937,0.00417372060106343
"5361",0.996922900222927,0.00307709977707363
"5362",0.994645651319947,0.00535434868005349
"5363",0.995154893876226,0.00484510612377395
"5364",0.998246934057993,0.00175306594200669
"5365",0.996690878250995,0.00330912174900455
"5366",0.997453571196473,0.00254642880352712
"5367",0.996870219677654,0.00312978032234555
"5368",0.998198410075151,0.00180158992484889
"5369",0.998129424457682,0.00187057554231743
"5370",0.887601519243919,0.112398480756081
"5371",0.997628857734531,0.00237114226546875
"5372",0.995517009030693,0.00448299096930706
"5373",0.997108229212109,0.00289177078789122
"5374",0.998123587729503,0.00187641227049667
"5375",0.997594022261268,0.0024059777387324
"5376",0.98953203190886,0.0104679680911399
"5377",0.00237704050058066,0.997622959499419
"5378",0.996649362916409,0.00335063708359063
"5379",0.995591911771748,0.00440808822825232
"5380",0.995762545416831,0.00423745458316924
"5381",0.993836981410558,0.00616301858944207
"5382",0.995346548533027,0.00465345146697247
"5383",0.998283950610451,0.00171604938954864
"5384",0.993132559328821,0.00686744067117859
"5385",0.997575995898224,0.00242400410177592
"5386",0.996652436835157,0.00334756316484292
"5387",0.994231961392552,0.00576803860744837
"5388",0.997668409839249,0.00233159016075108
"5389",0.994797981899438,0.00520201810056222
"5390",0.992494861482921,0.00750513851707875
"5391",0.995594193447693,0.00440580655230729
"5392",0.995438479578081,0.00456152042191951
"5393",0.997579192577028,0.00242080742297163
"5394",0.997700828193331,0.00229917180666909
"5395",0.997901091694043,0.00209890830595739
"5396",0.00445482269442039,0.995545177305579
"5397",0.998280478663557,0.00171952133644291
"5398",0.998201309458831,0.00179869054116855
"5399",0.985291636681248,0.0147083633187518
"5400",0.995567142070952,0.00443285792904783
"5401",0.997383650696295,0.00261634930370453
"5402",0.99705382449847,0.00294617550153017
"5403",0.994764120888767,0.00523587911123343
"5404",0.998050289986306,0.00194971001369404
"5405",0.99772213259768,0.00227786740231986
"5406",0.992501775212687,0.00749822478731312
"5407",0.996371916479647,0.00362808352035306
"5408",0.012095896874026,0.987904103125974
"5409",0.998337106517404,0.00166289348259581
"5410",0.968946429957073,0.0310535700429267
"5411",0.996175672588124,0.00382432741187632
"5412",0.995130494175343,0.00486950582465683
"5413",0.99793026502368,0.0020697349763204
"5414",0.992263524902655,0.00773647509734509
"5415",0.995923240995839,0.00407675900416108
"5416",0.99377853384041,0.00622146615958961
"5417",0.982403449965254,0.0175965500347462
"5418",0.997908412348912,0.00209158765108802
"5419",0.998095232911887,0.00190476708811286
"5420",0.99601205865438,0.00398794134562012
"5421",0.987108678094604,0.0128913219053958
"5422",0.997095176352219,0.00290482364778098
"5423",0.993984721809874,0.00601527819012634
"5424",0.997363457795742,0.00263654220425764
"5425",0.99614837227964,0.00385162772036029
"5426",0.995879315178975,0.00412068482102502
"5427",0.998201491023201,0.00179850897679952
"5428",0.93924162870351,0.0607583712964898
"5429",0.998306849508735,0.00169315049126483
"5430",0.016240795701182,0.983759204298818
"5431",0.994880678010386,0.0051193219896136
"5432",0.989051387778903,0.0109486122210973
"5433",0.992827162176998,0.00717283782300173
"5434",0.995011432340202,0.00498856765979846
"5435",0.995943971564354,0.00405602843564577
"5436",0.992557049631147,0.00744295036885252
"5437",0.998358534391944,0.00164146560805621
"5438",0.994093982956875,0.00590601704312518
"5439",0.997541413832447,0.0024585861675526
"5440",0.994967596020158,0.00503240397984186
"5441",0.998310645933419,0.0016893540665807
"5442",0.994641120600202,0.00535887939979767
"5443",0.995215201852492,0.00478479814750808
"5444",0.99515964851393,0.00484035148607028
"5445",0.996564112184101,0.00343588781589889
"5446",0.963111719253806,0.0368882807461941
"5447",0.997835656865731,0.00216434313426862
"5448",0.975278519166085,0.0247214808339148
"5449",0.980838779282809,0.0191612207171909
"5450",0.968163519338797,0.0318364806612027
"5451",0.994515401618264,0.00548459838173624
"5452",0.995654710137135,0.00434528986286453
"5453",0.998134119709434,0.00186588029056587
"5454",0.997274497723741,0.00272550227625853
"5455",0.998218572828391,0.00178142717160851
"5456",0.00232739672806452,0.997672603271935
"5457",0.996457559667432,0.0035424403325681
"5458",0.996031490869522,0.00396850913047799
"5459",0.989929446867094,0.0100705531329065
"5460",0.993210119726214,0.00678988027378573
"5461",0.994645888531363,0.00535411146863655
"5462",0.997121376851995,0.00287862314800549
"5463",0.99840436074309,0.00159563925690959
"5464",0.995704937848868,0.00429506215113165
"5465",0.994126795115053,0.0058732048849473
"5466",0.994328230416034,0.00567176958396544
"5467",0.0758419927032208,0.924158007296779
"5468",0.493221565619318,0.506778434380682
"5469",0.996392114902841,0.00360788509715865
"5470",0.997785267998092,0.00221473200190806
"5471",0.994466299780021,0.00553370021997889
"5472",0.946510020596045,0.0534899794039552
"5473",0.993401021555482,0.00659897844451832
"5474",0.996736603134948,0.00326339686505149
"5475",0.99832934393902,0.00167065606098061
"5476",0.995263390091794,0.00473660990820624
"5477",0.98782895261824,0.0121710473817602
"5478",0.997976815991264,0.00202318400873643
"5479",0.997697020792616,0.00230297920738405
"5480",0.988960060814823,0.0110399391851768
"5481",0.98954614447778,0.01045385552222
"5482",0.997226509143886,0.00277349085611371
"5483",0.992265647084839,0.00773435291516142
"5484",0.982385387983591,0.0176146120164088
"5485",0.997838589070205,0.00216141092979524
"5486",0.997854667516191,0.00214533248380898
"5487",0.997294030119748,0.00270596988025231
"5488",0.996221743768666,0.00377825623133391
"5489",0.994578883864893,0.00542111613510668
"5490",0.995088546736837,0.00491145326316251
"5491",0.995407724458656,0.00459227554134413
"5492",0.997260376632829,0.00273962336717124
"5493",0.997709252764716,0.0022907472352837
"5494",0.995217763897878,0.00478223610212227
"5495",0.997644764743736,0.00235523525626385
"5496",0.996094962715306,0.00390503728469454
"5497",0.99812956957268,0.0018704304273195
"5498",0.996893050418547,0.00310694958145251
"5499",0.998415258314676,0.00158474168532364
"5500",0.972134956031933,0.0278650439680673
"5501",0.000241329349360289,0.99975867065064
"5502",0.996464193729126,0.00353580627087393
"5503",0.996420510077209,0.00357948992279117
"5504",0.989653504816997,0.0103464951830025
"5505",0.993026216874578,0.00697378312542206
"5506",0.997606705102402,0.00239329489759772
"5507",0.998384838807126,0.00161516119287437
"5508",0.99093873865429,0.00906126134571012
"5509",0.995839868294902,0.00416013170509816
"5510",0.998384592602489,0.00161540739751148
"5511",0.927713928030568,0.0722860719694323
"5512",0.994520681085721,0.00547931891427926
"5513",0.997192967157989,0.00280703284201096
"5514",0.995970154406529,0.00402984559347084
"5515",0.996491890797689,0.00350810920231142
"5516",0.994672739793455,0.00532726020654521
"5517",0.997181901701873,0.00281809829812722
"5518",0.99779201281553,0.00220798718446994
"5519",0.992304894589111,0.00769510541088876
"5520",0.965578291292756,0.034421708707244
"5521",0.991129274549501,0.00887072545049927
"5522",0.998206834192186,0.00179316580781368
"5523",0.991698308183082,0.00830169181691754
"5524",0.847868637182572,0.152131362817428
"5525",0.997128381743509,0.00287161825649061
"5526",0.992428562564083,0.00757143743591696
"5527",0.997897103707984,0.00210289629201584
"5528",0.994956802674886,0.005043197325114
"5529",0.998352019537135,0.00164798046286483
"5530",0.894433663370862,0.105566336629138
"5531",0.998213151889697,0.00178684811030262
"5532",0.997878558628866,0.002121441371134
"5533",0.991696695776317,0.00830330422368315
"5534",0.997032210148613,0.0029677898513874
"5535",0.990208618660592,0.0097913813394079
"5536",0.995584503984901,0.00441549601509894
"5537",0.984728368448626,0.0152716315513738
"5538",0.993305436193725,0.00669456380627487
"5539",0.998034177168433,0.0019658228315668
"5540",0.973675770798003,0.0263242292019967
"5541",0.998010884080523,0.00198911591947755
"5542",0.994995491919873,0.00500450808012719
"5543",0.99555268792215,0.00444731207784958
"5544",0.983435743181092,0.0165642568189086
"5545",0.993856597361377,0.00614340263862311
"5546",0.991891032233109,0.00810896776689124
"5547",0.88203080720434,0.11796919279566
"5548",0.997233753893091,0.00276624610690873
"5549",0.919792432064972,0.0802075679350279
"5550",0.998125738988517,0.00187426101148315
"5551",0.978951782439077,0.0210482175609234
"5552",0.993540019208185,0.00645998079181449
"5553",0.995880416771279,0.00411958322872047
"5554",0.995335196566247,0.00466480343375295
"5555",0.992192330583868,0.00780766941613162
"5556",0.994130244335826,0.00586975566417351
"5557",0.997857978981865,0.00214202101813539
"5558",0.995113836539601,0.00488616346039859
"5559",0.966652320261823,0.0333476797381774
"5560",0.996873986877288,0.0031260131227125
"5561",0.000968980067269412,0.999031019932731
"5562",0.981930349063279,0.0180696509367206
"5563",0.990431778130527,0.00956822186947325
"5564",0.991656496945053,0.00834350305494742
"5565",0.997924137833619,0.00207586216638064
"5566",0.997150469758912,0.00284953024108824
"5567",0.949210179485232,0.0507898205147677
"5568",0.988754847969637,0.0112451520303628
"5569",0.991404628122432,0.00859537187756778
"5570",0.998304145612794,0.00169585438720561
"5571",0.991846531557944,0.00815346844205569
"5572",0.982388439297698,0.0176115607023025
"5573",0.989042205917901,0.0109577940820988
"5574",0.993606088981059,0.00639391101894064
"5575",0.998287121577445,0.00171287842255534
"5576",0.995357285275998,0.0046427147240016
"5577",0.99719886992245,0.00280113007755004
"5578",0.998303488522409,0.00169651147759094
"5579",0.99772542017859,0.0022745798214103
"5580",0.997426591800794,0.00257340819920556
"5581",0.997586956483901,0.00241304351609862
"5582",0.995476076473137,0.00452392352686258
"5583",0.973274159630365,0.0267258403696348
"5584",0.996921230887958,0.00307876911204167
"5585",0.998038867648533,0.00196113235146711
"5586",0.977762381902528,0.0222376180974718
"5587",0.993680809321907,0.00631919067809289
"5588",0.995002962276718,0.00499703772328238
"5589",0.997555636216342,0.00244436378365804
"5590",0.998312388496665,0.00168761150333486
"5591",0.99781808419979,0.00218191580021023
"5592",0.997525649458572,0.00247435054142834
"5593",0.994978154130397,0.00502184586960293
"5594",0.994065843553147,0.0059341564468527
"5595",0.994614158701306,0.00538584129869349
"5596",0.987061068161226,0.0129389318387745
"5597",0.994826913791967,0.00517308620803322
"5598",0.996210345313275,0.00378965468672528
"5599",0.996850653281779,0.00314934671822156
"5600",0.906195093076867,0.0938049069231326
"5601",0.818799503896581,0.181200496103419
"5602",0.99636434605832,0.00363565394168014
"5603",0.975181945515389,0.0248180544846114
"5604",0.996039481550318,0.00396051844968179
"5605",0.982282909203839,0.0177170907961611
"5606",0.986813963346704,0.0131860366532964
"5607",0.989781478143918,0.0102185218560817
"5608",0.99305430853165,0.00694569146834946
"5609",0.998213192986383,0.00178680701361677
"5610",0.997506956694139,0.00249304330586052
"5611",0.997257220669072,0.00274277933092771
"5612",0.996950999651561,0.00304900034843925
"5613",0.963867984154386,0.0361320158456141
"5614",0.995244456457442,0.00475554354255811
"5615",0.99483882728868,0.00516117271132007
"5616",0.998012357019296,0.00198764298070398
"5617",0.997284807448,0.00271519255200023
"5618",0.99808528094318,0.00191471905681953
"5619",0.993133562145526,0.00686643785447442
"5620",0.463195846241593,0.536804153758407
"5621",0.996716308118552,0.00328369188144789
"5622",0.998210321466435,0.00178967853356511
"5623",0.996735360456829,0.00326463954317119
"5624",0.99510024114938,0.00489975885061984
"5625",0.997159917953891,0.00284008204610919
"5626",0.993317698859779,0.00668230114022112
"5627",0.998362980516597,0.00163701948340298
"5628",0.996380892596972,0.00361910740302796
"5629",0.995642380073684,0.00435761992631544
"5630",0.995482742178588,0.00451725782141247
"5631",0.0060911000782443,0.993908899921756
"5632",0.994788718522015,0.00521128147798466
"5633",0.994415337134136,0.00558466286586365
"5634",0.994969848494683,0.00503015150531761
"5635",0.991303042664883,0.00869695733511728
"5636",0.997676872970197,0.00232312702980333
"5637",0.991650902883003,0.00834909711699748
"5638",0.988961728444458,0.0110382715555419
"5639",0.994806552008488,0.00519344799151241
"5640",0.994725598606918,0.00527440139308222
"5641",0.995998498777309,0.00400150122269091
"5642",0.13078637693727,0.86921362306273
"5643",0.990116056941377,0.00988394305862324
"5644",0.997390579486916,0.00260942051308354
"5645",0.99297483110513,0.00702516889487027
"5646",0.99557419004115,0.00442580995885012
"5647",0.996705507590779,0.00329449240922108
"5648",0.99521388995464,0.00478611004536
"5649",0.99229167962669,0.00770832037331022
"5650",0.992429105362599,0.00757089463740078
"5651",0.99636992116442,0.00363007883557956
"5652",0.995466075159133,0.00453392484086657
"5653",0.99521190771011,0.00478809228989041
"5654",0.998444019966245,0.00155598003375534
"5655",0.995533947204356,0.00446605279564371
"5656",0.994181591941246,0.00581840805875427
"5657",0.99360171087594,0.00639828912405997
"5658",0.997352805771541,0.00264719422845911
"5659",0.99103520098257,0.0089647990174295
"5660",0.996005602435081,0.0039943975649186
"5661",0.996589173810325,0.00341082618967489
"5662",0.994670668386502,0.00532933161349821
"5663",0.702348594522181,0.297651405477819
"5664",0.997890443092669,0.00210955690733121
"5665",0.998161473886089,0.00183852611391133
"5666",0.997801315450198,0.00219868454980209
"5667",0.997101332889069,0.00289866711093093
"5668",0.996811139519971,0.00318886048002897
"5669",0.996779504576406,0.00322049542359457
"5670",0.995673108699084,0.00432689130091576
"5671",0.998323061650271,0.00167693834972909
"5672",0.99276852441367,0.0072314755863298
"5673",0.928172638277578,0.0718273617224219
"5674",0.00192328934965997,0.99807671065034
"5675",0.99411850584795,0.00588149415204978
"5676",0.99809091290948,0.00190908709052026
"5677",0.997167804909854,0.00283219509014604
"5678",0.998305016602618,0.001694983397382
"5679",0.994841260645765,0.00515873935423527
"5680",0.99179017058561,0.00820982941438991
"5681",0.995311333092366,0.00468866690763356
"5682",0.989624164238216,0.0103758357617839
"5683",0.957542309910968,0.0424576900890318
"5684",0.991396045866035,0.00860395413396464
"5685",0.993149387004172,0.00685061299582798
"5686",0.998116679145396,0.00188332085460339
"5687",0.990037446008165,0.00996255399183502
"5688",0.996489062634062,0.00351093736593814
"5689",0.99818297253452,0.00181702746547959
"5690",0.951602807197034,0.0483971928029656
"5691",0.994893139066586,0.00510686093341391
"5692",0.996049004614383,0.003950995385617
"5693",0.90568034244396,0.0943196575560405
"5694",0.997445605301756,0.00255439469824414
"5695",0.998157673623904,0.00184232637609577
"5696",0.998042340439697,0.00195765956030285
"5697",0.964418315883153,0.0355816841168473
"5698",0.946466843532972,0.053533156467028
"5699",0.995964619211122,0.00403538078887782
"5700",0.982017215108377,0.0179827848916228
"5701",0.993393356462428,0.00660664353757205
"5702",0.994301233610975,0.00569876638902539
"5703",0.989806879043076,0.0101931209569237
"5704",0.99507910578201,0.00492089421799033
"5705",0.977442918431054,0.0225570815689456
"5706",0.996786287322147,0.00321371267785315
"5707",0.996484736127277,0.00351526387272272
"5708",0.995457854316996,0.00454214568300364
"5709",0.998040076053482,0.00195992394651824
"5710",0.998228697484659,0.00177130251534069
"5711",0.995042560276745,0.00495743972325507
"5712",0.813972645350273,0.186027354649727
"5713",0.995210376352441,0.00478962364755899
"5714",0.987203946085588,0.0127960539144117
"5715",0.993248190492977,0.00675180950702329
"5716",0.993512662873786,0.00648733712621362
"5717",0.995988495564894,0.00401150443510639
"5718",0.995374261446076,0.0046257385539236
"5719",0.99724822421487,0.00275177578512961
"5720",0.997421105559973,0.00257889444002757
"5721",0.994763038515922,0.00523696148407785
"5722",0.994793303772987,0.00520669622701291
"5723",0.995658762309591,0.00434123769040874
"5724",0.995251291382188,0.00474870861781229
"5725",0.995359224600089,0.00464077539991138
"5726",0.995646774575115,0.00435322542488465
"5727",0.933278078198013,0.0667219218019867
"5728",0.97962380533268,0.0203761946673195
"5729",0.996000115092778,0.00399988490722172
"5730",0.897511387786513,0.102488612213487
"5731",0.997053604360789,0.0029463956392114
"5732",0.998047941681192,0.00195205831880837
"5733",0.995183028277147,0.00481697172285251
"5734",0.996021896772482,0.00397810322751812
"5735",0.985041616436515,0.0149583835634848
"5736",0.992745629995434,0.00725437000456631
"5737",0.995716483054867,0.00428351694513271
"5738",0.996380325551154,0.00361967444884624
"5739",0.995990857391872,0.00400914260812798
"5740",0.997123236592718,0.00287676340728224
"5741",0.02097174118287,0.97902825881713
"5742",0.991783248917193,0.00821675108280698
"5743",0.998242828716083,0.00175717128391651
"5744",0.994823677532162,0.00517632246783757
"5745",0.996222466229967,0.00377753377003324
"5746",0.998329806849544,0.00167019315045554
"5747",0.993702214871639,0.00629778512836092
"5748",0.99573170589232,0.00426829410767972
"5749",0.997553633357995,0.00244636664200469
"5750",0.995057689319431,0.00494231068056895
"5751",0.996702457684569,0.00329754231543112
"5752",0.994821612012686,0.00517838798731416
"5753",0.997156352652953,0.00284364734704649
"5754",0.980427733800171,0.019572266199829
"5755",0.99645847268754,0.00354152731246013
"5756",0.987730024728447,0.0122699752715535
"5757",0.997020026058064,0.00297997394193586
"5758",0.996130500873888,0.00386949912611172
"5759",0.997568148405899,0.0024318515941004
"5760",0.994916580171946,0.00508341982805427
"5761",0.997383410977139,0.00261658902286064
"5762",0.992964609798895,0.00703539020110441
"5763",0.989379018580021,0.0106209814199792
"5764",0.998344395316754,0.00165560468324624
"5765",0.997867558087277,0.00213244191272331
"5766",0.995926739496025,0.00407326050397479
"5767",0.997533020810345,0.00246697918965508
"5768",0.995458522621091,0.00454147737890918
"5769",0.995281274815667,0.00471872518433262
"5770",0.993026097322826,0.00697390267717352
"5771",0.989534393032943,0.0104656069670573
"5772",0.998233629410703,0.00176637058929716
"5773",0.996979119958016,0.00302088004198368
"5774",0.997212595918583,0.00278740408141673
"5775",0.988869933195625,0.0111300668043747
"5776",0.998049857600725,0.00195014239927506
"5777",0.998295271486054,0.00170472851394556
"5778",0.998125121650162,0.00187487834983795
"5779",0.995750210664894,0.00424978933510572
"5780",0.994743468197673,0.00525653180232673
"5781",0.992472477529935,0.00752752247006502
"5782",0.997127414036221,0.00287258596377946
"5783",0.989625669279623,0.0103743307203768
"5784",0.996863026873707,0.00313697312629302
"5785",0.994464060758916,0.00553593924108433
"5786",0.998117978495391,0.00188202150460887
"5787",0.995953755455309,0.0040462445446909
"5788",0.993012280751684,0.00698771924831566
"5789",0.994091321948887,0.00590867805111268
"5790",0.99422096010623,0.00577903989376986
"5791",0.993588596040671,0.00641140395932938
"5792",0.98721182595738,0.0127881740426197
"5793",0.997479992434942,0.00252000756505833
"5794",0.994072105808921,0.00592789419107893
"5795",0.965882799738155,0.0341172002618449
"5796",0.741360100831745,0.258639899168255
"5797",0.997396307965793,0.00260369203420668
"5798",0.995864081873334,0.00413591812666581
"5799",0.998378120447728,0.00162187955227239
"5800",0.997736977350262,0.00226302264973846
"5801",0.998281784440218,0.00171821555978188
"5802",0.995773527217538,0.004226472782462
"5803",0.995303052152141,0.00469694784785859
"5804",0.998268234297689,0.00173176570231115
"5805",0.996150609791558,0.00384939020844246
"5806",0.00413988207631644,0.995860117923684
"5807",0.998018955551259,0.00198104444874115
"5808",0.997332510630599,0.00266748936940104
"5809",0.00267111925354216,0.997328880746458
"5810",0.984091332516269,0.0159086674837308
"5811",0.9975986524554,0.00240134754460017
"5812",0.995236136965284,0.00476386303471592
"5813",0.995242881654996,0.00475711834500424
"5814",0.990973635121881,0.00902636487811867
"5815",0.995278540909754,0.00472145909024599
"5816",0.865547800376158,0.134452199623842
"5817",0.998302491707167,0.0016975082928334
"5818",0.994557470483334,0.00544252951666555
"5819",0.993752140971083,0.00624785902891741
"5820",0.996910887273264,0.00308911272673546
"5821",0.938205193039735,0.0617948069602646
"5822",0.989890521034623,0.0101094789653768
"5823",0.972156165565913,0.0278438344340869
"5824",0.994880126051081,0.00511987394891852
"5825",0.9941041965045,0.0058958034955004
"5826",0.996588409760594,0.00341159023940606
"5827",0.986465936326374,0.0135340636736264
"5828",0.996219416735575,0.00378058326442459
"5829",0.997080868905324,0.00291913109467647
"5830",0.948188735275965,0.051811264724035
"5831",0.996217989535469,0.0037820104645307
"5832",0.995996303330558,0.004003696669442
"5833",0.996668604408873,0.00333139559112716
"5834",0.998055716465578,0.00194428353442161
"5835",0.978772918311511,0.0212270816884892
"5836",0.99499844050157,0.00500155949842985
"5837",0.99537373217148,0.00462626782852045
"5838",0.995089075446247,0.00491092455375256
"5839",0.99449332245178,0.00550667754822036
"5840",0.0250034964314019,0.974996503568598
"5841",0.994834224570238,0.00516577542976194
"5842",0.997720708608266,0.00227929139173424
"5843",0.998373300317768,0.00162669968223176
"5844",0.993992883701815,0.0060071162981844
"5845",0.993184813020496,0.00681518697950382
"5846",0.990284769470893,0.00971523052910682
"5847",0.995502867549927,0.00449713245007329
"5848",0.990238227814397,0.0097617721856034
"5849",0.985975788791525,0.0140242112084752
"5850",0.994989150029538,0.00501084997046225
"5851",0.998279127609183,0.00172087239081718
"5852",0.994863035378495,0.00513696462150542
"5853",0.997507219150369,0.00249278084963141
"5854",0.996895247498158,0.00310475250184195
"5855",0.993653292842327,0.00634670715767255
"5856",0.996427235515892,0.00357276448410805
"5857",0.995710932191078,0.00428906780892197
"5858",0.998291959251619,0.00170804074838086
"5859",0.997402117848095,0.00259788215190482
"5860",0.996722947726563,0.00327705227343645
"5861",0.988786148004071,0.0112138519959285
"5862",0.991139584540992,0.00886041545900768
"5863",0.971942165360447,0.0280578346395536
"5864",0.0659179752960622,0.934082024703938
"5865",0.995712675751632,0.00428732424836779
"5866",0.996044028078325,0.00395597192167478
"5867",0.998043531564474,0.00195646843552562
"5868",0.99452567452946,0.00547432547053984
"5869",0.997868556740745,0.00213144325925518
"5870",0.997672518265997,0.00232748173400341
"5871",0.981103713552159,0.018896286447841
"5872",0.997798424430522,0.00220157556947813
"5873",0.988181319228885,0.0118186807711155
"5874",0.960280231919744,0.0397197680802565
"5875",0.996094073802867,0.00390592619713338
"5876",0.993933839612585,0.00606616038741503
"5877",0.989944688567124,0.0100553114328757
"5878",0.99445654781661,0.00554345218338992
"5879",0.994587031956932,0.0054129680430682
"5880",0.995478138829549,0.00452186117045141
"5881",0.00608560644151339,0.993914393558487
"5882",0.998202185726494,0.0017978142735061
"5883",0.996738517996064,0.00326148200393614
"5884",0.996718159523271,0.00328184047672919
"5885",0.995857919061216,0.00414208093878379
"5886",0.99429031028748,0.00570968971251953
"5887",0.98415600280311,0.01584399719689
"5888",0.995517602880052,0.00448239711994842
"5889",0.994538080246054,0.00546191975394597
"5890",0.995362003185672,0.00463799681432772
"5891",0.997865936853866,0.002134063146134
"5892",0.996000079900516,0.00399992009948405
"5893",0.994539750931744,0.00546024906825572
"5894",0.998468172420809,0.00153182757919084
"5895",0.995217914740432,0.00478208525956753
"5896",0.987981835732407,0.0120181642675931
"5897",0.983574686722624,0.016425313277376
"5898",0.992528455768101,0.00747154423189863
"5899",0.99631812204488,0.00368187795512045
"5900",0.983778457412079,0.0162215425879208
"5901",0.996676492725002,0.00332350727499773
"5902",0.00254827602304043,0.997451723976959
"5903",0.969301887226717,0.0306981127732826
"5904",0.997424640812472,0.00257535918752829
"5905",0.995394390359595,0.00460560964040449
"5906",0.99553004656607,0.00446995343393039
"5907",0.997369871432013,0.00263012856798713
"5908",0.994501060947822,0.00549893905217814
"5909",0.996728944605785,0.00327105539421533
"5910",0.992520840987757,0.00747915901224321
"5911",0.952650102661388,0.0473498973386118
"5912",0.99587746080577,0.00412253919423004
"5913",0.995467292879927,0.0045327071200727
"5914",0.993322952995303,0.00667704700469733
"5915",0.996581896004742,0.00341810399525847
"5916",0.991300096663395,0.00869990333660508
"5917",0.996024117701174,0.00397588229882579
"5918",0.998075785478195,0.00192421452180463
"5919",0.997851676026767,0.00214832397323299
"5920",0.997774951164228,0.00222504883577205
"5921",0.997116700968669,0.00288329903133081
"5922",0.998463651094244,0.00153634890575599
"5923",0.997420669020197,0.00257933097980252
"5924",0.996297417903467,0.00370258209653337
"5925",0.993794990297246,0.00620500970275436
"5926",0.997018232523169,0.00298176747683147
"5927",0.99446977854755,0.00553022145245023
"5928",0.994854302533802,0.00514569746619772
"5929",0.99771622747856,0.00228377252143969
"5930",0.99577542021501,0.00422457978499047
"5931",0.997816849580265,0.00218315041973526
"5932",0.99840445384556,0.00159554615444057
"5933",0.989465685538451,0.0105343144615484
"5934",0.998039834620014,0.00196016537998563
"5935",0.994713293145836,0.00528670685416399
"5936",0.997796625199151,0.00220337480084878
"5937",0.995022432534161,0.00497756746583929
"5938",0.899702843455774,0.100297156544226
"5939",0.994713399622083,0.00528660037791729
"5940",0.997734235964268,0.00226576403573174
"5941",0.997774427119941,0.00222557288005905
"5942",0.993256435687969,0.00674356431203065
"5943",0.994744991839932,0.00525500816006797
"5944",0.99801072140866,0.00198927859133985
"5945",0.974690974001722,0.0253090259982781
"5946",0.996223848711851,0.00377615128814914
"5947",0.997914337794169,0.00208566220583121
"5948",0.995189948081001,0.004810051918999
"5949",0.997931709995746,0.00206829000425354
"5950",0.998320488086371,0.00167951191362893
"5951",0.994836815847376,0.00516318415262358
"5952",0.998249468663377,0.00175053133662349
"5953",0.996065399110414,0.00393460088958585
"5954",0.994546920750652,0.00545307924934777
"5955",0.993420407183591,0.00657959281640955
"5956",0.998201750227258,0.00179824977274259
"5957",0.997934343958977,0.00206565604102279
"5958",0.63333380102305,0.36666619897695
"5959",0.995996148977929,0.00400385102207074
"5960",0.995458558071422,0.00454144192857831
"5961",0.993714816069063,0.00628518393093693
"5962",0.996605767584394,0.00339423241560625
"5963",0.994638422833313,0.00536157716668743
"5964",0.540459833727348,0.459540166272652
"5965",0.897878451120827,0.102121548879173
"5966",0.99567599748718,0.00432400251282006
"5967",0.989629081271367,0.0103709187286329
"5968",0.998306062927845,0.00169393707215561
"5969",0.994745974207796,0.00525402579220378
"5970",0.970105749536217,0.0298942504637831
"5971",0.990996908741406,0.00900309125859429
"5972",0.993553984917016,0.00644601508298351
"5973",0.00863664057902943,0.991363359420971
"5974",0.991223312561089,0.00877668743891074
"5975",0.996295279596476,0.0037047204035238
"5976",0.997587593539414,0.00241240646058634
"5977",0.994577808446545,0.00542219155345495
"5978",0.998086742140981,0.00191325785901914
"5979",0.945319462321149,0.0546805376788506
"5980",0.997421778249196,0.00257822175080377
"5981",0.960857180338171,0.0391428196618294
"5982",0.952571304541392,0.047428695458608
"5983",0.998453513276396,0.00154648672360413
"5984",0.994826748229464,0.00517325177053559
"5985",0.973208762115929,0.0267912378840715
"5986",0.997787207398953,0.00221279260104698
"5987",0.998369615419553,0.0016303845804471
"5988",0.98444374055028,0.0155562594497202
"5989",0.973498322945831,0.0265016770541691
"5990",0.996449621622564,0.00355037837743566
"5991",0.991872728192061,0.00812727180793881
"5992",0.985290391909834,0.0147096080901664
"5993",0.998147165356736,0.00185283464326448
"5994",0.994900918820547,0.00509908117945306
"5995",0.992686472427445,0.00731352757255507
"5996",0.993417175914795,0.00658282408520485
"5997",0.996213684465791,0.0037863155342094
"5998",0.995360172976746,0.00463982702325437
"5999",0.994975541183384,0.00502445881661625
"6000",0.997946392912196,0.00205360708780423
"6001",0.994913618342207,0.00508638165779289
"6002",0.997597947573789,0.00240205242621083
"6003",0.995431718524487,0.0045682814755126
"6004",0.997774798694146,0.00222520130585416
"6005",0.989571173709575,0.0104288262904247
"6006",0.996439526494178,0.00356047350582157
"6007",0.992162593975225,0.00783740602477544
"6008",0.997048699080263,0.00295130091973731
"6009",0.991935079180759,0.0080649208192415
"6010",0.998216566134012,0.00178343386598768
"6011",0.995283068056426,0.00471693194357386
"6012",0.946699809372,0.0533001906280003
"6013",0.975024668279982,0.024975331720018
"6014",0.996610316009716,0.00338968399028442
"6015",0.954910983516551,0.0450890164834489
"6016",0.997824935643877,0.00217506435612304
"6017",0.973712964154947,0.0262870358450527
"6018",0.991844681860859,0.00815531813914098
"6019",0.996280085693856,0.00371991430614406
"6020",0.995841181305706,0.00415881869429385
"6021",0.996415353445462,0.00358464655453756
"6022",0.989537682152398,0.0104623178476018
"6023",0.00114469252611209,0.998855307473888
"6024",0.995987940466303,0.0040120595336971
"6025",0.983151680948873,0.0168483190511274
"6026",0.997132057795265,0.00286794220473508
"6027",0.993164348402731,0.00683565159726932
"6028",0.996165629985834,0.00383437001416575
"6029",0.998021333148451,0.00197866685154934
"6030",0.96871729046814,0.0312827095318605
"6031",0.992087113152271,0.00791288684772885
"6032",0.998198470708271,0.00180152929172951
"6033",0.984231078249469,0.0157689217505311
"6034",0.997790995940412,0.00220900405958782
"6035",0.994853808553771,0.00514619144622931
"6036",0.992104862411709,0.00789513758829109
"6037",0.992790522960289,0.00720947703971057
"6038",0.997538710985495,0.00246128901450498
"6039",0.998329379815278,0.00167062018472191
"6040",0.980222633848158,0.0197773661518422
"6041",0.996139935044513,0.00386006495548664
"6042",0.995280520767483,0.00471947923251658
"6043",0.984096257124041,0.0159037428759591
"6044",0.909611425589235,0.0903885744107653
"6045",0.997206811361439,0.00279318863856069
"6046",0.00216272011231739,0.997837279887683
"6047",0.994908303182699,0.00509169681730064
"6048",0.997094714916742,0.00290528508325837
"6049",0.995508759684305,0.00449124031569514
"6050",0.997927063945791,0.00207293605420941
"6051",0.429972935775863,0.570027064224137
"6052",0.997814371481947,0.00218562851805297
"6053",0.997810054468648,0.00218994553135221
"6054",0.992077723048213,0.00792227695178714
"6055",0.998151543426707,0.00184845657329307
"6056",0.994054046253973,0.00594595374602679
"6057",0.997245226308197,0.00275477369180272
"6058",0.890030778898854,0.109969221101146
"6059",0.99344616781017,0.00655383218982992
"6060",0.997202517199161,0.00279748280083895
"6061",0.99700789093251,0.00299210906749024
"6062",0.997984068896778,0.00201593110322235
"6063",0.998364776847486,0.00163522315251438
"6064",0.996081190791301,0.00391880920869902
"6065",0.995407051542612,0.00459294845738838
"6066",0.984575145399739,0.0154248546002615
"6067",0.973837792722792,0.0261622072772081
"6068",0.998228900933176,0.00177109906682396
"6069",0.994736960581379,0.00526303941862142
"6070",0.996486654008893,0.00351334599110728
"6071",0.894500926887955,0.105499073112045
"6072",0.862443016308608,0.137556983691392
"6073",0.996490770161815,0.00350922983818511
"6074",0.994996635425083,0.00500336457491659
"6075",0.997906418619315,0.00209358138068505
"6076",0.996026569881853,0.00397343011814668
"6077",0.989875712816789,0.0101242871832115
"6078",0.993023632520321,0.00697636747967897
"6079",0.996519513568865,0.00348048643113479
"6080",0.998415258314676,0.00158474168532364
"6081",0.993868543329356,0.00613145667064353
"6082",0.691775826743305,0.308224173256695
"6083",0.997433800627409,0.00256619937259101
"6084",0.972984511649783,0.0270154883502173
"6085",0.992087768918119,0.00791223108188075
"6086",0.996086703254488,0.0039132967455121
"6087",0.976231591437457,0.0237684085625424
"6088",0.996526001003743,0.0034739989962569
"6089",0.997777734834557,0.00222226516544336
"6090",0.995082934286346,0.00491706571365435
"6091",0.010583725695111,0.989416274304889
"6092",0.99815316458799,0.00184683541200955
"6093",0.996957223071867,0.00304277692813304
"6094",0.995568560389423,0.00443143961057673
"6095",0.364041986864123,0.635958013135877
"6096",0.998172612413018,0.0018273875869817
"6097",0.997790006435987,0.00220999356401343
"6098",0.994815579737754,0.00518442026224594
"6099",0.991511980509636,0.00848801949036386
"6100",0.994268656681086,0.00573134331891386
"6101",0.947211681002473,0.0527883189975272
"6102",0.167101241043246,0.832898758956754
"6103",0.937669184806599,0.0623308151934007
"6104",0.106697802066171,0.893302197933829
"6105",0.976467666312534,0.0235323336874659
"6106",0.998281391474383,0.00171860852561711
"6107",0.996637517806151,0.00336248219384912
"6108",0.998131739419584,0.00186826058041559
"6109",0.995313371203272,0.00468662879672814
"6110",0.975172902271614,0.0248270977283859
"6111",0.990053971607356,0.0099460283926439
"6112",0.996178178153015,0.00382182184698497
"6113",0.99473976202645,0.00526023797354963
"6114",0.974336845380969,0.0256631546190306
"6115",0.983496843694703,0.016503156305297
"6116",0.996530923591485,0.00346907640851467
"6117",0.994396365913173,0.005603634086827
"6118",0.0441617939558989,0.955838206044101
"6119",0.0206871884337776,0.979312811566223
"6120",0.997838949083136,0.00216105091686414
"6121",0.992317294738996,0.00768270526100455
"6122",0.994163077147382,0.00583692285261824
"6123",0.997210475616844,0.00278952438315634
"6124",0.998101557717527,0.00189844228247346
"6125",0.996890125575344,0.00310987442465559
"6126",0.996874286121062,0.00312571387893791
"6127",0.994832532377241,0.0051674676227593
"6128",0.582906189869725,0.417093810130275
"6129",0.983216901119687,0.0167830988803133
"6130",0.992313560517796,0.00768643948220413
"6131",0.998356420747843,0.0016435792521566
"6132",0.997827973570403,0.00217202642959673
"6133",0.997978567358284,0.00202143264171634
"6134",0.975407902559332,0.0245920974406676
"6135",0.996792239993291,0.00320776000670918
"6136",0.997542119811944,0.00245788018805608
"6137",0.997462180603681,0.00253781939631933
"6138",0.995219529516426,0.00478047048357395
"6139",0.995040651454459,0.00495934854554061
"6140",0.995359815491262,0.00464018450873813
"6141",0.997504972869859,0.00249502713014109
"6142",0.997890805857228,0.00210919414277168
"6143",0.99822037528559,0.00177962471440993
"6144",0.998425225571607,0.00157477442839289
"6145",0.994430187832696,0.00556981216730362
"6146",0.99226118429224,0.00773881570775962
"6147",0.992827309251083,0.00717269074891692
"6148",0.996972233896566,0.00302776610343425
"6149",0.995422861395987,0.00457713860401327
"6150",0.996702512185374,0.00329748781462646
"6151",0.998253614364014,0.00174638563598598
"6152",0.99532671779231,0.00467328220769036
"6153",0.997741934860991,0.00225806513900932
"6154",0.998284489479851,0.00171551052014898
"6155",0.996706804948792,0.00329319505120841
"6156",0.996930891118252,0.00306910888174835
"6157",0.991814223748134,0.00818577625186584
"6158",0.998347559212034,0.00165244078796592
"6159",0.913988717787797,0.0860112822122026
"6160",0.926506315046485,0.0734936849535155
"6161",0.994877517526892,0.00512248247310749
"6162",0.99795327375111,0.00204672624888966
"6163",0.988807766641548,0.0111922333584519
"6164",0.998436871619492,0.00156312838050823
"6165",0.996637065519657,0.00336293448034313
"6166",0.996017887648272,0.00398211235172844
"6167",0.991573341672494,0.0084266583275058
"6168",0.997485269521199,0.00251473047880092
"6169",0.100970161450214,0.899029838549786
"6170",0.994245830987043,0.00575416901295681
"6171",0.994961649128632,0.00503835087136798
"6172",0.957915974499951,0.0420840255000493
"6173",0.997689642825569,0.00231035717443078
"6174",0.998344320589995,0.00165567941000484
"6175",0.99833837007466,0.0016616299253397
"6176",0.997568515265222,0.00243148473477855
"6177",0.994331790378692,0.00566820962130812
"6178",0.997789211886285,0.00221078811371497
"6179",0.986577935608891,0.0134220643911094
"6180",0.990834206078802,0.00916579392119834
"6181",0.997857430622968,0.0021425693770325
"6182",0.994790744695109,0.00520925530489097
"6183",0.993088017900672,0.00691198209932808
"6184",0.998421249069049,0.00157875093095145
"6185",0.000692189428194998,0.999307810571805
"6186",0.980914492033644,0.0190855079663562
"6187",0.000704958398946612,0.999295041601053
"6188",0.979631407881163,0.0203685921188369
"6189",0.994220885827622,0.00577911417237805
"6190",0.783347891880556,0.216652108119444
"6191",0.996244967060078,0.00375503293992179
"6192",0.997619324171163,0.00238067582883719
"6193",0.988154162632293,0.0118458373677067
"6194",0.978795956456127,0.0212040435438724
"6195",0.996866640001359,0.00313335999864113
"6196",0.978491939323382,0.0215080606766186
"6197",0.998035112585206,0.00196488741479398
"6198",0.0617169754671717,0.938283024532828
"6199",0.998447433922798,0.00155256607720172
"6200",0.997735893450454,0.00226410654954599
"6201",0.980219564149106,0.0197804358508936
"6202",0.99307505628951,0.00692494371048955
"6203",0.983079328667687,0.0169206713323135
"6204",0.998154949420184,0.00184505057981602
"6205",0.99401523118745,0.00598476881254982
"6206",0.99604776171352,0.00395223828648022
"6207",0.992153243990117,0.00784675600988265
"6208",0.997408356325864,0.00259164367413625
"6209",0.994018713118966,0.00598128688103373
"6210",0.850607061562363,0.149392938437637
"6211",0.995724438155801,0.00427556184419888
"6212",0.995295960382373,0.0047040396176266
"6213",0.997815341541475,0.00218465845852479
"6214",0.991940047355023,0.00805995264497702
"6215",0.962071523203385,0.0379284767966146
"6216",0.995855324212379,0.00414467578762082
"6217",0.98822766084614,0.0117723391538603
"6218",0.996644266239467,0.00335573376053248
"6219",0.996545536193478,0.0034544638065224
"6220",0.990767687117607,0.0092323128823929
"6221",0.985965244109706,0.0140347558902941
"6222",0.991895035293558,0.00810496470644225
"6223",0.996692437239957,0.00330756276004276
"6224",0.995871212735497,0.00412878726450326
"6225",0.996666756947323,0.00333324305267709
"6226",0.997782226743842,0.0022177732561584
"6227",0.996310095538085,0.00368990446191469
"6228",0.998243488646508,0.00175651135349193
"6229",0.997997373022674,0.00200262697732607
"6230",0.984417872858101,0.015582127141899
"6231",0.901404887878075,0.0985951121219246
"6232",0.980832261149142,0.0191677388508584
"6233",0.994792713447596,0.00520728655240412
"6234",0.991667160388554,0.00833283961144601
"6235",0.994444594394573,0.00555540560542656
"6236",0.998361209732826,0.00163879026717419
"6237",0.937966416136289,0.0620335838637109
"6238",0.992762974647897,0.00723702535210288
"6239",0.996301649553078,0.00369835044692228
"6240",0.993705478605331,0.00629452139466888
"6241",0.997867398152347,0.00213260184765323
"6242",0.995211013414251,0.00478898658574919
"6243",0.997772972776117,0.00222702722388311
"6244",0.995485958291549,0.00451404170845079
"6245",0.857802581066531,0.142197418933469
"6246",0.963673430018195,0.0363265699818051
"6247",0.993970350823287,0.006029649176713
"6248",0.988575758062629,0.0114242419373711
"6249",0.997890601965947,0.00210939803405341
"6250",0.998081992722634,0.00191800727736581
"6251",0.995178441886947,0.00482155811305282
"6252",0.992467502174209,0.00753249782579062
"6253",0.993078053492093,0.00692194650790696
"6254",0.558969354291489,0.441030645708511
"6255",0.997927176110444,0.00207282388955614
"6256",0.998160511626622,0.00183948837337812
"6257",0.995647413154104,0.00435258684589634
"6258",0.997487194749361,0.00251280525063864
"6259",0.995100284528767,0.00489971547123332
"6260",0.997827200896599,0.00217279910340142
"6261",0.997624478071079,0.00237552192892074
"6262",0.994411283394114,0.00558871660588565
"6263",0.993000448212643,0.00699955178735712
"6264",0.994591458079814,0.00540854192018619
"6265",0.981141219299938,0.0188587807000622
"6266",0.917840152268349,0.0821598477316516
"6267",0.994942114872168,0.00505788512783201
"6268",0.995612787362815,0.00438721263718495
"6269",0.998284476984872,0.00171552301512804
"6270",0.995489423483173,0.00451057651682692
"6271",0.995935149009212,0.00406485099078843
"6272",0.986366600914697,0.0136333990853029
"6273",0.996475953816275,0.00352404618372531
"6274",0.993946356456158,0.00605364354384206
"6275",0.23983787643017,0.76016212356983
"6276",0.996257028216886,0.00374297178311382
"6277",0.997626965199073,0.00237303480092673
"6278",0.984648072726247,0.0153519272737529
"6279",0.00151021470545645,0.998489785294543
"6280",0.997679854044975,0.00232014595502535
"6281",0.997765646468637,0.00223435353136338
"6282",0.997165069191868,0.00283493080813254
"6283",0.996246937439523,0.00375306256047689
"6284",0.995417055978975,0.00458294402102537
"6285",0.997037849496922,0.00296215050307792
"6286",0.894018356649195,0.105981643350805
"6287",0.997975914241319,0.00202408575868099
"6288",0.99651427022152,0.00348572977847972
"6289",0.995471100222301,0.00452889977769902
"6290",0.990826813383845,0.00917318661615508
"6291",0.98580195071269,0.0141980492873099
"6292",0.994479372772122,0.00552062722787796
"6293",0.995533439509335,0.0044665604906647
"6294",0.998109977255357,0.0018900227446433
"6295",0.995145634436985,0.00485436556301513
"6296",0.997498207669804,0.0025017923301958
"6297",0.996279762464286,0.00372023753571412
"6298",0.988716005458543,0.0112839945414573
"6299",0.285379022015509,0.714620977984491
"6300",0.992851345208532,0.00714865479146793
"6301",0.997534691701747,0.00246530829825289
"6302",0.996756944374716,0.00324305562528449
"6303",0.994903204713243,0.0050967952867567
"6304",0.992838774299727,0.00716122570027248
"6305",0.993272056020812,0.0067279439791875
"6306",0.995391629871559,0.0046083701284413
"6307",0.997916893238581,0.00208310676141929
"6308",0.998283595300474,0.0017164046995256
"6309",0.992385214642702,0.00761478535729793
"6310",0.994004813704203,0.00599518629579695
"6311",0.997167514408726,0.00283248559127423
"6312",0.993869154354423,0.00613084564557663
"6313",0.995370492014924,0.00462950798507585
"6314",0.990587478693103,0.00941252130689703
"6315",0.998369097564728,0.00163090243527193
"6316",0.998460685951841,0.0015393140481587
"6317",0.169291256608569,0.830708743391432
"6318",0.996110406158435,0.00388959384156533
"6319",0.993247494703584,0.00675250529641619
"6320",0.997714751180876,0.00228524881912392
"6321",0.998042505904224,0.0019574940957754
"6322",0.995171908644084,0.00482809135591624
"6323",0.997487620021337,0.00251237997866329
"6324",0.993842366200909,0.00615763379909141
"6325",0.996667039715894,0.00333296028410638
"6326",0.998125764167179,0.00187423583282125
"6327",0.993067051915132,0.00693294808486824
"6328",0.993455338139954,0.00654466186004569
"6329",0.995678112408704,0.00432188759129651
"6330",0.805127375070789,0.194872624929211
"6331",0.997795394488872,0.00220460551112818
"6332",0.998233865523924,0.001766134476076
"6333",0.95598728112309,0.0440127188769099
"6334",0.995259110080529,0.00474088991947061
"6335",0.951051272234187,0.0489487277658132
"6336",0.995925054955237,0.00407494504476307
"6337",0.996944720893002,0.00305527910699798
"6338",0.980403325515123,0.0195966744848771
"6339",0.997693613044125,0.00230638695587537
"6340",0.995290844928461,0.00470915507153903
"6341",0.997437949639812,0.0025620503601876
"6342",0.341747386025437,0.658252613974563
"6343",0.987981047667201,0.0120189523327991
"6344",0.993003104941897,0.00699689505810273
"6345",0.998309267243122,0.00169073275687785
"6346",0.99657408631582,0.00342591368418036
"6347",0.993498437119827,0.0065015628801731
"6348",0.996342309681028,0.00365769031897176
"6349",0.997019186528529,0.00298081347147111
"6350",0.99793762131642,0.00206237868357957
"6351",0.97230871300603,0.0276912869939701
"6352",0.998422547170887,0.00157745282911269
"6353",0.992824296968971,0.0071757030310293
"6354",0.994896881412342,0.00510311858765761
"6355",0.99787811749182,0.00212188250818009
"6356",0.980599630311396,0.0194003696886044
"6357",0.997068526583064,0.00293147341693592
"6358",0.997312957205443,0.00268704279455726
"6359",0.993807702498633,0.00619229750136655
"6360",0.996086441424995,0.00391355857500483
"6361",0.997074132809512,0.00292586719048786
"6362",0.992383637621731,0.00761636237826902
"6363",0.997054750102985,0.002945249897015
"6364",0.983078789143555,0.016921210856445
"6365",0.993308365040478,0.00669163495952183
"6366",0.997429025829472,0.00257097417052792
"6367",0.989406902671241,0.0105930973287587
"6368",0.986559771022661,0.013440228977339
"6369",0.992658785668736,0.00734121433126401
"6370",0.995411055800827,0.00458894419917268
"6371",0.992162612617634,0.00783738738236607
"6372",0.987068586456643,0.012931413543357
"6373",0.994131917800269,0.00586808219973066
"6374",0.997665486186838,0.00233451381316204
"6375",0.996096679891845,0.00390332010815482
"6376",0.986737195926984,0.0132628040730157
"6377",0.995424609278578,0.00457539072142209
"6378",0.995708649795502,0.0042913502044981
"6379",0.994977667229684,0.00502233277031577
"6380",0.990243304148098,0.00975669585190236
"6381",0.997807278889106,0.00219272111089434
"6382",0.986211381786822,0.0137886182131784
"6383",0.997605629509765,0.00239437049023483
"6384",0.989346688472098,0.0106533115279015
"6385",0.99813286099105,0.00186713900895009
"6386",0.995394490400565,0.00460550959943487
"6387",0.993813381689628,0.00618661831037225
"6388",0.99431104327522,0.00568895672478003
"6389",0.9951142489035,0.0048857510965001
"6390",0.996196728473752,0.00380327152624838
"6391",0.960947692638715,0.0390523073612851
"6392",0.998418690550579,0.00158130944942113
"6393",0.972979656700008,0.0270203432999917
"6394",0.998151314026639,0.00184868597336146
"6395",0.989750660315237,0.0102493396847627
"6396",0.99365796498513,0.00634203501487033
"6397",0.996727735991526,0.00327226400847368
"6398",0.992179209997911,0.00782079000208897
"6399",0.994580662876188,0.005419337123812
"6400",0.994403058368826,0.00559694163117338
"6401",0.997333940190929,0.00266605980907125
"6402",0.946781669241036,0.0532183307589644
"6403",0.996933269161128,0.00306673083887144
"6404",0.994033567136725,0.00596643286327493
"6405",0.997069560966806,0.00293043903319365
"6406",0.995591529955355,0.0044084700446451
"6407",0.993647016370828,0.0063529836291719
"6408",0.995239274456539,0.004760725543461
"6409",0.995383305736743,0.00461669426325675
"6410",0.3950975184984,0.6049024815016
"6411",0.98393220357792,0.0160677964220804
"6412",0.997435521432583,0.00256447856741737
"6413",0.998107028222631,0.00189297177736877
"6414",0.00704287032598895,0.992957129674011
"6415",0.996240486170961,0.00375951382903928
"6416",0.998412612055394,0.00158738794460613
"6417",0.996960379181019,0.0030396208189812
"6418",0.99726556578872,0.00273443421128006
"6419",0.994641165951525,0.00535883404847546
"6420",0.98984744082654,0.0101525591734601
"6421",0.995234753726995,0.00476524627300536
"6422",0.0204637677003155,0.979536232299684
"6423",0.98697514174495,0.01302485825505
"6424",0.963351744891222,0.036648255108778
"6425",0.99325450830384,0.0067454916961597
"6426",0.995030017128747,0.00496998287125262
"6427",0.995369789331466,0.00463021066853413
"6428",0.992059658656897,0.00794034134310322
"6429",0.997214417211488,0.0027855827885122
"6430",0.997911957766365,0.00208804223363508
"6431",0.994744552465018,0.00525544753498154
"6432",0.995839454786556,0.0041605452134443
"6433",0.995673536857078,0.0043264631429215
"6434",0.998366329178187,0.00163367082181273
"6435",0.996143732915854,0.00385626708414602
"6436",0.99791370273958,0.00208629726042005
"6437",0.990104250114411,0.00989574988558853
"6438",0.99760707232004,0.00239292767995972
"6439",0.994877456172693,0.00512254382730744
"6440",0.996864304200888,0.00313569579911192
"6441",0.994356381688576,0.00564361831142355
"6442",0.992085706918859,0.00791429308114081
"6443",0.997524041317156,0.00247595868284435
"6444",0.99308165924913,0.00691834075087032
"6445",0.996432944530393,0.00356705546960681
"6446",0.989536764173559,0.0104632358264415
"6447",0.988934446297469,0.0110655537025307
"6448",0.992700415816895,0.0072995841831052
"6449",0.997409789133824,0.00259021086617559
"6450",0.989195714351205,0.0108042856487951
"6451",0.995042826629966,0.00495717337003431
"6452",0.990789867696463,0.00921013230353735
"6453",0.998268562702014,0.00173143729798613
"6454",0.992873713271044,0.00712628672895592
"6455",0.988814042762078,0.0111859572379219
"6456",0.997376585169876,0.00262341483012427
"6457",0.993743301638712,0.00625669836128829
"6458",0.997162452659344,0.00283754734065611
"6459",0.997706086054474,0.0022939139455263
"6460",0.99755817214393,0.00244182785607011
"6461",0.9903536018617,0.00964639813830031
"6462",0.998166446682371,0.00183355331762932
"6463",0.995251964900061,0.00474803509993936
"6464",0.997175201842991,0.00282479815700941
"6465",0.998087263192474,0.00191273680752564
"6466",0.997214795661044,0.00278520433895623
"6467",0.995900125698279,0.00409987430172125
"6468",0.995409172082426,0.00459082791757386
"6469",0.998337701909705,0.00166229809029507
"6470",0.996283606004682,0.00371639399531784
"6471",0.996954576954415,0.00304542304558506
"6472",0.995779571854992,0.00422042814500805
"6473",0.994675413097574,0.00532458690242594
"6474",0.996044554970864,0.00395544502913642
"6475",0.975165462574605,0.0248345374253947
"6476",0.997649716409407,0.00235028359059313
"6477",0.995009042191121,0.00499095780887926
"6478",0.997973982037157,0.00202601796284289
"6479",0.992140552886135,0.00785944711386493
"6480",0.996581077662239,0.00341892233776062
"6481",0.996138894882795,0.00386110511720469
"6482",0.975109732579266,0.024890267420734
"6483",0.991963775561913,0.00803622443808752
"6484",0.989063062388689,0.0109369376113113
"6485",0.993629478707884,0.00637052129211566
"6486",0.982758923388718,0.0172410766112823
"6487",0.994462034838812,0.00553796516118822
"6488",0.996028163039474,0.00397183696052611
"6489",0.996321673011023,0.0036783269889771
"6490",0.91390331576273,0.0860966842372698
"6491",0.992130180129509,0.00786981987049131
"6492",0.997221987757866,0.00277801224213435
"6493",0.992129607242433,0.00787039275756676
"6494",0.94951998205509,0.05048001794491
"6495",0.997788180496013,0.00221181950398646
"6496",0.994147031212078,0.00585296878792176
"6497",0.994541138490796,0.00545886150920441
"6498",0.986929502690497,0.0130704973095035
"6499",0.995687452240857,0.00431254775914342
"6500",0.990787764416137,0.00921223558386254
"6501",0.995468157146125,0.00453184285387531
"6502",0.995706405787323,0.00429359421267721
"6503",0.995761336191424,0.00423866380857608
"6504",0.965395792381049,0.034604207618951
"6505",0.992467985750312,0.00753201424968806
"6506",0.998461011461064,0.00153898853893626
"6507",0.214232223938564,0.785767776061436
"6508",0.995075656088974,0.00492434391102587
"6509",0.989768616515615,0.0102313834843846
"6510",0.994824324573795,0.00517567542620471
"6511",0.998275813016506,0.00172418698349426
"6512",0.99763605526503,0.00236394473496969
"6513",0.99768884193381,0.00231115806618981
"6514",0.998100680618155,0.00189931938184543
"6515",0.99395800401806,0.00604199598194025
"6516",0.997770522320654,0.00222947767934613
"6517",0.997616727216499,0.00238327278350062
"6518",0.993884153626453,0.00611584637354754
"6519",0.996754049536233,0.00324595046376694
"6520",0.998310096072673,0.00168990392732706
"6521",0.997685613086729,0.00231438691327083
"6522",0.997950290895968,0.00204970910403231
"6523",0.997051359395044,0.00294864060495571
"6524",0.997227274929765,0.0027727250702347
"6525",0.997439018000962,0.00256098199903803
"6526",0.995297049021894,0.00470295097810599
"6527",0.452281341257952,0.547718658742048
"6528",0.935987369690976,0.0640126303090241
"6529",0.990761823701948,0.00923817629805204
"6530",0.997573030929092,0.00242696907090841
"6531",0.997312639601142,0.00268736039885768
"6532",0.994230337530567,0.00576966246943282
"6533",0.523900728722697,0.476099271277303
"6534",0.998363461221169,0.00163653877883101
"6535",0.99015827905295,0.00984172094704958
"6536",0.988086460180191,0.0119135398198095
"6537",0.998181576377547,0.00181842362245247
"6538",0.995895583190181,0.00410441680981868
"6539",0.998116931561541,0.00188306843845894
"6540",0.998189823534557,0.00181017646544302
"6541",0.992645248000961,0.00735475199903945
"6542",0.996973041057273,0.00302695894272709
"6543",0.992974200894108,0.00702579910589234
"6544",0.997753137961845,0.00224686203815537
"6545",0.998330625319787,0.00166937468021325
"6546",0.994140226373825,0.00585977362617482
"6547",0.994900549745926,0.00509945025407439
"6548",0.99584216422723,0.00415783577277029
"6549",0.998104586094883,0.00189541390511725
"6550",0.997681141723098,0.0023188582769022
"6551",0.996344032493448,0.00365596750655148
"6552",0.996337711212806,0.00366228878719425
"6553",0.996122043532552,0.00387795646744815
"6554",0.880356200331548,0.119643799668452
"6555",0.996389639118954,0.00361036088104598
"6556",0.935055026294504,0.0649449737054961
"6557",0.989146927678025,0.0108530723219753
"6558",0.994895938672929,0.00510406132707111
"6559",0.996978663990328,0.00302133600967216
"6560",0.997705951161646,0.00229404883835392
"6561",0.998416163260209,0.00158383673979068
"6562",0.993802633834379,0.00619736616562123
"6563",0.998216767524032,0.00178323247596749
"6564",0.99681830072515,0.00318169927484976
"6565",0.998385423190107,0.00161457680989325
"6566",0.994408309915352,0.00559169008464801
"6567",0.997236533666312,0.00276346633368831
"6568",0.996497195541194,0.00350280445880636
"6569",0.996067320223439,0.00393267977656059
"6570",0.992509756699477,0.00749024330052332
"6571",0.995403198346568,0.0045968016534321
"6572",0.998124305422665,0.00187569457733458
"6573",0.995121140253123,0.00487885974687721
"6574",0.997640908085139,0.00235909191486087
"6575",0.997011319018499,0.00298868098150122
"6576",0.997529506344803,0.00247049365519714
"6577",0.998069635316902,0.00193036468309794
"6578",0.998205192569266,0.00179480743073427
"6579",0.995740230183258,0.00425976981674217
"6580",0.994540164757568,0.00545983524243169
"6581",0.992802495631938,0.00719750436806159
"6582",0.991849082662531,0.00815091733746944
"6583",0.997099648184003,0.00290035181599728
"6584",0.994462474574655,0.00553752542534523
"6585",0.996928349483849,0.00307165051615117
"6586",0.995371351305499,0.00462864869450089
"6587",0.992771805851437,0.00722819414856322
"6588",0.996232988009172,0.00376701199082808
"6589",0.995699140305399,0.00430085969460132
"6590",0.996422607627349,0.00357739237265089
"6591",0.997100796838919,0.00289920316108137
"6592",0.996931612578394,0.00306838742160565
"6593",0.974053287636777,0.0259467123632227
"6594",0.933958089658604,0.0660419103413956
"6595",0.993338356464964,0.00666164353503623
"6596",0.994963329146933,0.00503667085306749
"6597",0.00732624022731443,0.992673759772686
"6598",0.993759806373872,0.00624019362612797
"6599",0.998055191598413,0.00194480840158682
"6600",0.984983129266651,0.0150168707333485
"6601",0.996005285266935,0.00399471473306501
"6602",0.882625759161,0.117374240839
"6603",0.00164275777061019,0.99835724222939
"6604",0.995100237035573,0.00489976296442736
"6605",0.996445221019236,0.00355477898076395
"6606",0.99832248393048,0.00167751606951994
"6607",0.993179442131939,0.0068205578680613
"6608",0.984964680740319,0.0150353192596807
"6609",0.000812474431397664,0.999187525568602
"6610",0.998210471625933,0.00178952837406655
"6611",0.99456892695182,0.00543107304818028
"6612",0.770679861119054,0.229320138880946
"6613",0.99814445263775,0.00185554736224979
"6614",0.996643195332746,0.00335680466725415
"6615",0.997019173497532,0.002980826502468
"6616",0.997861156730202,0.00213884326979815
"6617",0.99556713035046,0.00443286964953986
"6618",0.997603823993585,0.00239617600641473
"6619",0.995826720870389,0.00417327912961127
"6620",0.996651753390311,0.00334824660968911
"6621",0.967622441202277,0.0323775587977232
"6622",0.997385772450599,0.00261422754940092
"6623",0.997790124162915,0.00220987583708518
"6624",0.997142093014902,0.00285790698509846
"6625",0.998348129115006,0.00165187088499415
"6626",0.997108554351577,0.00289144564842312
"6627",0.996538281756859,0.00346171824314095
"6628",0.983086612560094,0.0169133874399063
"6629",0.995300795604788,0.00469920439521198
"6630",0.998455114716952,0.00154488528304774
"6631",0.995134923681036,0.00486507631896457
"6632",0.993017573598863,0.00698242640113722
"6633",0.993477852150255,0.0065221478497449
"6634",0.96045320004085,0.0395467999591503
"6635",0.996241662446508,0.00375833755349186
"6636",0.996150947299939,0.0038490527000615
"6637",0.998013519640994,0.00198648035900608
"6638",0.991517724516252,0.00848227548374827
"6639",0.998257062273845,0.00174293772615504
"6640",0.994209419752828,0.00579058024717194
"6641",0.992928090665467,0.00707190933453306
"6642",0.995369148863975,0.00463085113602552
"6643",0.990285497674813,0.00971450232518664
"6644",0.997116747611482,0.00288325238851771
"6645",0.997608843400822,0.00239115659917849
"6646",0.998135136485756,0.00186486351424431
"6647",0.964784236213709,0.0352157637862911
"6648",0.995380213457948,0.00461978654205209
"6649",0.998284060522156,0.00171593947784354
"6650",0.996431843167034,0.0035681568329662
"6651",0.99627666234952,0.00372333765047973
"6652",0.996193613571706,0.0038063864282939
"6653",0.995286077928771,0.00471392207122906
"6654",0.997251040753701,0.00274895924629909
"6655",0.996052148926025,0.00394785107397518
"6656",0.927709090397663,0.0722909096023368
"6657",0.996098273462501,0.00390172653749886
"6658",0.997675669626231,0.00232433037376904
"6659",0.998075107653577,0.00192489234642303
"6660",0.994412949420759,0.00558705057924058
"6661",0.998333395331551,0.00166660466844938
"6662",0.998143693892317,0.00185630610768324
"6663",0.992662607043784,0.00733739295621615
"6664",0.991816441214883,0.00818355878511722
"6665",0.996657226243419,0.00334277375658062
"6666",0.996929292181105,0.00307070781889514
"6667",0.997874260615087,0.00212573938491349
"6668",0.994451180183046,0.00554881981695396
"6669",0.993973003696548,0.00602699630345229
"6670",0.844259962804117,0.155740037195883
"6671",0.997124379372376,0.00287562062762369
"6672",0.997946949608292,0.00205305039170855
"6673",0.987907863220214,0.0120921367797859
"6674",0.995347055816554,0.00465294418344628
"6675",0.997574380100199,0.00242561989980111
"6676",0.996826993845956,0.00317300615404363
"6677",0.998198565191189,0.00180143480881116
"6678",0.988362161604278,0.0116378383957222
"6679",0.885111261147485,0.114888738852515
"6680",0.997416932914271,0.00258306708572846
"6681",0.996169890198003,0.00383010980199671
"6682",0.993798645265328,0.00620135473467175
"6683",0.998204163828647,0.00179583617135301
"6684",0.997777151949833,0.00222284805016671
"6685",0.997654278530838,0.0023457214691624
"6686",0.979685538160585,0.020314461839415
"6687",0.859570374564399,0.140429625435601
"6688",0.997184555920108,0.00281544407989224
"6689",0.997314368677585,0.00268563132241457
"6690",0.996822135267271,0.00317786473272895
"6691",0.967829895358103,0.032170104641897
"6692",0.998121784192924,0.0018782158070764
"6693",0.995531867833579,0.00446813216642074
"6694",0.997697469377336,0.00230253062266398
"6695",0.992513118522882,0.0074868814771181
"6696",0.99512104815201,0.00487895184799057
"6697",0.994697822660989,0.00530217733901077
"6698",0.998149317023985,0.00185068297601441
"6699",0.996490304090999,0.00350969590900092
"6700",0.994160521155418,0.00583947884458245
"6701",0.995426393451143,0.00457360654885722
"6702",0.998063318608927,0.0019366813910728
"6703",0.995199441777597,0.00480055822240341
"6704",0.99613845374721,0.00386154625278971
"6705",0.996187441332676,0.00381255866732364
"6706",0.995063972432211,0.00493602756778887
"6707",0.986005629188632,0.0139943708113675
"6708",0.997229277993689,0.00277072200631108
"6709",0.993680352849679,0.00631964715032082
"6710",0.997025935303924,0.00297406469607584
"6711",0.988565014949908,0.0114349850500924
"6712",0.997881823195105,0.0021181768048948
"6713",0.994264651372689,0.00573534862731076
"6714",0.995684964961259,0.00431503503874136
"6715",0.994189744493758,0.00581025550624202
"6716",0.998190174470387,0.00180982552961262
"6717",0.995382435287161,0.00461756471283887
"6718",0.997949350041728,0.00205064995827235
"6719",0.00210118676491113,0.997898813235089
"6720",0.984527539763731,0.015472460236269
"6721",0.996681276293691,0.0033187237063089
"6722",0.929037675509601,0.0709623244903985
"6723",0.997969575122948,0.00203042487705168
"6724",0.997221935464116,0.00277806453588434
"6725",0.994322711165529,0.00567728883447151
"6726",0.998146342409119,0.00185365759088065
"6727",0.997007465393964,0.00299253460603581
"6728",0.99664075497972,0.00335924502027983
"6729",0.996275288038064,0.00372471196193558
"6730",0.996069676833789,0.00393032316621126
"6731",0.998025042723134,0.00197495727686617
"6732",0.988478826181663,0.011521173818337
"6733",0.996139905748705,0.00386009425129523
"6734",0.997881512187702,0.00211848781229793
"6735",0.977577174207613,0.0224228257923873
"6736",0.998050724437362,0.00194927556263794
"6737",0.992770845199715,0.00722915480028472
"6738",0.985916599048054,0.0140834009519459
"6739",0.994703123355246,0.00529687664475425
"6740",0.997483624204475,0.0025163757955251
"6741",0.992851936371907,0.00714806362809291
"6742",0.997473649640081,0.00252635035991894
"6743",0.988259787462351,0.0117402125376487
"6744",0.997158419856304,0.00284158014369576
"6745",0.99741382303608,0.00258617696392018
"6746",0.996886390059568,0.00311360994043213
"6747",0.992949763923338,0.00705023607666183
"6748",0.992011189858136,0.00798881014186419
"6749",0.99758692061868,0.00241307938131971
"6750",0.992808573449601,0.00719142655039931
"6751",0.995321102012448,0.00467889798755258
"6752",0.997640483300596,0.00235951669940352
"6753",0.99576278724689,0.00423721275310971
"6754",0.998187251258727,0.00181274874127291
"6755",0.997778533998939,0.00222146600106117
"6756",0.992930721697586,0.00706927830241427
"6757",0.997614147756654,0.00238585224334598
"6758",0.997015463467732,0.00298453653226773
"6759",0.99586322670252,0.00413677329747976
"6760",0.997116375174714,0.00288362482528597
"6761",0.99788578849773,0.00211421150226981
"6762",0.998227020720807,0.00177297927919323
"6763",0.994925468451845,0.00507453154815555
"6764",0.997337457753578,0.00266254224642205
"6765",0.99644551068953,0.00355448931046962
"6766",0.998420021886006,0.00157997811399451
"6767",0.989163897831482,0.0108361021685184
"6768",0.996512526409131,0.00348747359086885
"6769",0.987252440983168,0.0127475590168315
"6770",0.0051039846754985,0.994896015324501
"6771",0.979466037799937,0.0205339622000634
"6772",0.994609775675265,0.00539022432473528
"6773",0.997373360776611,0.00262663922338866
"6774",0.997524657886846,0.00247534211315455
"6775",0.994986504166878,0.00501349583312252
"6776",0.998175872602575,0.00182412739742526
"6777",0.994723937232831,0.00527606276716922
"6778",0.992177087140759,0.00782291285924083
"6779",0.961738027482396,0.0382619725176042
"6780",0.984361095548658,0.015638904451342
"6781",0.998271021502103,0.00172897849789674
"6782",0.995382607434775,0.0046173925652248
"6783",0.997417577958993,0.00258242204100721
"6784",0.992429183398445,0.00757081660155529
"6785",0.982263225862291,0.0177367741377094
"6786",0.997202462718455,0.00279753728154501
"6787",0.992854953318452,0.00714504668154799
"6788",0.997935656778644,0.00206434322135617
"6789",0.970794623212622,0.0292053767873783
"6790",0.996457386064566,0.00354261393543403
"6791",0.997463008055146,0.00253699194485432
"6792",0.998197251477426,0.0018027485225737
"6793",0.86124553208563,0.13875446791437
"6794",0.995429539547484,0.00457046045251588
"6795",0.997310483326799,0.00268951667320144
"6796",0.994093521211146,0.00590647878885443
"6797",0.000201348765546588,0.999798651234453
"6798",0.997471727994458,0.00252827200554168
"6799",0.995201315670509,0.00479868432949067
"6800",0.943317302838919,0.0566826971610814
"6801",0.987343756204427,0.0126562437955731
"6802",0.995150639757129,0.00484936024287119
"6803",0.995387463824134,0.00461253617586631
"6804",0.997193610862929,0.00280638913707077
"6805",0.996305052682173,0.00369494731782658
"6806",0.99640110929268,0.00359889070731946
"6807",0.98724291968865,0.0127570803113502
"6808",0.994674830404236,0.00532516959576354
"6809",0.990200792312196,0.00979920768780424
"6810",0.979561881394962,0.0204381186050379
"6811",0.996060173568098,0.00393982643190214
"6812",0.997695011812971,0.00230498818702926
"6813",0.995834493076109,0.00416550692389138
"6814",0.997388153549812,0.00261184645018829
"6815",0.832536363178974,0.167463636821026
"6816",0.965060139806202,0.0349398601937986
"6817",0.994182028372285,0.0058179716277153
"6818",0.993786906329601,0.00621309367039909
"6819",0.995364202301656,0.00463579769834438
"6820",0.998224638606779,0.00177536139322147
"6821",0.994824921097567,0.00517507890243318
"6822",0.998122345236973,0.00187765476302678
"6823",0.998451055631788,0.0015489443682118
"6824",0.997142825502758,0.00285717449724182
"6825",0.994301147584613,0.00569885241538683
"6826",0.99048606801566,0.00951393198434015
"6827",0.99622598456887,0.00377401543113017
"6828",0.910590801562374,0.0894091984376256
"6829",0.80539719448618,0.19460280551382
"6830",0.998447184630207,0.00155281536979259
"6831",0.99550854341738,0.0044914565826203
"6832",0.997529219447068,0.00247078055293195
"6833",0.997225715091523,0.00277428490847729
"6834",0.997748057596199,0.00225194240380092
"6835",0.99185897858289,0.00814102141710982
"6836",0.993747009837352,0.0062529901626477
"6837",0.996167596581899,0.00383240341810074
"6838",0.988667148016546,0.0113328519834543
"6839",0.996001091194651,0.00399890880534889
"6840",0.98109893231178,0.0189010676882199
"6841",0.954923514734445,0.0450764852655547
"6842",0.991131034039104,0.00886896596089654
"6843",0.992202157326623,0.00779784267337678
"6844",0.997804357119823,0.00219564288017664
"6845",0.99820684853889,0.00179315146110986
"6846",0.990132356420861,0.00986764357913942
"6847",0.995803096368138,0.0041969036318624
"6848",0.995372409090004,0.00462759090999548
"6849",0.478649802387081,0.521350197612919
"6850",0.98012667048001,0.0198733295199898
"6851",0.995952266605826,0.00404773339417388
"6852",0.99437693307199,0.00562306692800974
"6853",0.984057499561138,0.0159425004388623
"6854",0.998243202347703,0.0017567976522973
"6855",0.997060867359693,0.00293913264030695
"6856",0.995483599307243,0.0045164006927574
"6857",0.994899168557565,0.00510083144243463
"6858",0.974401212157578,0.0255987878424222
"6859",0.992461991923454,0.00753800807654633
"6860",0.010580586859291,0.989419413140709
"6861",0.995924690413739,0.00407530958626127
"6862",0.994101515312739,0.00589848468726104
"6863",0.997823754801187,0.00217624519881314
"6864",0.996284634688499,0.00371536531150128
"6865",0.989325759422238,0.0106742405777617
"6866",0.995827530739022,0.00417246926097775
"6867",0.995767141904604,0.00423285809539559
"6868",0.952307776807893,0.0476922231921068
"6869",0.998142278552713,0.00185772144728668
"6870",0.993937965528638,0.00606203447136172
"6871",0.998071305242742,0.0019286947572577
"6872",0.992186328591354,0.00781367140864634
"6873",0.997789940718941,0.00221005928105917
"6874",0.998024338636227,0.001975661363773
"6875",0.996110216668387,0.00388978333161262
"6876",0.996106060884568,0.00389393911543162
"6877",0.994489130017001,0.00551086998299898
"6878",0.997360356908002,0.00263964309199807
"6879",0.989242057499736,0.0107579425002636
"6880",0.995659820996343,0.00434017900365654
"6881",0.984915958334168,0.0150840416658322
"6882",0.971089408255994,0.0289105917440063
"6883",0.997714884111561,0.00228511588843925
"6884",0.987970249680337,0.0120297503196635
"6885",0.998216127529527,0.00178387247047256
"6886",0.991337846699902,0.00866215330009768
"6887",0.995819094850011,0.00418090514998916
"6888",0.997864445360315,0.00213555463968529
"6889",0.998369940484137,0.00163005951586292
"6890",0.971887154286493,0.0281128457135069
"6891",0.997066379011673,0.00293362098832671
"6892",0.984650566638027,0.015349433361973
"6893",0.997609979435517,0.00239002056448298
"6894",0.965454564782388,0.0345454352176124
"6895",0.993580681799785,0.00641931820021509
"6896",0.996894271190683,0.00310572880931688
"6897",0.991330655363633,0.00866934463636696
"6898",0.996558161769315,0.00344183823068505
"6899",0.998285932747597,0.0017140672524026
"6900",0.925019113793999,0.0749808862060012
"6901",0.997886766280009,0.00211323371999079
"6902",0.128646341721294,0.871353658278706
"6903",0.988154368683585,0.011845631316415
"6904",0.997474006490049,0.00252599350995101
"6905",0.997738379232959,0.00226162076704134
"6906",0.986662271612042,0.0133377283879579
"6907",0.995811385427595,0.00418861457240481
"6908",0.9771164336145,0.0228835663854995
"6909",0.993986940052649,0.00601305994735155
"6910",0.995489462414894,0.00451053758510616
"6911",0.997258723470647,0.00274127652935301
"6912",0.970655839824292,0.0293441601757076
"6913",0.997821660615272,0.00217833938472777
"6914",0.982305215456267,0.0176947845437326
"6915",0.997504734198598,0.00249526580140223
"6916",0.998300082743687,0.00169991725631262
"6917",0.968141114842854,0.0318588851571458
"6918",0.997797575096937,0.00220242490306312
"6919",0.987846410777584,0.0121535892224159
"6920",0.937345012040712,0.0626549879592883
"6921",0.989951352096719,0.010048647903281
"6922",0.648555797966652,0.351444202033348
"6923",0.994707977545052,0.00529202245494767
"6924",0.998152443352952,0.00184755664704847
"6925",0.996149877098352,0.00385012290164788
"6926",0.998394856513282,0.00160514348671791
"6927",0.993108589935229,0.00689141006477097
"6928",0.997633257445489,0.00236674255451081
"6929",0.995822372496839,0.00417762750316092
"6930",0.929167135603585,0.0708328643964148
"6931",0.997045612717967,0.00295438728203273
"6932",0.122387488996998,0.877612511003002
"6933",0.994984359522076,0.0050156404779236
"6934",0.998180592377823,0.00181940762217685
"6935",0.9944168845101,0.00558311548990035
"6936",0.996263405946008,0.00373659405399232
"6937",0.996230339838159,0.00376966016184094
"6938",0.995442921498135,0.00455707850186548
"6939",0.993215497503534,0.00678450249646619
"6940",0.976190242560338,0.023809757439662
"6941",0.995401344868851,0.00459865513114888
"6942",0.99682074471372,0.00317925528627966
"6943",0.991582461173446,0.00841753882655392
"6944",0.955906222238626,0.0440937777613736
"6945",0.993331719106855,0.00666828089314468
"6946",0.996622242205264,0.00337775779473583
"6947",0.997693439051852,0.00230656094814771
"6948",0.966970886753117,0.0330291132468833
"6949",0.994498582103072,0.00550141789692767
"6950",0.997647626765319,0.00235237323468102
"6951",0.967184651178661,0.032815348821339
"6952",0.994377122662286,0.00562287733771361
"6953",0.996008661808951,0.00399133819104867
"6954",0.997651975738532,0.00234802426146755
"6955",0.995736453456703,0.00426354654329694
"6956",0.996891113448346,0.00310888655165361
"6957",0.99806210816838,0.00193789183162
"6958",0.997623099647003,0.00237690035299752
"6959",0.997819979275974,0.0021800207240262
"6960",0.996194016872262,0.00380598312773767
"6961",0.996658059796177,0.00334194020382317
"6962",0.99309980280226,0.00690019719773995
"6963",0.992671157364218,0.00732884263578239
"6964",0.982827772991512,0.0171722270084882
"6965",0.990712671258871,0.0092873287411291
"6966",0.998171055151662,0.00182894484833833
"6967",0.995263699305918,0.00473630069408164
"6968",0.982135388006036,0.0178646119939637
"6969",0.990462457062825,0.00953754293717476
"6970",0.985312030325394,0.0146879696746057
"6971",0.998242637949545,0.0017573620504554
"6972",0.995586405337614,0.00441359466238622
"6973",0.996518656242314,0.00348134375768633
"6974",0.997687523698273,0.00231247630172735
"6975",0.995519553444954,0.00448044655504618
"6976",0.95908352905181,0.0409164709481894
"6977",0.992615544150591,0.00738445584940879
"6978",0.99761279654605,0.00238720345394968
"6979",0.996156640319027,0.00384335968097265
"6980",0.988224356014025,0.0117756439859748
"6981",0.995250019484516,0.00474998051548442
"6982",0.919475468406022,0.0805245315939782
"6983",0.245919391372345,0.754080608627655
"6984",0.996275552716379,0.0037244472836209
"6985",0.99414090674506,0.00585909325494046
"6986",0.996840187439481,0.00315981256051911
"6987",0.997857874475468,0.00214212552453227
"6988",0.994725218072848,0.00527478192715212
"6989",0.991981809756467,0.00801819024353263
"6990",0.492284256841869,0.507715743158131
"6991",0.994789367549101,0.0052106324508988
"6992",0.996678794923462,0.00332120507653767
"6993",0.99635473531733,0.00364526468267007
"6994",0.987157820679731,0.012842179320269
"6995",0.994067114480699,0.00593288551930134
"6996",0.991408597240309,0.00859140275969096
"6997",0.981842416902482,0.0181575830975181
"6998",0.994108748683169,0.00589125131683126
"6999",0.996629699223483,0.00337030077651738
"7000",0.995274370301938,0.00472562969806241
"7001",0.994011356612702,0.00598864338729808
"7002",0.980254073958659,0.0197459260413413
"7003",0.996719080300442,0.00328091969955763
"7004",0.994048492154682,0.00595150784531799
"7005",0.989906846344784,0.0100931536552159
"7006",0.993840813514794,0.00615918648520603
"7007",0.993800145314083,0.00619985468591719
"7008",0.990717155891313,0.00928284410868723
"7009",0.997890515966109,0.00210948403389083
"7010",0.976240057909355,0.0237599420906452
"7011",0.987971287068545,0.0120287129314549
"7012",0.993806763785493,0.00619323621450711
"7013",0.998268850699028,0.00173114930097214
"7014",0.995828586403793,0.00417141359620695
"7015",0.996604020129716,0.00339597987028442
"7016",0.972256259642483,0.0277437403575175
"7017",0.996962354813346,0.00303764518665371
"7018",0.993307530653938,0.00669246934606227
"7019",0.996416783769906,0.00358321623009445
"7020",0.993621939220309,0.00637806077969119
"7021",0.995939009821648,0.00406099017835234
"7022",0.995221678740923,0.00477832125907695
"7023",0.997989688077075,0.00201031192292493
"7024",0.320231015363841,0.679768984636159
"7025",0.993420759375118,0.00657924062488212
"7026",0.997465912581511,0.00253408741848945
"7027",0.995337326108193,0.00466267389180695
"7028",0.997886518590054,0.00211348140994637
"7029",0.992532336291031,0.00746766370896871
"7030",0.998316097028356,0.00168390297164389
"7031",0.990720292100163,0.00927970789983679
"7032",0.99420841365421,0.00579158634579024
"7033",0.995036655350154,0.0049633446498462
"7034",0.997106687567309,0.00289331243269053
"7035",0.995787618544756,0.00421238145524361
"7036",0.974858620028521,0.0251413799714789
"7037",0.997618283062803,0.00238171693719729
"7038",0.995200945045772,0.00479905495422831
"7039",0.997492054994916,0.00250794500508425
"7040",0.980582660339906,0.0194173396600937
"7041",0.998116581245632,0.00188341875436756
"7042",0.990713458922976,0.00928654107702412
"7043",0.997978006036383,0.00202199396361691
"7044",0.99838448656414,0.0016155134358603
"7045",0.995723833384807,0.00427616661519333
"7046",0.935660674267409,0.0643393257325908
"7047",0.995699791074488,0.00430020892551194
"7048",0.998376726635199,0.0016232733648008
"7049",0.997279003189522,0.00272099681047783
"7050",0.997959560479089,0.00204043952091137
"7051",0.653979299683185,0.346020700316815
"7052",0.996640486966225,0.0033595130337747
"7053",0.973369788776798,0.026630211223202
"7054",0.981100370096985,0.018899629903015
"7055",0.995189950457749,0.00481004954225109
"7056",0.995491195650254,0.00450880434974559
"7057",0.996922298382816,0.00307770161718355
"7058",0.997711903164047,0.002288096835953
"7059",0.993603721376149,0.00639627862385051
"7060",0.996248915857588,0.00375108414241183
"7061",0.994697290263082,0.00530270973691842
"7062",0.996845957043407,0.0031540429565933
"7063",0.997966436524269,0.00203356347573055
"7064",0.961367375907719,0.0386326240922808
"7065",0.990237299955873,0.00976270004412661
"7066",0.997217146959086,0.00278285304091413
"7067",0.997512095557335,0.00248790444266552
"7068",0.984106294935958,0.015893705064042
"7069",0.99820724199709,0.00179275800291053
"7070",0.985325649388356,0.0146743506116442
"7071",0.957831440517025,0.0421685594829745
"7072",0.989951990334088,0.0100480096659124
"7073",0.997533795142024,0.00246620485797602
"7074",0.996789140550551,0.00321085944944919
"7075",0.997978013903233,0.00202198609676661
"7076",0.995730504684779,0.00426949531522089
"7077",0.998469477587527,0.00153052241247266
"7078",0.994382682202026,0.00561731779797355
"7079",0.998166645510533,0.00183335448946705
"7080",0.998075187264,0.00192481273600055
"7081",0.990134668221482,0.00986533177851805
"7082",0.94125247573964,0.0587475242603603
"7083",0.988266533196331,0.011733466803669
"7084",0.998392042066791,0.00160795793320921
"7085",0.997733404184802,0.00226659581519759
"7086",0.997804978859957,0.00219502114004282
"7087",0.99648456551403,0.00351543448596982
"7088",0.991980733938348,0.00801926606165251
"7089",0.998407460981171,0.00159253901882899
"7090",0.985290827231213,0.0147091727687865
"7091",0.995182728046341,0.00481727195365923
"7092",0.994879188743004,0.00512081125699574
"7093",0.997832804097238,0.00216719590276254
"7094",0.996450373161907,0.00354962683809333
"7095",0.998250076984241,0.00174992301575899
"7096",0.931868116192165,0.0681318838078353
"7097",0.994196641330437,0.0058033586695629
"7098",0.996514643096921,0.00348535690307921
"7099",0.99816673480823,0.00183326519177032
"7100",0.996995786798369,0.00300421320163074
"7101",0.996098080241597,0.00390191975840342
"7102",0.991172569780813,0.0088274302191869
"7103",0.979809312652724,0.0201906873472763
"7104",0.926147845465106,0.0738521545348944
"7105",0.997617727873432,0.00238227212656837
"7106",0.942869059833434,0.057130940166566
"7107",0.995768271184238,0.00423172881576211
"7108",0.998450665389354,0.00154933461064584
"7109",0.998075781028279,0.00192421897172149
"7110",0.997548323362478,0.0024516766375225
"7111",0.997867224218161,0.00213277578183889
"7112",0.974223294980052,0.0257767050199476
"7113",0.995269348692189,0.00473065130781057
"7114",0.995355099074928,0.00464490092507247
"7115",0.992794934368767,0.00720506563123268
"7116",0.997445611115183,0.00255438888481745
"7117",0.998096722058702,0.00190327794129781
"7118",0.986487393838409,0.013512606161591
"7119",0.998397031980833,0.00160296801916701
"7120",0.99086564241557,0.00913435758443021
"7121",0.991503265027311,0.00849673497268921
"7122",0.995817288441561,0.00418271155843871
"7123",0.971448663559286,0.0285513364407135
"7124",0.995054060517294,0.00494593948270567
"7125",0.994694806637818,0.00530519336218216
"7126",0.996199347276117,0.00380065272388322
"7127",0.985030961666645,0.0149690383333549
"7128",0.995099813280973,0.00490018671902683
"7129",0.994000953030483,0.00599904696951694
"7130",0.99695379972938,0.00304620027061956
"7131",0.997290325396461,0.00270967460353879
"7132",0.996896389655272,0.00310361034472768
"7133",0.99743520733189,0.00256479266810994
"7134",0.997932942209967,0.00206705779003273
"7135",0.954062041465174,0.0459379585348257
"7136",0.996455972395183,0.00354402760481729
"7137",0.995178609591727,0.00482139040827285
"7138",0.995138397801373,0.00486160219862709
"7139",0.983827177357643,0.0161728226423566
"7140",0.995440601759945,0.00455939824005533
"7141",0.992266721407287,0.0077332785927129
"7142",0.984643522361672,0.0153564776383285
"7143",0.99354805774707,0.0064519422529301
"7144",0.991731977773291,0.00826802222670943
"7145",0.993858481008384,0.00614151899161582
"7146",0.995900206543595,0.00409979345640531
"7147",0.99568120435283,0.00431879564717008
"7148",0.995843440467935,0.00415655953206534
"7149",0.997469832993833,0.00253016700616672
"7150",0.993286287620013,0.00671371237998671
"7151",0.995717620301283,0.00428237969871692
"7152",0.995273857231003,0.00472614276899676
"7153",0.974506092458379,0.0254939075416207
"7154",0.989837872052002,0.0101621279479975
"7155",0.970947199640163,0.0290528003598366
"7156",0.991361423993648,0.0086385760063522
"7157",0.988826693167559,0.0111733068324413
"7158",0.998377924149632,0.00162207585036779
"7159",0.995799260775361,0.00420073922463942
"7160",0.998332961242572,0.00166703875742825
"7161",0.995682520528837,0.00431747947116322
"7162",0.975118152699025,0.0248818473009754
"7163",0.998437526695609,0.00156247330439073
"7164",0.997903350202019,0.00209664979798067
"7165",0.998209879919187,0.0017901200808129
"7166",0.994798623871521,0.00520137612847904
"7167",0.997540276193194,0.00245972380680568
"7168",0.996118847719502,0.00388115228049792
"7169",0.994262329612996,0.00573767038700437
"7170",0.998267626234464,0.00173237376553607
"7171",0.994718609928421,0.00528139007157933
"7172",0.991681999507068,0.00831800049293168
"7173",0.993686327395628,0.00631367260437218
"7174",0.994530658247262,0.00546934175273765
"7175",0.995121886227188,0.00487811377281169
"7176",0.99837835348395,0.00162164651605019
"7177",0.996226430490481,0.00377356950951893
"7178",0.987940092483905,0.0120599075160955
"7179",0.997533466065534,0.0024665339344664
"7180",0.995571297128682,0.00442870287131799
"7181",0.997803422237957,0.00219657776204338
"7182",0.992863887359707,0.00713611264029327
"7183",0.993181418443648,0.00681858155635184
"7184",0.99311013027747,0.00688986972252982
"7185",0.996729100784898,0.00327089921510217
"7186",0.99635202750089,0.00364797249911031
"7187",0.997026315089236,0.00297368491076415
"7188",0.994866586818299,0.005133413181701
"7189",0.818171697464331,0.181828302535669
"7190",0.943241961599656,0.0567580384003437
"7191",0.991389529428933,0.00861047057106728
"7192",0.991771416309825,0.00822858369017516
"7193",0.997546963595394,0.00245303640460632
"7194",0.99406759798242,0.00593240201758057
"7195",0.993394502732606,0.00660549726739374
"7196",0.992917364794248,0.00708263520575156
"7197",0.995894332467154,0.0041056675328464
"7198",0.995651993856885,0.0043480061431148
"7199",0.996572634444586,0.00342736555541438
"7200",0.996786322399389,0.0032136776006107
"7201",0.997815683927047,0.00218431607295347
"7202",0.972776933853643,0.0272230661463575
"7203",0.772273330496826,0.227726669503174
"7204",0.996473835313036,0.00352616468696397
"7205",0.998137771265436,0.00186222873456369
"7206",0.996252448669771,0.0037475513302294
"7207",0.996561494466828,0.00343850553317259
"7208",0.99753726352802,0.00246273647197958
"7209",0.998462759134944,0.00153724086505567
"7210",0.995581326740236,0.00441867325976429
"7211",0.982788249370942,0.0172117506290579
"7212",0.996611797172935,0.00338820282706515
"7213",0.993899687006159,0.00610031299384143
"7214",0.994570082815867,0.00542991718413312
"7215",0.943486014958759,0.0565139850412414
"7216",0.996725540990914,0.00327445900908587
"7217",0.993957083418971,0.00604291658102922
"7218",0.952303318860675,0.0476966811393248
"7219",0.997354786065479,0.00264521393452123
"7220",0.995303960696572,0.00469603930342838
"7221",0.997228288570193,0.00277171142980705
"7222",0.998282236769488,0.00171776323051208
"7223",0.996869808645757,0.00313019135424301
"7224",0.975241657204187,0.0247583427958125
"7225",0.997515314337156,0.00248468566284344
"7226",0.998107887437205,0.00189211256279523
"7227",0.997617942198476,0.00238205780152448
"7228",0.996760100253754,0.00323989974624625
"7229",0.995135481979161,0.00486451802083914
"7230",0.993737069316425,0.0062629306835751
"7231",0.996726554175632,0.00327344582436757
"7232",0.0633441666930581,0.936655833306942
"7233",0.993545625916127,0.0064543740838731
"7234",0.997001387894718,0.0029986121052817
"7235",0.977092515266273,0.022907484733727
"7236",0.995023840681633,0.00497615931836758
"7237",0.98826176937572,0.0117382306242802
"7238",0.957929338162072,0.0420706618379283
"7239",0.993225515133197,0.00677448486680266
"7240",0.994853098184706,0.0051469018152944
"7241",0.977106197685748,0.022893802314252
"7242",0.984635482043039,0.0153645179569612
"7243",0.981214408350981,0.0187855916490196
"7244",0.99454933865702,0.00545066134297967
"7245",0.997688558655573,0.00231144134442678
"7246",0.997205284532003,0.00279471546799722
"7247",0.995132863160187,0.00486713683981271
"7248",0.987048709912197,0.0129512900878029
"7249",0.993166513862001,0.00683348613799916
"7250",0.997587672792783,0.0024123272072168
"7251",0.997463893895117,0.00253610610488279
"7252",0.993222697054016,0.00677730294598393
"7253",0.932368489137279,0.067631510862721
"7254",0.990185999851473,0.00981400014852667
"7255",0.991381207633167,0.00861879236683327
"7256",0.995235633967861,0.00476436603213855
"7257",0.991246934322421,0.00875306567757884
"7258",0.995283705688814,0.00471629431118637
"7259",0.99538224704938,0.00461775295061959
"7260",0.915003939098135,0.0849960609018647
"7261",0.996620365929253,0.00337963407074719
"7262",0.998329534167789,0.0016704658322109
"7263",0.997917505365924,0.00208249463407638
"7264",0.996853212025854,0.00314678797414628
"7265",0.996093779896772,0.00390622010322789
"7266",0.917859866902241,0.0821401330977594
"7267",0.99800707072716,0.00199292927283978
"7268",0.995353215503001,0.00464678449699938
"7269",0.997851883212984,0.00214811678701634
"7270",0.993916098508429,0.00608390149157145
"7271",0.996371293191495,0.00362870680850477
"7272",0.998236686064196,0.00176331393580395
"7273",0.992926609781018,0.00707339021898212
"7274",0.996837226178757,0.00316277382124324
"7275",0.997394780731661,0.00260521926833867
"7276",0.99264303270326,0.00735696729674035
"7277",0.991314846597272,0.00868515340272777
"7278",0.993089285807082,0.00691071419291779
"7279",0.995420853604046,0.00457914639595385
"7280",0.993484011482684,0.0065159885173164
"7281",0.998271796845779,0.00172820315422081
"7282",0.998375256915938,0.00162474308406198
"7283",0.995647812626857,0.00435218737314274
"7284",0.800514317067911,0.199485682932089
"7285",0.929600108804305,0.0703998911956953
"7286",0.942861406281868,0.0571385937181324
"7287",0.97011272057333,0.0298872794266702
"7288",0.991459261859115,0.00854073814088455
"7289",0.995829069344343,0.0041709306556566
"7290",0.994970996170309,0.00502900382969098
"7291",0.994963298269074,0.00503670173092597
"7292",0.994431154026909,0.00556884597309138
"7293",0.795620647567604,0.204379352432396
"7294",0.992230155986439,0.00776984401356122
"7295",0.987244122373033,0.0127558776269666
"7296",0.993848160356093,0.00615183964390684
"7297",0.991923171203884,0.00807682879611562
"7298",0.996073607193314,0.00392639280668583
"7299",0.991110093781234,0.00888990621876553
"7300",0.997971949584151,0.00202805041584887
"7301",0.990042095840008,0.0099579041599918
"7302",0.995787382869522,0.00421261713047755
"7303",0.988120927280893,0.0118790727191073
"7304",0.997514218479227,0.00248578152077328
"7305",0.997842207692751,0.00215779230724877
"7306",0.989589835987035,0.0104101640129646
"7307",0.997725281120379,0.00227471887962071
"7308",0.987182158225809,0.0128178417741908
"7309",0.997887361539826,0.00211263846017388
"7310",0.995144882667253,0.00485511733274641
"7311",0.994840799579503,0.00515920042049745
"7312",0.99457631533404,0.00542368466596031
"7313",0.994731823999952,0.00526817600004824
"7314",0.997738791292699,0.00226120870730071
"7315",0.995233606093602,0.00476639390639767
"7316",0.998065996217089,0.00193400378291075
"7317",0.992451494347216,0.00754850565278401
"7318",0.995874199153397,0.00412580084660284
"7319",0.988280904925546,0.0117190950744537
"7320",0.997851266338841,0.0021487336611591
"7321",0.991214181239426,0.00878581876057457
"7322",0.993398305102344,0.00660169489765548
"7323",0.99708514117562,0.00291485882438057
"7324",0.998044492549645,0.0019555074503547
"7325",0.994303578061435,0.00569642193856492
"7326",0.996908590874374,0.00309140912562592
"7327",0.997726767404139,0.00227323259586069
"7328",0.996966214378321,0.00303378562167849
"7329",0.99817982079201,0.00182017920799007
"7330",0.995385927010978,0.00461407298902242
"7331",0.998291400910687,0.00170859908931277
"7332",0.995210635804251,0.00478936419574857
"7333",0.995304653142704,0.00469534685729632
"7334",0.997986125879612,0.00201387412038828
"7335",0.998405808070577,0.00159419192942295
"7336",0.997674923041017,0.00232507695898287
"7337",0.995084689194592,0.00491531080540772
"7338",0.997221504056296,0.00277849594370398
"7339",0.995337726487617,0.00466227351238334
"7340",0.990230033945057,0.00976996605494331
"7341",0.995483452276064,0.00451654772393617
"7342",0.987909504085033,0.0120904959149674
"7343",0.978782404615162,0.0212175953848378
"7344",0.971642474035762,0.0283575259642378
"7345",0.997528810751519,0.0024711892484811
"7346",0.99607323115694,0.00392676884306002
"7347",0.992599270677427,0.00740072932257292
"7348",0.995289255287132,0.00471074471286809
"7349",0.994232614886595,0.00576738511340458
"7350",0.997737288345058,0.00226271165494204
"7351",0.99580076067001,0.00419923932998974
"7352",0.99419113566612,0.00580886433387996
"7353",0.996645659161653,0.00335434083834664
"7354",0.993905788627792,0.00609421137220806
"7355",0.996352807467212,0.0036471925327881
"7356",0.952992014393529,0.0470079856064708
"7357",0.998342889958288,0.00165711004171185
"7358",0.994981085118491,0.0050189148815094
"7359",0.834551973718127,0.165448026281873
"7360",0.996191019063613,0.00380898093638706
"7361",0.993876463902615,0.00612353609738542
"7362",0.98742231259429,0.01257768740571
"7363",0.997935339165549,0.00206466083445087
"7364",0.995389888133201,0.00461011186679953
"7365",0.995855181427222,0.00414481857277831
"7366",0.998270560896911,0.00172943910308915
"7367",0.994663245807126,0.00533675419287387
"7368",0.992032282617453,0.00796771738254644
"7369",0.997319984125612,0.00268001587438771
"7370",0.99602860056275,0.00397139943725045
"7371",0.996354371055643,0.00364562894435721
"7372",0.27731705745943,0.72268294254057
"7373",0.994219360641111,0.00578063935888867
"7374",0.995875735464286,0.00412426453571396
"7375",0.996940488113907,0.00305951188609295
"7376",0.985401496469794,0.0145985035302064
"7377",0.994564417186398,0.00543558281360258
"7378",0.99822396477894,0.00177603522105979
"7379",0.996726038871857,0.00327396112814302
"7380",0.99610907058777,0.00389092941223005
"7381",0.995211224654838,0.00478877534516197
"7382",0.995104443505187,0.00489555649481266
"7383",0.982450218825721,0.0175497811742793
"7384",0.996495560435168,0.00350443956483189
"7385",0.998411080010932,0.00158891998906767
"7386",0.996676186078922,0.00332381392107831
"7387",0.994068851766907,0.00593114823309318
"7388",0.995481757819712,0.00451824218028774
"7389",0.997802556890319,0.00219744310968127
"7390",0.995388193086364,0.00461180691363616
"7391",0.987018125307625,0.0129818746923746
"7392",0.994987558401198,0.00501244159880207
"7393",0.995445739515452,0.00455426048454789
"7394",0.995484368218456,0.00451563178154398
"7395",0.993610410850889,0.0063895891491105
"7396",0.991198089341831,0.00880191065816928
"7397",0.995467682652159,0.00453231734784129
"7398",0.996658441454369,0.0033415585456312
"7399",0.993025105086614,0.00697489491338558
"7400",0.995385896483837,0.00461410351616253
"7401",0.99483351087706,0.00516648912293975
"7402",0.995525214107343,0.00447478589265684
"7403",0.997149736291332,0.00285026370866803
"7404",0.99608543976814,0.00391456023185997
"7405",0.984038637782,0.0159613622179999
"7406",0.998030956542213,0.00196904345778672
"7407",0.993744851661635,0.0062551483383653
"7408",0.997081653581045,0.00291834641895478
"7409",0.99746918210722,0.0025308178927795
"7410",0.973889457975734,0.0261105420242657
"7411",0.994836957525139,0.00516304247486065
"7412",0.995567482484048,0.00443251751595251
"7413",0.996712037023006,0.00328796297699409
"7414",0.993290480823025,0.00670951917697462
"7415",0.988368357858771,0.0116316421412296
"7416",0.998272643313339,0.00172735668666114
"7417",0.997151446983963,0.0028485530160366
"7418",0.976664873199427,0.0233351268005734
"7419",0.99478541638606,0.00521458361393988
"7420",0.99544185297744,0.00455814702255987
"7421",0.994022592273369,0.00597740772663134
"7422",0.98928999200021,0.0107100079997899
"7423",0.990787869395418,0.00921213060458155
"7424",0.99423149144997,0.00576850855002997
"7425",0.995436454205662,0.00456354579433798
"7426",0.992299871780221,0.00770012821977842
"7427",0.99420328904484,0.00579671095515964
"7428",0.99521756560345,0.00478243439655005
"7429",0.985835371552415,0.0141646284475852
"7430",0.991845483592083,0.00815451640791662
"7431",0.989154291012771,0.0108457089872292
"7432",0.992664340308945,0.00733565969105498
"7433",0.99785413017054,0.00214586982945981
"7434",0.998076856681626,0.00192314331837365
"7435",0.994221849764485,0.00577815023551477
"7436",0.990711256563582,0.00928874343641835
"7437",0.995166428419119,0.0048335715808811
"7438",0.995291332246535,0.00470866775346483
"7439",0.997793486665551,0.00220651333444856
"7440",0.995818433312043,0.00418156668795721
"7441",0.995541290434103,0.004458709565897
"7442",0.997547574364664,0.00245242563533579
"7443",0.995968590629849,0.00403140937015087
"7444",0.994824154118126,0.00517584588187432
"7445",0.992065260358276,0.00793473964172361
"7446",0.995913778683991,0.00408622131600865
"7447",0.994523550714113,0.00547644928588696
"7448",0.998014357632662,0.00198564236733802
"7449",0.993086644126545,0.00691335587345457
"7450",0.995160269863223,0.00483973013677741
"7451",0.99756499686247,0.00243500313753011
"7452",0.997679526520406,0.00232047347959347
"7453",0.996005720733564,0.0039942792664361
"7454",0.996245497031453,0.00375450296854661
"7455",0.99794637223613,0.00205362776386972
"7456",0.993759651093259,0.00624034890674148
"7457",0.997379138683068,0.00262086131693237
"7458",0.996298822558142,0.00370117744185857
"7459",0.99558916229253,0.00441083770747005
"7460",0.991888994062543,0.00811100593745674
"7461",0.996255770747167,0.00374422925283347
"7462",0.99776704469716,0.0022329553028403
"7463",0.993030752608123,0.00696924739187721
"7464",0.997415845458882,0.00258415454111802
"7465",0.996103138050203,0.00389686194979679
"7466",0.996939681237796,0.00306031876220402
"7467",0.994202130719568,0.00579786928043157
"7468",0.985628599921067,0.0143714000789334
"7469",0.99639752402713,0.00360247597286992
"7470",0.996241382064537,0.00375861793546312
"7471",0.995931966839224,0.00406803316077556
"7472",0.997116013067144,0.0028839869328558
"7473",0.990832703738667,0.0091672962613331
"7474",0.996221077190465,0.00377892280953542
"7475",0.997507182164941,0.00249281783505892
"7476",0.064703871387437,0.935296128612563
"7477",0.516546717611623,0.483453282388377
"7478",0.997934818001804,0.00206518199819599
"7479",0.99646559600224,0.00353440399776027
"7480",0.99245497260921,0.0075450273907899
"7481",0.991588617137255,0.00841138286274495
"7482",0.996106791441003,0.00389320855899694
"7483",0.998119036737077,0.0018809632629235
"7484",0.995193163753413,0.00480683624658714
"7485",0.995449866078224,0.00455013392177582
"7486",0.997511253483355,0.00248874651664478
"7487",0.997775056837635,0.0022249431623653
"7488",0.994895073975895,0.00510492602410472
"7489",0.99309696464674,0.00690303535326018
"7490",0.998266265902818,0.00173373409718236
"7491",0.00109517357984947,0.99890482642015
"7492",0.991874418248453,0.00812558175154641
"7493",0.997659071778415,0.00234092822158482
"7494",0.997767564983367,0.00223243501663275
"7495",0.997593898616611,0.00240610138338876
"7496",0.996745071040278,0.00325492895972252
"7497",0.101376674822646,0.898623325177354
"7498",0.995868972418907,0.00413102758109282
"7499",0.998435112817864,0.00156488718213571
"7500",0.995067330657844,0.00493266934215632
"7501",0.989478951315442,0.0105210486845578
"7502",0.995361759148153,0.00463824085184694
"7503",0.997881825493381,0.00211817450661907
"7504",0.955616517166733,0.0443834828332671
"7505",0.997848854644403,0.00215114535559716
"7506",0.994890267170889,0.0051097328291107
"7507",0.474721528318418,0.525278471681582
"7508",0.995632941296123,0.00436705870387702
"7509",0.99726788040505,0.00273211959495018
"7510",0.920508407156352,0.0794915928436483
"7511",0.997340219093175,0.00265978090682549
"7512",0.981266557950098,0.0187334420499024
"7513",0.993039469382205,0.00696053061779546
"7514",0.996304421467526,0.00369557853247399
"7515",0.905642142605755,0.0943578573942449
"7516",0.991888288965045,0.00811171103495504
"7517",0.0535379754736901,0.94646202452631
"7518",0.995431104380264,0.00456889561973556
"7519",0.97640647315142,0.0235935268485796
"7520",0.995532652949833,0.00446734705016676
"7521",0.993839225613157,0.0061607743868435
"7522",0.993895692102074,0.00610430789792554
"7523",0.9979244742206,0.00207552577940007
"7524",0.997387735358375,0.00261226464162471
"7525",0.997746818267184,0.00225318173281611
"7526",0.983586349154889,0.0164136508451109
"7527",0.998126787807131,0.00187321219286927
"7528",0.995962421073094,0.00403757892690595
"7529",0.945108293312194,0.0548917066878062
"7530",0.993677055712205,0.00632294428779474
"7531",0.989437186798129,0.0105628132018713
"7532",0.996034712733639,0.00396528726636145
"7533",0.995359533913352,0.00464046608664811
"7534",0.0197132122698043,0.980286787730196
"7535",0.170497624747896,0.829502375252104
"7536",0.998061295533146,0.00193870446685409
"7537",0.981940741670765,0.0180592583292346
"7538",0.994348755269292,0.00565124473070816
"7539",0.996129039151145,0.00387096084885541
"7540",0.998320689463171,0.00167931053682919
"7541",0.974608511426585,0.0253914885734146
"7542",0.996072906615278,0.00392709338472194
"7543",0.995604734097583,0.00439526590241747
"7544",0.99737604533627,0.00262395466372962
"7545",0.991679613234973,0.00832038676502711
"7546",0.997358849708905,0.00264115029109549
"7547",0.996081023564223,0.00391897643577748
"7548",0.987526126758346,0.012473873241654
"7549",0.00174364342976322,0.998256356570237
"7550",0.989916248433257,0.0100837515667435
"7551",0.995104961379257,0.00489503862074331
"7552",0.993558127629338,0.0064418723706621
"7553",0.998297789026075,0.00170221097392535
"7554",0.997440248879757,0.00255975112024294
"7555",0.966662184295721,0.0333378157042794
"7556",0.112796521430286,0.887203478569714
"7557",0.995610684512687,0.0043893154873131
"7558",0.997804129651479,0.00219587034852137
"7559",0.994692340114039,0.00530765988596108
"7560",0.99704408421441,0.0029559157855897
"7561",0.995413707932766,0.00458629206723427
"7562",0.990126988102852,0.00987301189714766
"7563",0.941281881063368,0.058718118936632
"7564",0.984712959072923,0.0152870409270773
"7565",0.995511548317471,0.0044884516825293
"7566",0.997732455863661,0.00226754413633932
"7567",0.995138710552292,0.0048612894477085
"7568",0.994615181870206,0.00538481812979351
"7569",0.995594891550366,0.00440510844963387
"7570",0.994579979951932,0.00542002004806763
"7571",0.995783224809992,0.00421677519000799
"7572",0.997121690555899,0.00287830944410073
"7573",0.997683694176463,0.00231630582353743
"7574",0.994522784408615,0.00547721559138522
"7575",0.973287583756406,0.0267124162435939
"7576",0.998313311179278,0.00168668882072251
"7577",0.994850793538572,0.00514920646142852
"7578",0.995903861478823,0.00409613852117749
"7579",0.99414719134816,0.00585280865184006
"7580",0.995743517623973,0.00425648237602717
"7581",0.995274951337111,0.00472504866288943
"7582",0.985372593657109,0.014627406342891
"7583",0.99836617605562,0.00163382394437994
"7584",0.994706033909043,0.00529396609095676
"7585",0.997995061791488,0.00200493820851218
"7586",0.997486318805336,0.00251368119466413
"7587",0.263737148434119,0.736262851565881
"7588",0.99710332242345,0.00289667757655003
"7589",0.995494625990406,0.00450537400959392
"7590",0.9984313370934,0.00156866290659999
"7591",0.99128894159645,0.00871105840355028
"7592",0.983360356722443,0.0166396432775572
"7593",0.996045428342545,0.00395457165745468
"7594",0.786414312373095,0.213585687626905
"7595",0.987023141389059,0.0129768586109408
"7596",0.69252977116828,0.30747022883172
"7597",0.997520614356447,0.00247938564355266
"7598",0.991014880952495,0.00898511904750551
"7599",0.963332237348596,0.036667762651404
"7600",0.99613629432966,0.00386370567034015
"7601",0.99002852871413,0.00997147128587047
"7602",0.998054402006855,0.00194559799314457
"7603",0.995984821906265,0.00401517809373506
"7604",0.969149008791379,0.030850991208621
"7605",0.995806863435601,0.00419313656439892
"7606",0.997134364712526,0.00286563528747413
"7607",0.993793133758997,0.00620686624100255
"7608",0.992832035011506,0.00716796498849389
"7609",0.995814012827166,0.00418598717283415
"7610",0.995007110310902,0.00499288968909795
"7611",0.997261367230074,0.00273863276992618
"7612",0.978311089420572,0.021688910579428
"7613",0.996354022941944,0.00364597705805587
"7614",0.994729922579304,0.00527007742069557
"7615",0.990971439907828,0.00902856009217235
"7616",0.994074157244522,0.00592584275547799
"7617",0.997546501708099,0.00245349829190097
"7618",0.994600420931842,0.00539957906815797
"7619",0.998190315419029,0.00180968458097127
"7620",0.995108673431416,0.00489132656858382
"7621",0.996850330606258,0.00314966939374238
"7622",0.997823350649866,0.00217664935013357
"7623",0.993207337131531,0.00679266286846861
"7624",0.955042164493922,0.0449578355060778
"7625",0.996433065915394,0.00356693408460592
"7626",0.994666932112099,0.00533306788790105
"7627",0.99453186831217,0.00546813168783007
"7628",0.991783732967368,0.00821626703263218
"7629",0.996730631822801,0.00326936817719938
"7630",0.993095223895384,0.00690477610461606
"7631",0.996852416217065,0.00314758378293531
"7632",0.988470735119365,0.011529264880635
"7633",0.998170376718717,0.00182962328128303
"7634",0.996330545254595,0.0036694547454046
"7635",0.996950028445685,0.00304997155431518
"7636",0.995194139590388,0.00480586040961164
"7637",0.993649802068541,0.00635019793145909
"7638",0.99277777563269,0.00722222436731043
"7639",0.732492508686792,0.267507491313208
"7640",0.997430404207855,0.00256959579214464
"7641",0.997477512082268,0.00252248791773236
"7642",0.993455325183193,0.00654467481680697
"7643",0.996964662634765,0.00303533736523509
"7644",0.995791557469132,0.0042084425308684
"7645",0.993777997654998,0.00622200234500244
"7646",0.997145826888464,0.00285417311153631
"7647",0.995882165907932,0.00411783409206766
"7648",0.996578609719393,0.00342139028060696
"7649",0.990107784318876,0.00989221568112432
"7650",0.995165919923065,0.00483408007693488
"7651",0.911643753660243,0.088356246339757
"7652",0.997338245704185,0.00266175429581533
"7653",0.965943938602744,0.0340560613972556
"7654",0.997888404961304,0.00211159503869616
"7655",0.987652243437007,0.0123477565629934
"7656",0.995788890746786,0.0042111092532144
"7657",0.993880837243122,0.00611916275687746
"7658",0.997237276760348,0.00276272323965149
"7659",0.99721755298879,0.00278244701120983
"7660",0.982160734413747,0.0178392655862529
"7661",0.994223176421301,0.0057768235786991
"7662",0.970026434078323,0.029973565921677
"7663",0.99499910957692,0.00500089042307962
"7664",0.943525624795403,0.0564743752045972
"7665",0.970457575043756,0.0295424249562445
"7666",0.998058556350186,0.00194144364981352
"7667",0.994611741958531,0.00538825804146912
"7668",0.99449030641462,0.00550969358537956
"7669",0.995194049278182,0.00480595072181816
"7670",0.991722698014339,0.00827730198566079
"7671",0.997889426693089,0.00211057330691124
"7672",0.995061678759711,0.00493832124028858
"7673",0.993300669015478,0.00669933098452235
"7674",0.996600829579642,0.00339917042035816
"7675",0.997338688327763,0.00266131167223716
"7676",0.995185037665556,0.00481496233444386
"7677",0.997800502197966,0.00219949780203402
"7678",0.833765887932546,0.166234112067454
"7679",0.997859121078597,0.00214087892140312
"7680",0.983869360703602,0.0161306392963981
"7681",0.996640736938628,0.00335926306137211
"7682",0.995373437926352,0.00462656207364847
"7683",0.997755696643862,0.00224430335613843
"7684",0.996014413360731,0.00398558663926916
"7685",0.99798877742307,0.00201122257692986
"7686",0.998297778282815,0.00170222171718546
"7687",0.98645706518891,0.01354293481109
"7688",0.985379433391941,0.0146205666080587
"7689",0.979239188835939,0.0207608111640614
"7690",0.990597970419487,0.00940202958051257
"7691",0.933944894518842,0.0660551054811583
"7692",0.99070127251265,0.00929872748734978
"7693",0.998114675162358,0.00188532483764168
"7694",0.995940494310048,0.00405950568995169
"7695",0.995724435283946,0.00427556471605397
"7696",0.998107609917738,0.00189239008226183
"7697",0.995700654223913,0.00429934577608664
"7698",0.992966173295671,0.00703382670432862
"7699",0.995137692339912,0.00486230766008824
"7700",0.993471550828039,0.00652844917196085
"7701",0.995018423644945,0.00498157635505517
"7702",0.996243941629463,0.00375605837053656
"7703",0.886233821143754,0.113766178856246
"7704",0.996153616254027,0.0038463837459728
"7705",0.996514714706436,0.00348528529356416
"7706",0.984405334215272,0.015594665784728
"7707",0.997653012889796,0.00234698711020444
"7708",0.997492688242087,0.00250731175791272
"7709",0.997567267072819,0.00243273292718053
"7710",0.997666386953878,0.00233361304612156
"7711",0.997479449029393,0.00252055097060674
"7712",0.996083343447581,0.0039166565524195
"7713",0.99316098586552,0.00683901413448047
"7714",0.99816826908907,0.00183173091093017
"7715",0.827929381249144,0.172070618750857
"7716",0.997772872790672,0.00222712720932797
"7717",0.998353724648311,0.00164627535168943
"7718",0.989730657382379,0.0102693426176207
"7719",0.994553630665377,0.00544636933462255
"7720",0.996996199529578,0.00300380047042228
"7721",0.995139031188515,0.00486096881148546
"7722",0.998118149340229,0.00188185065977085
"7723",0.993408655718759,0.00659134428124038
"7724",0.993157935081286,0.00684206491871385
"7725",0.995636646775776,0.00436335322422353
"7726",0.997870961482444,0.00212903851755565
"7727",0.996004431051799,0.00399556894820074
"7728",0.997869903307534,0.00213009669246579
"7729",0.993178447620902,0.00682155237909802
"7730",0.997204335987043,0.00279566401295678
"7731",0.994934202764564,0.00506579723543554
"7732",0.997740126128914,0.0022598738710855
"7733",0.989589100013754,0.0104108999862462
"7734",0.997986733008534,0.00201326699146592
"7735",0.993831507139405,0.00616849286059478
"7736",0.991446449668516,0.00855355033148446
"7737",0.99401157709441,0.0059884229055899
"7738",0.998160531958339,0.00183946804166078
"7739",0.997001132702866,0.0029988672971343
"7740",0.99807334102799,0.00192665897201029
"7741",0.986183359152957,0.0138166408470433
"7742",0.995620172402117,0.0043798275978832
"7743",0.994489981471112,0.00551001852888845
"7744",0.997563331327701,0.00243666867229899
"7745",0.996265329133967,0.00373467086603262
"7746",0.984995105292935,0.0150048947070653
"7747",0.991138178247421,0.00886182175257842
"7748",0.99177558558602,0.00822441441397971
"7749",0.994485807031636,0.00551419296836415
"7750",0.615591175171112,0.384408824828888
"7751",0.995438593232004,0.00456140676799576
"7752",0.994869615341127,0.00513038465887311
"7753",0.99701322911403,0.00298677088597044
"7754",0.995069528685749,0.0049304713142508
"7755",0.63307139857617,0.36692860142383
"7756",0.992989070702924,0.00701092929707604
"7757",0.995482342204423,0.00451765779557731
"7758",0.683667769380561,0.316332230619439
"7759",0.997156639550366,0.00284336044963391
"7760",0.996613073326316,0.00338692667368374
"7761",0.992421536864534,0.00757846313546567
"7762",0.99302584377274,0.0069741562272604
"7763",0.995879742606203,0.00412025739379658
"7764",0.998148417505714,0.00185158249428555
"7765",0.997980780854862,0.00201921914513841
"7766",0.996709928223553,0.00329007177644739
"7767",0.992052988696581,0.0079470113034186
"7768",0.984817733794446,0.0151822662055545
"7769",0.996042265121565,0.00395773487843508
"7770",0.99691626682597,0.00308373317403031
"7771",0.969597138624132,0.0304028613758682
"7772",0.99481041352468,0.0051895864753204
"7773",0.997114307056235,0.00288569294376472
"7774",0.997425275593155,0.00257472440684518
"7775",0.995333469763358,0.00466653023664188
"7776",0.993476264981549,0.00652373501845077
"7777",0.997632439362301,0.00236756063769862
"7778",0.997258894153396,0.00274110584660399
"7779",0.99796048686893,0.00203951313106959
"7780",0.860064404376918,0.139935595623081
"7781",0.723101467252726,0.276898532747274
"7782",0.998204828935014,0.00179517106498574
"7783",0.993923704720252,0.00607629527974801
"7784",0.995335042828549,0.00466495717145076
"7785",0.992932066953929,0.0070679330460713
"7786",0.998304080957684,0.00169591904231636
"7787",0.991431762334446,0.00856823766555402
"7788",0.99629235857865,0.00370764142134988
"7789",0.961087818629798,0.0389121813702023
"7790",0.996186304982024,0.00381369501797629
"7791",0.989230897610119,0.0107691023898814
"7792",0.998468089080139,0.00153191091986084
"7793",0.739553350068379,0.260446649931621
"7794",0.996631241076859,0.00336875892314109
"7795",0.99805362802599,0.00194637197400973
"7796",0.958966485753277,0.0410335142467229
"7797",0.988966280024621,0.0110337199753791
"7798",0.998415258314676,0.00158474168532364
"7799",0.993075407078519,0.00692459292148075
"7800",0.993308606207916,0.00669139379208352
"7801",0.992676707678389,0.00732329232161116
"7802",0.995954024382279,0.00404597561772099
"7803",0.997979153418959,0.00202084658104117
"7804",0.821557268151915,0.178442731848085
"7805",0.997901794321063,0.00209820567893702
"7806",0.992791105389421,0.00720889461057941
"7807",0.997992384133665,0.00200761586633525
"7808",0.649736495984656,0.350263504015344
"7809",0.996309153051778,0.0036908469482216
"7810",0.0820635178391359,0.917936482160864
"7811",0.992024025465699,0.0079759745343007
"7812",0.991753418138056,0.0082465818619445
"7813",0.997651524262201,0.00234847573779933
"7814",0.635275155628687,0.364724844371313
"7815",0.976266181005553,0.0237338189944465
"7816",0.998349952742974,0.0016500472570263
"7817",0.995445595555441,0.00455440444455909
"7818",0.996946224299506,0.00305377570049448
"7819",0.993794268213899,0.00620573178610052
"7820",0.995807400364718,0.00419259963528143
"7821",0.996364487870742,0.00363551212925825
"7822",0.998170057644403,0.00182994235559703
"7823",0.997937208884856,0.00206279111514371
"7824",0.996598098596962,0.0034019014030376
"7825",0.997812936976334,0.00218706302366573
"7826",0.994856883153481,0.00514311684651866
"7827",0.995609175084532,0.00439082491546787
"7828",0.994192027063835,0.00580797293616542
"7829",0.997606449375859,0.00239355062414055
"7830",0.984441206424045,0.0155587935759553
"7831",0.994749564927474,0.0052504350725261
"7832",0.99805831536826,0.00194168463174008
"7833",0.991297381413341,0.00870261858665925
"7834",0.998402455179704,0.00159754482029575
"7835",0.997546996952729,0.00245300304727085
"7836",0.983957258341031,0.0160427416589686
"7837",0.993506768456312,0.0064932315436877
"7838",0.912350328827172,0.0876496711728278
"7839",0.997545052993167,0.00245494700683332
"7840",0.997462723823796,0.00253727617620401
"7841",0.997724135701819,0.00227586429818072
"7842",0.998080927120363,0.00191907287963696
"7843",0.997193925316483,0.0028060746835167
"7844",0.994744281432428,0.00525571856757247
"7845",0.994859817623281,0.0051401823767192
"7846",0.997979820544218,0.00202017945578198
"7847",0.995030118150477,0.00496988184952318
"7848",0.994435032238369,0.0055649677616306
"7849",0.995760013624973,0.0042399863750274
"7850",0.99787379362201,0.00212620637799013
"7851",0.323533947145907,0.676466052854093
"7852",0.99796369680969,0.00203630319030987
"7853",0.997634734092392,0.00236526590760765
"7854",0.997696719447883,0.00230328055211696
"7855",0.995964591673754,0.00403540832624642
"7856",0.995014625666306,0.00498537433369357
"7857",0.997127175652899,0.00287282434710136
"7858",0.996110524134018,0.00388947586598183
"7859",0.996941156241822,0.00305884375817811
"7860",0.998202578047496,0.00179742195250441
"7861",0.00230664750695161,0.997693352493048
"7862",0.993989635942658,0.00601036405734227
"7863",0.997982211743588,0.00201778825641207
"7864",0.995651091116001,0.00434890888399886
"7865",0.998188801709205,0.00181119829079522
"7866",0.99593429602963,0.00406570397036997
"7867",0.987560768808615,0.0124392311913854
"7868",0.995039081430082,0.00496091856991805
"7869",0.997550480681941,0.00244951931805903
"7870",0.99308932198389,0.00691067801610961
"7871",0.997301014683979,0.00269898531602053
"7872",0.994607513472002,0.00539248652799841
"7873",0.994569790149608,0.0054302098503918
"7874",0.998471428738771,0.00152857126122905
"7875",0.998038007999861,0.0019619920001388
"7876",0.998168383226498,0.00183161677350162
"7877",0.988796695979245,0.0112033040207549
"7878",0.995941977442681,0.00405802255731855
"7879",0.997905496594004,0.00209450340599619
"7880",0.995433821620897,0.00456617837910262
"7881",0.983015667422171,0.0169843325778287
"7882",0.994045736571311,0.00595426342868902
"7883",0.993555255329312,0.00644474467068829
"7884",0.997955872030244,0.00204412796975626
"7885",0.994294891734934,0.00570510826506593
"7886",0.996924910685923,0.0030750893140773
"7887",0.990498063282933,0.00950193671706719
"7888",0.995875841956173,0.00412415804382728
"7889",0.997971609832322,0.00202839016767778
"7890",0.995381191746222,0.00461880825377833
"7891",0.996239422571815,0.00376057742818477
"7892",0.993830231449377,0.00616976855062254
"7893",0.997266105473195,0.00273389452680488
"7894",0.990939854967969,0.00906014503203066
"7895",0.872197874662837,0.127802125337163
"7896",0.996519098808412,0.00348090119158812
"7897",0.996672881482837,0.00332711851716358
"7898",0.993425726192323,0.00657427380767712
"7899",0.998362154709063,0.00163784529093686
"7900",0.996575289132321,0.00342471086767896
"7901",0.997292340374245,0.00270765962575497
"7902",0.674765900983614,0.325234099016386
"7903",0.871593003216375,0.128406996783625
"7904",0.978447003735818,0.021552996264182
"7905",0.996737438777825,0.00326256122217525
"7906",0.997383743739653,0.00261625626034726
"7907",0.997361361481203,0.00263863851879699
"7908",0.997910963504362,0.00208903649563838
"7909",0.98886446279318,0.0111355372068195
"7910",0.99828982847141,0.00171017152859005
"7911",0.981326376031242,0.0186736239687576
"7912",0.991663762315325,0.0083362376846747
"7913",0.996443557355403,0.00355644264459686
"7914",0.997777437807852,0.00222256219214763
"7915",0.990269502892666,0.00973049710733425
"7916",0.99782984508536,0.00217015491464055
"7917",0.995535358092043,0.00446464190795759
"7918",0.998354402528931,0.00164559747106879
"7919",0.988270590458245,0.0117294095417552
"7920",0.995364932269323,0.00463506773067721
"7921",0.940355577258084,0.0596444227419163
"7922",0.996529871824635,0.00347012817536446
"7923",0.996997599454433,0.00300240054556716
"7924",0.994956635128564,0.00504336487143614
"7925",0.992628106294425,0.00737189370557487
"7926",0.997814572149688,0.00218542785031145
"7927",0.994219717154617,0.00578028284538355
"7928",0.996846281350835,0.00315371864916465
"7929",0.827246002594695,0.172753997405304
"7930",0.995339309250572,0.00466069074942824
"7931",0.992426108816828,0.00757389118317161
"7932",0.997368741336626,0.00263125866337439
"7933",0.993977549064881,0.00602245093511932
"7934",0.998262877803927,0.00173712219607292
"7935",0.00142000816699165,0.998579991833008
"7936",0.994800803011864,0.00519919698813577
"7937",0.993562429695781,0.00643757030421937
"7938",0.975124015033942,0.0248759849660579
"7939",0.988918026449437,0.011081973550563
"7940",0.998050818286105,0.00194918171389458
"7941",0.989211436708955,0.0107885632910454
"7942",0.998403147339635,0.00159685266036503
"7943",0.700552268159994,0.299447731840006
"7944",0.997691517728164,0.00230848227183558
"7945",0.990182762700718,0.00981723729928153
"7946",0.997855217830638,0.00214478216936168
"7947",0.990958990731063,0.00904100926893683
"7948",0.995391203347852,0.0046087966521481
"7949",0.980543651283178,0.0194563487168216
"7950",0.991343866927381,0.00865613307261903
"7951",0.00281114303384523,0.997188856966155
"7952",0.994660411183734,0.00533958881626588
"7953",0.997086490490101,0.00291350950989916
"7954",0.995928920102284,0.00407107989771647
"7955",0.996040816582207,0.00395918341779329
"7956",0.995556756794241,0.004443243205759
"7957",0.992219473151241,0.0077805268487589
"7958",0.998055963107824,0.00194403689217595
"7959",0.990121950396106,0.00987804960389429
"7960",0.992795817374361,0.00720418262563891
"7961",0.998191841201548,0.00180815879845188
"7962",0.998133727664411,0.00186627233558953
"7963",0.997261979128666,0.00273802087133374
"7964",0.997392334230742,0.00260766576925773
"7965",0.997810130552303,0.0021898694476968
"7966",0.970784217835212,0.0292157821647884
"7967",0.993998206283529,0.00600179371647112
"7968",0.0156809805851203,0.98431901941488
"7969",0.993348342233697,0.0066516577663033
"7970",0.995633259167675,0.00436674083232522
"7971",0.994551805427821,0.00544819457217875
"7972",0.994513019772101,0.00548698022789899
"7973",0.976354390278632,0.0236456097213684
"7974",0.963857848660382,0.0361421513396175
"7975",0.997102110917859,0.00289788908214062
"7976",0.996918540770538,0.00308145922946204
"7977",0.998045266425178,0.0019547335748225
"7978",0.994564273697607,0.00543572630239319
"7979",0.98615726693702,0.0138427330629805
"7980",0.992892646386931,0.00710735361306856
"7981",0.995479278128439,0.00452072187156079
"7982",0.994878138297368,0.00512186170263149
"7983",0.994691639091106,0.00530836090889441
"7984",0.997278009634593,0.00272199036540646
"7985",0.996496087752988,0.0035039122470123
"7986",0.996814376753723,0.00318562324627739
"7987",0.903661983115904,0.0963380168840958
"7988",0.991978110187913,0.00802188981208679
"7989",0.997714840583306,0.00228515941669442
"7990",0.997164164838302,0.00283583516169823
"7991",0.998362741074781,0.00163725892521893
"7992",0.994001451497716,0.00599854850228346
"7993",0.997665661273965,0.00233433872603487
"7994",0.991383339812362,0.00861666018763826
"7995",0.998108267714503,0.00189173228549674
"7996",0.993210658014736,0.00678934198526421
"7997",0.957050942393931,0.0429490576060692
"7998",0.996651917756784,0.00334808224321644
"7999",0.991334510545907,0.00866548945409254
"8000",0.998252846178506,0.00174715382149349
"8001",0.954702730815715,0.0452972691842845
"8002",0.997799731018056,0.00220026898194412
"8003",0.99614581513049,0.00385418486951032
"8004",0.849833974328426,0.150166025671574
"8005",0.989568819377549,0.0104311806224509
"8006",0.989112254353253,0.0108877456467469
"8007",0.991814737316816,0.00818526268318372
"8008",0.997518090352353,0.00248190964764739
"8009",0.997683561123525,0.00231643887647477
"8010",0.99266661605168,0.00733338394832027
"8011",0.998396918143933,0.00160308185606668
"8012",0.99789309765442,0.00210690234557998
"8013",0.961313608623405,0.0386863913765949
"8014",0.997827989446676,0.00217201055332438
"8015",0.743704404428447,0.256295595571553
"8016",0.996930184047688,0.00306981595231223
"8017",0.989584416046481,0.0104155839535187
"8018",0.974728556785517,0.025271443214483
"8019",0.98445058359861,0.0155494164013902
"8020",0.99784811316497,0.00215188683502982
"8021",0.993515636920101,0.0064843630798991
"8022",0.995779846776839,0.00422015322316125
"8023",0.997506426236794,0.0024935737632056
"8024",0.995734642021397,0.00426535797860329
"8025",0.971605875948288,0.0283941240517119
"8026",0.9933953074748,0.00660469252520024
"8027",0.997224957305365,0.00277504269463493
"8028",0.00279763246201424,0.997202367537986
"8029",0.994469385129152,0.0055306148708477
"8030",0.991280657399497,0.00871934260050332
"8031",0.993831112441649,0.00616888755835112
"8032",0.9981068748896,0.00189312511039987
"8033",0.993481134915758,0.00651886508424197
"8034",0.992328880533432,0.00767111946656763
"8035",0.996422508657579,0.00357749134242063
"8036",0.976778148454525,0.0232218515454751
"8037",0.99824254006162,0.00175745993837971
"8038",0.995126653208843,0.00487334679115689
"8039",0.995869492839542,0.00413050716045844
"8040",0.0140617128336687,0.985938287166331
"8041",0.944876133261779,0.0551238667382212
"8042",0.993216652913031,0.00678334708696856
"8043",0.995048481408562,0.00495151859143781
"8044",0.99633982744501,0.00366017255498985
"8045",0.997119390482508,0.00288060951749153
"8046",0.923224485500015,0.076775514499985
"8047",0.989827882314466,0.0101721176855344
"8048",0.995327187122691,0.00467281287730852
"8049",0.931815711229413,0.0681842887705873
"8050",0.998251182815231,0.00174881718476932
"8051",0.99610389035561,0.00389610964439009
"8052",0.993742304294104,0.00625769570589597
"8053",0.996606849694783,0.00339315030521712
"8054",0.975987088192851,0.024012911807149
"8055",0.96815027869799,0.03184972130201
"8056",0.870656850149871,0.129343149850129
"8057",0.996627542760128,0.00337245723987162
"8058",0.949439883594363,0.0505601164056369
"8059",0.9970896669692,0.00291033303079956
"8060",0.330847460858137,0.669152539141863
"8061",0.998268079676788,0.00173192032321163
"8062",0.995610448324627,0.00438955167537262
"8063",0.996883866806628,0.00311613319337231
"8064",0.995363737926968,0.00463626207303165
"8065",0.995789558443012,0.00421044155698815
"8066",0.995531886684472,0.00446811331552765
"8067",0.986182938898203,0.0138170611017972
"8068",0.996034439808156,0.00396556019184391
"8069",0.997288342758961,0.00271165724103921
"8070",0.99707617490573,0.00292382509427008
"8071",0.989267888664227,0.0107321113357729
"8072",0.996594653314772,0.00340534668522831
"8073",0.998058547313108,0.0019414526868923
"8074",0.992852410109616,0.00714758989038369
"8075",0.996577112652443,0.00342288734755656
"8076",0.991004088929946,0.00899591107005408
"8077",0.99567967678994,0.00432032321006006
"8078",0.994799719878216,0.00520028012178375
"8079",0.959020245020303,0.0409797549796971
"8080",0.960765656057537,0.0392343439424631
"8081",0.990418223795026,0.00958177620497364
"8082",0.998083291157236,0.00191670884276444
"8083",0.980107495853788,0.0198925041462121
"8084",0.809139378443864,0.190860621556136
"8085",0.982729168871367,0.0172708311286335
"8086",0.982963063653251,0.0170369363467488
"8087",0.997752759632333,0.00224724036766683
"8088",0.0191530310666639,0.980846968933336
"8089",0.00324133418011917,0.996758665819881
"8090",0.993318651948405,0.00668134805159536
"8091",0.936493590482904,0.0635064095170962
"8092",0.995749905251898,0.00425009474810225
"8093",0.994648397043121,0.005351602956879
"8094",0.996254002242475,0.00374599775752524
"8095",0.998254044050976,0.00174595594902396
"8096",0.993330822758484,0.00666917724151631
"8097",0.996552587961343,0.0034474120386567
"8098",0.99545826667273,0.0045417333272701
"8099",0.998303522750055,0.00169647724994511
"8100",0.980172511983623,0.0198274880163769
"8101",0.803075774048688,0.196924225951312
"8102",0.995548731876524,0.00445126812347577
"8103",0.995564954045822,0.00443504595417822
"8104",0.998367006424034,0.00163299357596623
"8105",0.998091499768918,0.00190850023108196
"8106",0.988152042828916,0.0118479571710838
"8107",0.998358820064222,0.00164117993577845
"8108",0.995208480075582,0.00479151992441779
"8109",0.994244552717196,0.00575544728280359
"8110",0.990949098327789,0.0090509016722115
"8111",0.993983006223402,0.00601699377659794
"8112",0.212491557549191,0.787508442450809
"8113",0.899204925307819,0.100795074692181
"8114",0.989722916441757,0.0102770835582434
"8115",0.00648714517236879,0.993512854827631
"8116",0.998228207755665,0.00177179224433465
"8117",0.994046541850003,0.00595345814999737
"8118",0.998421826964139,0.00157817303586085
"8119",0.996380585909243,0.00361941409075707
"8120",0.948314619799527,0.0516853802004733
"8121",0.991313505520496,0.00868649447950437
"8122",0.985466376155649,0.0145336238443504
"8123",0.994802572555633,0.00519742744436746
"8124",0.997773291232783,0.00222670876721736
"8125",0.997997830226595,0.00200216977340455
"8126",0.998090391927587,0.0019096080724126
"8127",0.995341705858454,0.00465829414154576
"8128",0.995161638157997,0.00483836184200349
"8129",0.995063608287384,0.00493639171261593
"8130",0.996298434211036,0.00370156578896388
"8131",0.995198559342656,0.00480144065734356
"8132",0.993991103296169,0.00600889670383068
"8133",0.995858975472649,0.00414102452735078
"8134",0.0348900982971111,0.965109901702889
"8135",0.995169463840974,0.00483053615902558
"8136",0.997632393503242,0.00236760649675829
"8137",0.995306366697888,0.0046936333021124
"8138",0.99792759198414,0.00207240801585965
"8139",0.99245996887798,0.00754003112201955
"8140",0.994082923530111,0.00591707646988865
"8141",0.998025655879901,0.00197434412009923
"8142",0.990641467498888,0.00935853250111186
"8143",0.997313633386373,0.00268636661362665
"8144",0.994690786997894,0.00530921300210643
"8145",0.996505092188629,0.00349490781137131
"8146",0.99496892838088,0.00503107161911993
"8147",0.99494591870516,0.00505408129483999
"8148",0.995760656411861,0.00423934358813874
"8149",0.997950983922543,0.00204901607745653
"8150",0.994703380198996,0.0052966198010042
"8151",0.997320738353359,0.00267926164664128
"8152",0.997819122105458,0.00218087789454213
"8153",0.993027837563217,0.00697216243678298
"8154",0.997343666934166,0.00265633306583413
"8155",0.995808124923463,0.00419187507653678
"8156",0.992772632080554,0.00722736791944619
"8157",0.99799098455229,0.00200901544771015
"8158",0.984276709223518,0.0157232907764821
"8159",0.994997504633549,0.00500249536645091
"8160",0.997785913693522,0.00221408630647759
"8161",0.664545609555841,0.335454390444159
"8162",0.987945676085385,0.0120543239146154
"8163",0.935151730202974,0.064848269797026
"8164",0.989660927683016,0.010339072316984
"8165",0.726569384090995,0.273430615909005
"8166",0.973488815360077,0.0265111846399231
"8167",0.99508941915452,0.00491058084547955
"8168",0.99614587454122,0.00385412545878047
"8169",0.997835917843999,0.00216408215600108
"8170",0.990828672692844,0.00917132730715616
"8171",0.997341292334546,0.00265870766545434
"8172",0.998030073507603,0.00196992649239741
"8173",0.997936262979307,0.0020637370206928
"8174",0.998242330538716,0.00175766946128431
"8175",0.997861624240483,0.00213837575951754
"8176",0.941240231577684,0.0587597684223159
"8177",0.851809926037579,0.148190073962421
"8178",0.98005616359804,0.01994383640196
"8179",0.986289912313126,0.0137100876868737
"8180",0.992750415694473,0.00724958430552716
"8181",0.990452338479624,0.0095476615203764
"8182",0.997839088822204,0.00216091117779567
"8183",0.992564487479514,0.00743551252048592
"8184",0.996037048508072,0.00396295149192843
"8185",0.998313778024471,0.00168622197552876
"8186",0.979649886188175,0.020350113811825
"8187",0.706299826669647,0.293700173330353
"8188",0.986195763666469,0.0138042363335305
"8189",0.932730829421046,0.0672691705789543
"8190",0.997558434372721,0.00244156562727904
"8191",0.995277058777786,0.00472294122221439
"8192",0.642226398422884,0.357773601577116
"8193",0.995485227300964,0.00451477269903616
"8194",0.998139900207299,0.00186009979270076
"8195",0.994486637119909,0.00551336288009138
"8196",0.997797179592939,0.00220282040706129
"8197",0.997537766140629,0.00246223385937147
"8198",0.966545113416277,0.0334548865837231
"8199",0.994960129532697,0.00503987046730246
"8200",0.994688092023519,0.00531190797648043
"8201",0.996885512564898,0.00311448743510188
"8202",0.996094272708458,0.00390572729154188
"8203",0.99086393295617,0.00913606704382951
"8204",0.984535878425374,0.0154641215746264
"8205",0.994128073075297,0.00587192692470274
"8206",0.994368087881088,0.00563191211891146
"8207",0.997152567324369,0.00284743267563082
"8208",0.993830213736367,0.0061697862636329
"8209",0.00311229270934166,0.996887707290658
"8210",0.761704512423619,0.238295487576381
"8211",0.995324814810127,0.00467518518987287
"8212",0.984503697613328,0.0154963023866726
"8213",0.995594063018746,0.00440593698125426
"8214",0.990429371526072,0.00957062847392821
"8215",0.994963604582687,0.0050363954173133
"8216",0.995355039106222,0.00464496089377842
"8217",0.998412926531405,0.00158707346859494
"8218",0.982620772513788,0.0173792274862117
"8219",0.998426983851059,0.00157301614894115
"8220",0.937292038190234,0.0627079618097657
"8221",0.963480016035437,0.0365199839645631
"8222",0.995580797178325,0.00441920282167518
"8223",0.997613788432658,0.00238621156734181
"8224",0.99788042122844,0.00211957877156032
"8225",0.994757506526624,0.00524249347337641
"8226",0.994774218664694,0.00522578133530575
"8227",0.998159099095106,0.0018409009048938
"8228",0.996723309118121,0.0032766908818787
"8229",0.92346486233409,0.0765351376659104
"8230",0.996750511068132,0.00324948893186775
"8231",0.996535470225451,0.00346452977454884
"8232",0.983150964085442,0.0168490359145578
"8233",0.997287003118493,0.00271299688150729
"8234",0.994691437397499,0.00530856260250116
"8235",0.991778812316664,0.00822118768333602
"8236",0.998233269924877,0.00176673007512297
"8237",0.989432264328235,0.0105677356717656
"8238",0.993693116756947,0.00630688324305279
"8239",0.991794823699009,0.00820517630099111
"8240",0.996912064718004,0.00308793528199577
"8241",0.9978274397715,0.00217256022850039
"8242",0.995703747945686,0.00429625205431441
"8243",0.982952597011983,0.0170474029880172
"8244",0.996301118857733,0.00369888114226735
"8245",0.996792970848702,0.00320702915129803
"8246",0.992310022559068,0.00768997744093182
"8247",0.993554957946964,0.0064450420530357
"8248",0.998360970681741,0.00163902931825855
"8249",0.993750916671574,0.00624908332842597
"8250",0.993451632936312,0.00654836706368808
"8251",0.9948417619346,0.00515823806539939
"8252",0.99528888079162,0.00471111920837956
"8253",0.99465207212514,0.00534792787486021
"8254",0.987012720127591,0.0129872798724093
"8255",0.997391736276216,0.00260826372378395
"8256",0.910177352145076,0.0898226478549239
"8257",0.993637298727702,0.00636270127229827
"8258",0.994817682599908,0.00518231740009229
"8259",0.972619600390296,0.0273803996097034
"8260",0.995410118065846,0.00458988193415442
"8261",0.770333688995271,0.229666311004729
"8262",0.984116162599638,0.0158838374003624
"8263",0.998008252418481,0.00199174758151915
"8264",0.996541098568931,0.00345890143106917
"8265",0.992743768536198,0.00725623146380188
"8266",0.0570482782176248,0.942951721782375
"8267",0.992939646658044,0.00706035334195615
"8268",0.683953863050348,0.316046136949652
"8269",0.991668102824807,0.00833189717519275
"8270",0.989022977010058,0.0109770229899424
"8271",0.995900305094017,0.00409969490598269
"8272",0.998227723637426,0.00177227636257357
"8273",0.99707281807892,0.00292718192107982
"8274",0.991619432831863,0.00838056716813682
"8275",0.995180020623618,0.0048199793763818
"8276",0.994636287679122,0.00536371232087778
"8277",0.980568281295559,0.0194317187044409
"8278",0.995056455527102,0.00494354447289822
"8279",0.996035942763658,0.00396405723634237
"8280",0.99770269479789,0.00229730520211014
"8281",0.99499711265085,0.00500288734915027
"8282",0.996700535128378,0.00329946487162154
"8283",0.991817558267417,0.00818244173258313
"8284",0.994594778462954,0.00540522153704589
"8285",0.994378529807351,0.00562147019264855
"8286",0.99360393548852,0.0063960645114798
"8287",0.99750793460992,0.00249206539007982
"8288",0.994045705594915,0.00595429440508529
"8289",0.991706820479641,0.00829317952035856
"8290",0.995638903873314,0.00436109612668601
"8291",0.997898499077661,0.00210150092233902
"8292",0.98338149893059,0.01661850106941
"8293",0.935327310459006,0.064672689540994
"8294",0.997927627585883,0.00207237241411718
"8295",0.993045468489333,0.00695453151066681
"8296",0.996977209002585,0.00302279099741534
"8297",0.994797638410738,0.00520236158926196
"8298",0.985462659953195,0.0145373400468054
"8299",0.989778023067965,0.0102219769320352
"8300",0.99806989465387,0.00193010534613038
"8301",0.996279587746679,0.00372041225332068
"8302",0.995193069475417,0.00480693052458298
"8303",0.94924843019512,0.0507515698048805
"8304",0.998029525504789,0.00197047449521122
"8305",0.951210770838807,0.0487892291611929
"8306",0.995427966160801,0.00457203383919873
"8307",0.994947112301616,0.00505288769838417
"8308",0.966402760972965,0.0335972390270353
"8309",0.952816961792311,0.0471830382076889
"8310",0.993943922791842,0.00605607720815795
"8311",0.87409422166078,0.12590577833922
"8312",0.994810991342603,0.00518900865739695
"8313",0.998000130245822,0.00199986975417824
"8314",0.811005576999194,0.188994423000806
"8315",0.995904580529004,0.00409541947099617
"8316",0.862238129266359,0.137761870733641
"8317",0.549459749380502,0.450540250619498
"8318",0.871854434387029,0.128145565612971
"8319",0.992408928374267,0.00759107162573339
"8320",0.998462359489584,0.00153764051041575
"8321",0.997221720208329,0.00277827979167118
"8322",0.995074830451076,0.00492516954892407
"8323",0.996015343096955,0.00398465690304467
"8324",0.998290264227312,0.00170973577268744
"8325",0.997630816728369,0.00236918327163084
"8326",0.996570319413337,0.00342968058666316
"8327",0.99652603646613,0.00347396353387034
"8328",0.995599143299399,0.00440085670060072
"8329",0.994058055946081,0.00594194405391935
"8330",0.994093804984076,0.00590619501592404
"8331",0.997203942639027,0.00279605736097265
"8332",0.995779176148335,0.00422082385166473
"8333",0.996350673381134,0.00364932661886589
"8334",0.998421164194576,0.00157883580542416
"8335",0.987590259633265,0.0124097403667346
"8336",0.998423331206372,0.00157666879362741
"8337",0.997535747431391,0.00246425256860945
"8338",0.998333945570144,0.00166605442985568
"8339",0.996107938707384,0.00389206129261635
"8340",0.986316367248009,0.0136836327519909
"8341",0.990427612838961,0.00957238716103909
"8342",0.997298325119005,0.00270167488099551
"8343",0.99819076075028,0.00180923924971969
"8344",0.992717306987998,0.00728269301200201
"8345",0.786623673538899,0.213376326461101
"8346",0.996383252691741,0.0036167473082591
"8347",0.989659624405326,0.0103403755946742
"8348",0.88573732057345,0.11426267942655
"8349",0.96391238290438,0.0360876170956203
"8350",0.997259009282866,0.00274099071713411
"8351",0.959060591505402,0.040939408494598
"8352",0.99565841394524,0.00434158605475971
"8353",0.995827878428428,0.00417212157157221
"8354",0.997249413707354,0.0027505862926464
"8355",0.0214672400943854,0.978532759905615
"8356",0.992315211417019,0.00768478858298087
"8357",0.986524009772729,0.013475990227271
"8358",0.583793258019971,0.416206741980029
"8359",0.997900478316024,0.00209952168397586
"8360",0.994789488569937,0.00521051143006289
"8361",0.997442808826731,0.00255719117326861
"8362",0.990338695291107,0.00966130470889266
"8363",0.99402972324024,0.00597027675975991
"8364",0.00380732703936569,0.996192672960634
"8365",0.936846055472652,0.0631539445273484
"8366",0.996062080094986,0.0039379199050141
"8367",0.993857387174765,0.00614261282523549
"8368",0.993926006239866,0.0060739937601341
"8369",0.979839094301055,0.0201609056989452
"8370",0.987967691073017,0.012032308926983
"8371",0.997196016921859,0.00280398307814132
"8372",0.488513922520314,0.511486077479687
"8373",0.985576171908491,0.0144238280915087
"8374",0.992531398616281,0.00746860138371885
"8375",0.996218842809682,0.00378115719031747
"8376",0.998175175331475,0.00182482466852472
"8377",0.980906097553939,0.0190939024460613
"8378",0.99465509926435,0.00534490073564961
"8379",0.998364320069499,0.00163567993050125
"8380",0.996568682675962,0.00343131732403786
"8381",0.99683325141994,0.00316674858005985
"8382",0.997611927058849,0.00238807294115114
"8383",0.998015691018244,0.00198430898175622
"8384",0.997105380734234,0.00289461926576573
"8385",0.994866745502335,0.00513325449766474
"8386",0.996871767379507,0.0031282326204927
"8387",0.997453494349902,0.0025465056500978
"8388",0.965806047956913,0.0341939520430868
"8389",0.991240258821049,0.00875974117895143
"8390",0.997225173847479,0.00277482615252137
"8391",0.995323086612014,0.00467691338798615
"8392",0.900902870614522,0.0990971293854783
"8393",0.997827951607865,0.00217204839213532
"8394",0.977265589589067,0.0227344104109326
"8395",0.99127236592095,0.00872763407904993
"8396",0.995108797693873,0.00489120230612725
"8397",0.99650405010302,0.0034959498969798
"8398",0.0499745409980534,0.950025459001947
"8399",0.99564186215512,0.00435813784488043
"8400",0.96506881538693,0.0349311846130697
"8401",0.997582582832776,0.00241741716722444
"8402",0.952752936767708,0.047247063232292
"8403",0.998113186138993,0.00188681386100697
"8404",0.996078860798124,0.00392113920187578
"8405",0.998274725402426,0.00172527459757447
"8406",0.990671240595075,0.0093287594049254
"8407",0.997006238352134,0.00299376164786616
"8408",0.998229684499786,0.0017703155002145
"8409",0.81937178486116,0.18062821513884
"8410",0.994977122444321,0.00502287755567907
"8411",0.997835162405072,0.00216483759492768
"8412",0.99737504971549,0.0026249502845102
"8413",0.996684849620899,0.00331515037910097
"8414",0.997921270864191,0.00207872913580897
"8415",0.991691468612661,0.00830853138733907
"8416",0.997420178068116,0.00257982193188376
"8417",0.99753244386714,0.00246755613285987
"8418",0.990651206855479,0.0093487931445207
"8419",0.997879677802427,0.00212032219757346
"8420",0.998090419127522,0.00190958087247812
"8421",0.994944242645659,0.00505575735434091
"8422",0.996379134070113,0.00362086592988708
"8423",0.5968259878396,0.4031740121604
"8424",0.000483831714327638,0.999516168285672
"8425",0.993462404757157,0.00653759524284277
"8426",0.996777834730058,0.00322216526994206
"8427",0.992929585364753,0.007070414635247
"8428",0.997952679502217,0.00204732049778319
"8429",0.994933108652978,0.00506689134702174
"8430",0.994398629390521,0.00560137060947916
"8431",0.996698350803682,0.00330164919631792
"8432",0.980950283439238,0.0190497165607622
"8433",0.994946521899487,0.00505347810051334
"8434",0.993643098426847,0.00635690157315345
"8435",0.995373813491626,0.00462618650837392
"8436",0.99824666833665,0.00175333166334981
"8437",0.998315806037049,0.00168419396295071
"8438",0.727178307417164,0.272821692582836
"8439",0.0314916223997443,0.968508377600256
"8440",0.997177936786232,0.00282206321376772
"8441",0.993262377111254,0.00673762288874608
"8442",0.995597070006229,0.00440292999377086
"8443",0.99401256100024,0.00598743899975996
"8444",0.997510688493035,0.00248931150696458
"8445",0.997903551225452,0.00209644877454804
"8446",0.996412970544635,0.00358702945536533
"8447",0.993714866018401,0.00628513398159889
"8448",0.997501192932362,0.00249880706763834
"8449",0.00755784477324589,0.992442155226754
"8450",0.997844956379535,0.0021550436204646
"8451",0.995568644033982,0.00443135596601828
"8452",0.992115361776131,0.00788463822386895
"8453",0.964051157184764,0.0359488428152364
"8454",0.997773157527303,0.00222684247269662
"8455",0.0501299926777077,0.949870007322292
"8456",0.994776081926539,0.00522391807346129
"8457",0.997382765999816,0.00261723400018415
"8458",0.998155180851035,0.00184481914896456
"8459",0.992790019818298,0.00720998018170234
"8460",0.99537702216127,0.00462297783872975
"8461",0.988245275514477,0.0117547244855232
"8462",0.992202425740638,0.00779757425936186
"8463",0.963468658827871,0.0365313411721287
"8464",0.985405372481431,0.0145946275185691
"8465",0.998155172243324,0.00184482775667641
"8466",0.993829540892533,0.00617045910746696
"8467",0.99694312548029,0.00305687451970988
"8468",0.989325412095783,0.0106745879042172
"8469",0.998166687418304,0.00183331258169608
"8470",0.996444631555761,0.00355536844423945
"8471",0.994520780633991,0.00547921936600879
"8472",0.996959578301109,0.00304042169889122
"8473",0.852076158265997,0.147923841734003
"8474",0.927266063768923,0.0727339362310773
"8475",0.915763810909491,0.0842361890905085
"8476",0.989782626610621,0.0102173733893795
"8477",0.997420840157433,0.00257915984256677
"8478",0.997544146500325,0.00245585349967489
"8479",0.990536343538061,0.00946365646193915
"8480",0.998431865298055,0.00156813470194509
"8481",0.995047472042922,0.00495252795707841
"8482",0.993109134903294,0.00689086509670642
"8483",0.99545171021836,0.00454828978163964
"8484",0.976776345096909,0.0232236549030909
"8485",0.985470153399672,0.0145298466003281
"8486",0.99513711907248,0.00486288092752048
"8487",0.655590635098736,0.344409364901264
"8488",0.99365567876615,0.00634432123384973
"8489",0.994600546372547,0.00539945362745284
"8490",0.995301563843579,0.00469843615642143
"8491",0.989028002918501,0.0109719970814987
"8492",0.851315854052195,0.148684145947805
"8493",0.989382593106297,0.0106174068937028
"8494",0.998148214754494,0.00185178524550603
"8495",0.984136167214701,0.0158638327852996
"8496",0.998021902353315,0.00197809764668513
"8497",0.997342546078348,0.00265745392165214
"8498",0.997712373862104,0.00228762613789601
"8499",0.989665342582999,0.0103346574170014
"8500",0.995183690726973,0.00481630927302664
"8501",0.993768047052198,0.00623195294780229
"8502",0.996953352626546,0.00304664737345379
"8503",0.994108608654313,0.00589139134568657
"8504",0.99809610247754,0.00190389752246032
"8505",0.990773125558496,0.00922687444150413
"8506",0.997420281563257,0.00257971843674304
"8507",0.994611200849562,0.00538879915043798
"8508",0.955497920101041,0.0445020798989587
"8509",0.994399497235174,0.00560050276482598
"8510",0.986655934193617,0.0133440658063832
"8511",0.998340359709175,0.00165964029082518
"8512",0.996981926548561,0.00301807345143935
"8513",0.998447851637211,0.00155214836278945
"8514",0.993687686730995,0.00631231326900534
"8515",0.990048905176484,0.00995109482351627
"8516",0.99745919186641,0.00254080813358965
"8517",0.984030909479985,0.0159690905200154
"8518",0.997085870660154,0.00291412933984634
"8519",0.993288193066517,0.00671180693348288
"8520",0.997854549054253,0.00214545094574729
"8521",0.987807146809004,0.0121928531909957
"8522",0.996423808711492,0.00357619128850744
"8523",0.995493864192575,0.00450613580742533
"8524",0.994605435837117,0.00539456416288302
"8525",0.995324001171913,0.00467599882808701
"8526",0.986026647159762,0.0139733528402383
"8527",0.996986124506163,0.00301387549383677
"8528",0.00467504503780714,0.995324954962193
"8529",0.997889826343046,0.00211017365695426
"8530",0.998281144109343,0.00171885589065753
"8531",0.990814557829349,0.00918544217065111
"8532",0.978498975624822,0.0215010243751778
"8533",0.99635465308495,0.00364534691505025
"8534",0.99841661569064,0.00158338430935991
"8535",0.99704891868803,0.00295108131197
"8536",0.995598596618011,0.00440140338198891
"8537",0.994711312665097,0.00528868733490263
"8538",0.981633436208176,0.0183665637918241
"8539",0.992993343012711,0.00700665698728888
"8540",0.985709237376529,0.0142907626234707
"8541",0.0021213779934103,0.99787862200659
"8542",0.997879255427666,0.002120744572334
"8543",0.995071025774443,0.0049289742255573
"8544",0.996676146702995,0.0033238532970051
"8545",0.984495449087633,0.0155045509123671
"8546",0.997462924134334,0.00253707586566599
"8547",0.998461950289497,0.00153804971050292
"8548",0.990852342061104,0.00914765793889554
"8549",0.996795590287846,0.00320440971215376
"8550",0.995409585019233,0.00459041498076671
"8551",0.984722696044623,0.015277303955377
"8552",0.798792296081911,0.201207703918089
"8553",0.995405206849741,0.00459479315025902
"8554",0.99392036352367,0.00607963647632987
"8555",0.997475053924151,0.00252494607584922
"8556",0.99774184462841,0.00225815537158981
"8557",0.997282189673471,0.00271781032652844
"8558",0.00436523941941722,0.995634760580583
"8559",0.955176026981216,0.0448239730187844
"8560",0.994701808515718,0.00529819148428175
"8561",0.996750490171382,0.00324950982861831
"8562",0.791261451814986,0.208738548185014
"8563",0.997259921903105,0.00274007809689464
"8564",0.997875758818587,0.00212424118141328
"8565",0.98007894397069,0.0199210560293101
"8566",0.997416962920787,0.002583037079213
"8567",0.99597436195268,0.0040256380473203
"8568",0.957640911834352,0.0423590881656481
"8569",0.991254247407867,0.0087457525921331
"8570",0.99799203128156,0.00200796871843972
"8571",0.996482056475647,0.00351794352435267
"8572",0.98390409114955,0.0160959088504501
"8573",0.998285403262386,0.00171459673761375
"8574",0.994463566099295,0.00553643390070541
"8575",0.980842827484122,0.0191571725158775
"8576",0.995467732321226,0.00453226767877374
"8577",0.997247719161234,0.00275228083876621
"8578",0.989809728984336,0.010190271015664
"8579",0.987700282302766,0.0122997176972343
"8580",0.998402001649032,0.00159799835096831
"8581",0.993895875390124,0.00610412460987593
"8582",0.997338411711218,0.00266158828878198
"8583",0.995888914675731,0.00411108532426892
"8584",0.996340393815234,0.00365960618476626
"8585",0.957332649514457,0.0426673504855426
"8586",0.97303845065117,0.0269615493488304
"8587",0.99831637456481,0.00168362543519041
"8588",0.9958155773421,0.00418442265789985
"8589",0.997139866242412,0.00286013375758813
"8590",0.997687680194175,0.0023123198058247
"8591",0.996543972962013,0.0034560270379869
"8592",0.994625727127651,0.00537427287234872
"8593",0.995390267446359,0.00460973255364071
"8594",0.996372344079504,0.00362765592049629
"8595",0.994843663940983,0.00515633605901714
"8596",0.995308192207744,0.00469180779225602
"8597",0.993110188641571,0.00688981135842893
"8598",0.994358265783991,0.00564173421600919
"8599",0.966240040959456,0.033759959040544
"8600",0.992053088341531,0.00794691165846925
"8601",0.996892082019105,0.00310791798089497
"8602",0.015179653358772,0.984820346641228
"8603",0.994496162692502,0.00550383730749804
"8604",0.99428564917217,0.00571435082783008
"8605",0.996511895062386,0.00348810493761419
"8606",0.486217351902187,0.513782648097813
"8607",0.991992215794441,0.00800778420555894
"8608",0.975454323639279,0.0245456763607206
"8609",0.993906358623563,0.00609364137643701
"8610",0.994322206921938,0.00567779307806227
"8611",0.993581371203462,0.00641862879653822
"8612",0.998076818741528,0.00192318125847211
"8613",0.994825012745536,0.00517498725446367
"8614",0.997036341835772,0.00296365816422828
"8615",0.99692389312883,0.00307610687116994
"8616",0.997861220443809,0.00213877955619076
"8617",0.996865031816856,0.0031349681831438
"8618",0.995592704657362,0.00440729534263765
"8619",0.995418963452537,0.00458103654746344
"8620",0.990094356264669,0.00990564373533079
"8621",0.99515391750105,0.0048460824989505
"8622",0.000455155221640736,0.999544844778359
"8623",0.994566072666943,0.00543392733305658
"8624",0.929384349323742,0.0706156506762582
"8625",0.998002371658641,0.00199762834135846
"8626",0.998419824171193,0.00158017582880711
"8627",0.997900256523245,0.00209974347675509
"8628",0.997026113810903,0.00297388618909683
"8629",0.988919550426122,0.0110804495738785
"8630",0.995647153389083,0.00435284661091677
"8631",0.995228678877819,0.00477132112218074
"8632",0.975935738558636,0.0240642614413636
"8633",0.000395959377045512,0.999604040622954
"8634",0.99730395321629,0.00269604678370998
"8635",0.996923000972384,0.00307699902761637
"8636",0.991073188627794,0.00892681137220593
"8637",0.989492474344385,0.0105075256556153
"8638",0.997619109410066,0.00238089058993388
"8639",0.993884923694054,0.00611507630594586
"8640",0.99253846140965,0.00746153859034975
"8641",0.997893119214511,0.00210688078548939
"8642",0.996395995271627,0.00360400472837336
"8643",0.997174882286828,0.00282511771317202
"8644",0.997499115218199,0.00250088478180101
"8645",0.996002967924907,0.00399703207509349
"8646",0.997161064998675,0.00283893500132541
"8647",0.992367980655424,0.00763201934457582
"8648",0.997853144161102,0.00214685583889795
"8649",0.991981946406453,0.00801805359354727
"8650",0.998033551320979,0.00196644867902083
"8651",0.962696452916966,0.0373035470830339
"8652",0.995516160171943,0.00448383982805737
"8653",0.00489847553702686,0.995101524462973
"8654",0.99278315014172,0.00721684985827969
"8655",0.996797392456821,0.00320260754317923
"8656",0.993998357080602,0.00600164291939794
"8657",0.996716797892096,0.00328320210790365
"8658",0.995389993919191,0.00461000608080926
"8659",0.99757834300591,0.0024216569940898
"8660",0.974261600061352,0.0257383999386475
"8661",0.994885485090553,0.00511451490944697
"8662",0.997023100075208,0.00297689992479198
"8663",0.996384223545405,0.00361577645459445
"8664",0.994753846601719,0.00524615339828132
"8665",0.995415643895724,0.00458435610427561
"8666",0.998168938844501,0.00183106115549898
"8667",0.997222586505242,0.00277741349475821
"8668",0.997877824003145,0.00212217599685526
"8669",0.997454908914106,0.00254509108589369
"8670",0.995368021140502,0.004631978859498
"8671",0.997723421823247,0.00227657817675325
"8672",0.988996749159085,0.0110032508409146
"8673",0.0221124842135333,0.977887515786467
"8674",0.962563567865841,0.0374364321341589
"8675",0.994775059129715,0.00522494087028507
"8676",0.993589351496293,0.00641064850370672
"8677",0.998057625780104,0.00194237421989606
"8678",0.996095753552944,0.00390424644705573
"8679",0.991639983424694,0.00836001657530618
"8680",0.997442599738977,0.00255740026102358
"8681",0.993999098143682,0.00600090185631799
"8682",0.997225787345132,0.00277421265486765
"8683",0.951352339934981,0.0486476600650189
"8684",0.99838150878068,0.00161849121932004
"8685",0.997294787218801,0.00270521278119941
"8686",0.995902703164227,0.00409729683577271
"8687",0.997208304543442,0.002791695456558
"8688",0.994749959031459,0.00525004096854063
"8689",0.996552380423434,0.00344761957656628
"8690",0.997776703582572,0.00222329641742847
"8691",0.990272324414391,0.00972767558560944
"8692",0.998010162873552,0.00198983712644811
"8693",0.997183325638317,0.0028166743616829
"8694",0.994042842840721,0.00595715715927942
"8695",0.997666171083591,0.0023338289164092
"8696",0.998383067432476,0.00161693256752375
"8697",0.994778272866048,0.0052217271339523
"8698",0.998166547007916,0.00183345299208363
"8699",0.99688705625311,0.00311294374689021
"8700",0.998051839579552,0.00194816042044817
"8701",0.990002609782212,0.00999739021778797
"8702",0.995032349825747,0.00496765017425349
"8703",0.978605283606213,0.0213947163937872
"8704",0.998286132506916,0.00171386749308377
"8705",0.99524997254804,0.00475002745195998
"8706",0.990525637532478,0.00947436246752156
"8707",0.995510232647113,0.00448976735288696
"8708",0.000963345561277743,0.999036654438722
"8709",0.997707703663204,0.00229229633679637
"8710",0.996066796126583,0.00393320387341744
"8711",0.994077789354633,0.00592221064536663
"8712",0.998392260486496,0.00160773951350409
"8713",0.997463012536024,0.00253698746397633
"8714",0.997929578014772,0.00207042198522846
"8715",0.986289624442634,0.0137103755573663
"8716",0.998244144379255,0.0017558556207453
"8717",0.994553196756491,0.00544680324350926
"8718",0.985732071995324,0.0142679280046759
"8719",0.996978176005869,0.00302182399413075
"8720",0.990449831805659,0.00955016819434131
"8721",0.996241624534782,0.00375837546521836
"8722",0.994134375030942,0.00586562496905758
"8723",0.996108536739916,0.0038914632600842
"8724",0.992284791807416,0.00771520819258352
"8725",0.998141714783436,0.00185828521656376
"8726",0.993986150082904,0.00601384991709641
"8727",0.995085498842146,0.0049145011578541
"8728",0.996381775584511,0.00361822441548885
"8729",0.985515743017625,0.0144842569823755
"8730",0.996404799945239,0.0035952000547607
"8731",0.998189071484811,0.00181092851518848
"8732",0.99571917379873,0.00428082620126966
"8733",0.998365460502095,0.00163453949790551
"8734",0.994847516162109,0.00515248383789059
"8735",0.998268276561893,0.00173172343810663
"8736",0.998239727431707,0.00176027256829283
"8737",0.987812786644484,0.0121872133555156
"8738",0.990845207497562,0.00915479250243768
"8739",0.994174184024536,0.00582581597546384
"8740",0.823570666221855,0.176429333778145
"8741",0.990954800182993,0.00904519981700688
"8742",0.99687371162865,0.00312628837134973
"8743",0.995169733835929,0.00483026616407061
"8744",0.993645217306409,0.00635478269359094
"8745",0.973813813616367,0.0261861863836334
"8746",0.997890884599148,0.0021091154008518
"8747",0.997893307224302,0.00210669277569807
"8748",0.998032154766154,0.00196784523384563
"8749",0.997957203180662,0.00204279681933742
"8750",0.995921572146169,0.00407842785383061
"8751",0.994700747327795,0.00529925267220515
"8752",0.99591408414788,0.00408591585212006
"8753",0.997201824467165,0.00279817553283472
"8754",0.994037032679382,0.00596296732061786
"8755",0.997637535511323,0.00236246448867694
"8756",0.997714919486764,0.00228508051323568
"8757",0.996718567005248,0.00328143299475264
"8758",0.997560449730473,0.00243955026952717
"8759",0.985653901229174,0.0143460987708259
"8760",0.993744498146025,0.00625550185397481
"8761",0.995482519549498,0.00451748045050234
"8762",0.99679083455777,0.00320916544222986
"8763",0.995824483397361,0.00417551660263873
"8764",0.997539127522823,0.00246087247717648
"8765",0.984928026490169,0.0150719735098315
"8766",0.988710039237608,0.011289960762392
"8767",0.995271648334061,0.0047283516659386
"8768",0.99792597012175,0.00207402987825
"8769",0.996977934936907,0.0030220650630925
"8770",0.998000092779555,0.00199990722044498
"8771",0.98211635567789,0.0178836443221102
"8772",0.997981126488708,0.00201887351129242
"8773",0.996934677955367,0.00306532204463319
"8774",0.990354671204115,0.0096453287958849
"8775",0.995015681878532,0.00498431812146817
"8776",0.9939175171745,0.00608248282550055
"8777",0.997767583799646,0.00223241620035369
"8778",0.991649065047018,0.0083509349529818
"8779",0.997784880205894,0.00221511979410576
"8780",0.99228643194705,0.00771356805295034
"8781",0.991285033411596,0.00871496658840413
"8782",0.993673958233015,0.00632604176698524
"8783",0.995493076767722,0.00450692323227791
"8784",0.99505700202684,0.00494299797315987
"8785",0.988324535479743,0.0116754645202565
"8786",0.996907306747811,0.00309269325218912
"8787",0.995616722540738,0.00438327745926193
"8788",0.985876029105906,0.0141239708940942
"8789",0.996893452670604,0.00310654732939579
"8790",0.998295726585973,0.0017042734140266
"8791",0.996408787172934,0.00359121282706589
"8792",0.989019000575106,0.010980999424894
"8793",0.996719578102609,0.00328042189739091
"8794",0.99788427835653,0.00211572164347002
"8795",0.990338705089085,0.00966129491091501
"8796",0.92258716506653,0.0774128349334698
"8797",0.996896635577048,0.00310336442295228
"8798",0.993225985070153,0.00677401492984641
"8799",0.988933114772412,0.0110668852275881
"8800",0.997736256841951,0.00226374315804923
"8801",0.997933155279699,0.0020668447203014
"8802",0.997585618940378,0.00241438105962188
"8803",0.784872219175101,0.215127780824899
"8804",0.997858801897784,0.00214119810221583
"8805",0.899433490911795,0.100566509088205
"8806",0.995050508347883,0.00494949165211723
"8807",0.996380400895585,0.00361959910441488
"8808",0.997551369643146,0.00244863035685404
"8809",0.995251710219266,0.00474828978073396
"8810",0.998176426093691,0.00182357390630907
"8811",0.987121796783061,0.0128782032169391
"8812",0.997319265843801,0.00268073415619883
"8813",0.995607362464565,0.00439263753543545
"8814",0.766914913133553,0.233085086866447
"8815",0.996474420531894,0.00352557946810607
"8816",0.998285901545525,0.00171409845447467
"8817",0.0599427328865131,0.940057267113487
"8818",0.325983089437147,0.674016910562853
"8819",0.998398913650792,0.00160108634920801
"8820",0.996955022597775,0.00304497740222505
"8821",0.994008474735077,0.00599152526492296
"8822",0.99646978803046,0.00353021196954025
"8823",0.981352973812444,0.0186470261875558
"8824",0.995007301208595,0.00499269879140535
"8825",0.998378021733819,0.00162197826618126
"8826",0.998013319766744,0.00198668023325582
"8827",0.995496810488878,0.00450318951112163
"8828",0.99747332409826,0.00252667590174011
"8829",0.996096916790784,0.00390308320921586
"8830",0.998454996779806,0.00154500322019384
"8831",0.997551471615093,0.0024485283849071
"8832",0.997580340651647,0.0024196593483528
"8833",0.989437023800857,0.0105629761991434
"8834",0.99719160912939,0.00280839087060953
"8835",0.988973364844109,0.0110266351558913
"8836",0.99766936834784,0.00233063165216003
"8837",0.995574485431753,0.00442551456824697
"8838",0.994219675636946,0.00578032436305375
"8839",0.994723963976709,0.00527603602329075
"8840",0.995607919218308,0.00439208078169205
"8841",0.994342829207158,0.00565717079284228
"8842",0.99644981342338,0.00355018657662021
"8843",0.996629085421938,0.0033709145780622
"8844",0.993704500425647,0.00629549957435283
"8845",0.998239999586053,0.00176000041394676
"8846",0.997552730071461,0.00244726992853949
"8847",0.997867258054287,0.00213274194571272
"8848",0.00343331417353297,0.996566685826467
"8849",0.989325586695502,0.0106744133044978
"8850",0.997534374469106,0.00246562553089379
"8851",0.998286933047492,0.0017130669525076
"8852",0.998381743309171,0.0016182566908293
"8853",0.998382513944709,0.00161748605529141
"8854",0.996572275757488,0.00342772424251219
"8855",0.992625719871512,0.00737428012848838
"8856",0.987191149940691,0.0128088500593091
"8857",0.994072419003208,0.00592758099679156
"8858",0.995063514157373,0.00493648584262649
"8859",0.995290157809663,0.00470984219033704
"8860",0.996299286704505,0.00370071329549519
"8861",0.992914757332412,0.00708524266758814
"8862",0.994059155214756,0.00594084478524437
"8863",0.99750208196504,0.00249791803495996
"8864",0.988736146312043,0.0112638536879568
"8865",0.997172620316365,0.00282737968363488
"8866",0.995257451763601,0.00474254823639931
"8867",0.995102185119565,0.00489781488043453
"8868",0.990666125424591,0.00933387457540944
"8869",0.987636125338713,0.0123638746612868
"8870",0.996819768636987,0.00318023136301341
"8871",0.994456647817495,0.00554335218250523
"8872",0.996148647805721,0.00385135219427929
"8873",0.998304146948877,0.00169585305112274
"8874",0.994004968832643,0.00599503116735652
"8875",0.993989407588742,0.006010592411258
"8876",0.993815954848134,0.00618404515186591
"8877",0.990276717597451,0.00972328240254851
"8878",0.997420665291751,0.00257933470824924
"8879",0.997193344192649,0.0028066558073506
"8880",0.995346642194256,0.00465335780574388
"8881",0.998317503489644,0.00168249651035615
"8882",0.998236763193168,0.00176323680683228
"8883",0.994786509186045,0.00521349081395534
"8884",0.996620831669159,0.00337916833084105
"8885",0.925808852424531,0.074191147575469
"8886",0.994783469088439,0.00521653091156058
"8887",0.993310032995708,0.00668996700429214
"8888",0.994476059464451,0.00552394053554946
"8889",0.998154966453614,0.00184503354638641
"8890",0.98679924760796,0.0132007523920402
"8891",0.997661275384538,0.00233872461546243
"8892",0.997070793017163,0.00292920698283722
"8893",0.991653989996615,0.00834601000338459
"8894",0.99801806887101,0.00198193112899005
"8895",0.998433236930891,0.00156676306910928
"8896",0.996389879805483,0.00361012019451701
"8897",0.996469648929147,0.0035303510708532
"8898",0.9939161029005,0.00608389709949997
"8899",0.995224935691423,0.00477506430857683
"8900",0.99108336625404,0.00891663374595981
"8901",0.995674045213349,0.00432595478665104
"8902",0.531452959361142,0.468547040638858
"8903",0.998120905127782,0.00187909487221798
"8904",0.991887107776191,0.00811289222380931
"8905",0.996511807955979,0.00348819204402101
"8906",0.994876357111637,0.00512364288836311
"8907",0.997654360380397,0.00234563961960263
"8908",0.995949110357728,0.00405088964227188
"8909",0.00886594697775367,0.991134053022246
"8910",0.996539903016696,0.00346009698330434
"8911",0.997772752741311,0.00222724725868862
"8912",0.995941332780854,0.00405866721914632
"8913",0.994069199111766,0.00593080088823375
"8914",0.835737760372932,0.164262239627068
"8915",0.986519014053513,0.0134809859464867
"8916",0.997670448465039,0.00232955153496043
"8917",0.988111603178777,0.0118883968212228
"8918",0.977210118866691,0.0227898811333094
"8919",0.99821116143325,0.00178883856674976
"8920",0.99600968419906,0.00399031580094043
"8921",0.982948640765258,0.0170513592347418
"8922",0.992800770915943,0.00719922908405714
"8923",0.991578932871435,0.00842106712856508
"8924",0.997386361858207,0.00261363814179251
"8925",0.974503358270523,0.0254966417294772
"8926",0.996579425914757,0.00342057408524247
"8927",0.995336620584105,0.00466337941589497
"8928",0.986113838708908,0.0138861612910923
"8929",0.992783623655345,0.00721637634465468
"8930",0.995109587638368,0.00489041236163173
"8931",0.996652244094112,0.00334775590588825
"8932",0.998345167044192,0.00165483295580796
"8933",0.99538579870787,0.00461420129212988
"8934",0.996927483212555,0.00307251678744527
"8935",0.938484054029184,0.0615159459708164
"8936",0.998322678465401,0.00167732153459909
"8937",0.995706829050322,0.00429317094967822
"8938",0.994891043855438,0.00510895614456195
"8939",0.990867618450988,0.0091323815490118
"8940",0.997749638373239,0.00225036162676103
"8941",0.00303769017431213,0.996962309825688
"8942",0.997045230182538,0.00295476981746231
"8943",0.995073429363766,0.00492657063623374
"8944",0.989496945490133,0.0105030545098668
"8945",0.997410444203039,0.00258955579696066
"8946",0.998301825141217,0.00169817485878352
"8947",0.992658599633789,0.00734140036621139
"8948",0.995536560746024,0.00446343925397605
"8949",0.997486976173454,0.00251302382654615
"8950",0.996087864011699,0.00391213598830068
"8951",0.995715162157943,0.00428483784205666
"8952",0.975294801726137,0.0247051982738629
"8953",0.998072754994447,0.00192724500555319
"8954",0.992851882133377,0.00714811786662264
"8955",0.996665900638634,0.00333409936136556
"8956",0.994428641422423,0.00557135857757731
"8957",0.950675635136363,0.0493243648636372
"8958",0.998088044672525,0.00191195532747488
"8959",0.997618280753946,0.00238171924605351
"8960",0.99574589917917,0.00425410082082979
"8961",0.998463328924725,0.00153667107527486
"8962",0.951912861851512,0.048087138148488
"8963",0.993242731580065,0.00675726841993488
"8964",0.997828681503104,0.00217131849689562
"8965",0.992643388084747,0.00735661191525334
"8966",0.995744718875409,0.00425528112459082
"8967",0.994412958589539,0.00558704141046145
"8968",0.987828559197348,0.0121714408026523
"8969",0.990231643529156,0.00976835647084341
"8970",0.984697410275381,0.0153025897246185
"8971",0.988935480125155,0.0110645198748447
"8972",0.997187369718997,0.00281263028100283
"8973",0.994871409723801,0.00512859027619896
"8974",0.996348265146213,0.00365173485378704
"8975",0.992110838146314,0.00788916185368641
"8976",0.995572174776317,0.00442782522368334
"8977",0.994731445339913,0.00526855466008683
"8978",0.992096732802815,0.007903267197185
"8979",0.997466468120209,0.00253353187979071
"8980",0.995939278842421,0.00406072115757878
"8981",0.984408757214322,0.015591242785678
"8982",0.998203016215812,0.00179698378418803
"8983",0.97221114013876,0.02778885986124
"8984",0.788547613725201,0.211452386274799
"8985",0.951416034956174,0.0485839650438258
"8986",0.994131911812339,0.00586808818766153
"8987",0.995200433570506,0.00479956642949345
"8988",0.959843109791777,0.0401568902082233
"8989",0.988346724103039,0.0116532758969609
"8990",0.989686072890136,0.0103139271098637
"8991",0.997979298776952,0.00202070122304813
"8992",0.998232878095119,0.00176712190488072
"8993",0.994143213780531,0.00585678621946882
"8994",0.833091694337879,0.166908305662121
"8995",0.994829243228556,0.00517075677144371
"8996",0.995857109624699,0.00414289037530109
"8997",0.993986246995775,0.00601375300422552
"8998",0.998333464742237,0.00166653525776265
"8999",0.998300719942953,0.00169928005704712
"9000",0.990789190412024,0.0092108095879763
"9001",0.996682837686366,0.00331716231363411
"9002",0.667560955504295,0.332439044495705
"9003",0.997390000589476,0.00260999941052348
"9004",0.988477096368185,0.0115229036318154
"9005",0.995855709299049,0.0041442907009508
"9006",0.987992821405838,0.012007178594162
"9007",0.997359996082943,0.00264000391705693
"9008",0.997436931763973,0.00256306823602736
"9009",0.975635576398824,0.0243644236011759
"9010",0.992611678089953,0.00738832191004709
"9011",0.993584978421168,0.00641502157883206
"9012",0.99550481842464,0.00449518157535958
"9013",0.992502890916031,0.00749710908396948
"9014",0.98910872423501,0.0108912757649904
"9015",0.990056010905623,0.00994398909437666
"9016",0.998377814840302,0.00162218515969836
"9017",0.996913078138596,0.00308692186140449
"9018",0.914136950371574,0.0858630496284263
"9019",0.995047872711694,0.00495212728830558
"9020",0.99147486711601,0.00852513288398974
"9021",0.997658466976059,0.00234153302394087
"9022",0.995879716874739,0.00412028312526137
"9023",0.00487180281222091,0.995128197187779
"9024",0.996488126485264,0.00351187351473551
"9025",0.99711880138457,0.00288119861542967
"9026",0.998052593927287,0.00194740607271315
"9027",0.997375743892253,0.00262425610774704
"9028",0.995173317654416,0.00482668234558387
"9029",0.0268487314324034,0.973151268567597
"9030",0.981349058093899,0.0186509419061005
"9031",0.996994205798695,0.00300579420130491
"9032",0.995474944896577,0.00452505510342349
"9033",0.992120134163749,0.0078798658362507
"9034",0.998199598336802,0.00180040166319825
"9035",0.995625287291709,0.00437471270829074
"9036",0.997691912111613,0.00230808788838697
"9037",0.958706015940273,0.0412939840597273
"9038",0.997791473055187,0.00220852694481318
"9039",0.998303196283672,0.00169680371632812
"9040",0.998119977152954,0.00188002284704651
"9041",0.993434253041052,0.00656574695894812
"9042",0.992212503470477,0.00778749652952299
"9043",0.481422851136678,0.518577148863322
"9044",0.996975908972039,0.00302409102796121
"9045",0.996958376710798,0.00304162328920212
"9046",0.995910725630469,0.00408927436953129
"9047",0.998303475966903,0.00169652403309697
"9048",0.992465926606452,0.00753407339354761
"9049",0.994792961298294,0.00520703870170618
"9050",0.997144931206979,0.00285506879302079
"9051",0.963657432619555,0.0363425673804451
"9052",0.993589406256516,0.00641059374348388
"9053",0.996010309760157,0.0039896902398426
"9054",0.997807047665963,0.00219295233403702
"9055",0.991634934509649,0.00836506549035074
"9056",0.996714430809262,0.00328556919073782
"9057",0.998387143348773,0.0016128566512267
"9058",0.998150300069784,0.00184969993021626
"9059",0.995708855254974,0.00429114474502595
"9060",0.997898929290681,0.00210107070931871
"9061",0.992715312899608,0.00728468710039197
"9062",0.997414754256511,0.00258524574348864
"9063",0.983726104925979,0.0162738950740208
"9064",0.99414291908715,0.00585708091285014
"9065",0.99833623522983,0.00166376477016984
"9066",0.996884755523399,0.00311524447660124
"9067",0.994333498603352,0.00566650139664816
"9068",0.998399082609372,0.00160091739062793
"9069",0.99720164681305,0.00279835318694992
"9070",0.987389050851907,0.0126109491480926
"9071",0.997715789011292,0.00228421098870807
"9072",0.995237541689394,0.00476245831060601
"9073",0.913895331208597,0.0861046687914029
"9074",0.996363391637474,0.00363660836252576
"9075",0.99590939041367,0.00409060958633037
"9076",0.997357015302037,0.00264298469796297
"9077",0.997831255530724,0.00216874446927554
"9078",0.995546031391554,0.00445396860844624
"9079",0.991694965031223,0.00830503496877722
"9080",0.994444438454609,0.00555556154539137
"9081",0.994084684631195,0.00591531536880473
"9082",0.00653603226514695,0.993463967734853
"9083",0.83148486085066,0.16851513914934
"9084",0.96998904543148,0.0300109545685196
"9085",0.99776208751208,0.0022379124879204
"9086",0.997607210596553,0.00239278940344688
"9087",0.995104073300294,0.00489592669970593
"9088",0.998093632200368,0.00190636779963239
"9089",0.967471940463771,0.0325280595362285
"9090",0.997207364959243,0.00279263504075663
"9091",0.99407297354235,0.00592702645764971
"9092",0.986014199297855,0.0139858007021449
"9093",0.981582536467185,0.0184174635328149
"9094",0.996377745871481,0.00362225412851919
"9095",0.721100554716584,0.278899445283416
"9096",0.980912034949388,0.0190879650506124
"9097",0.995811951302931,0.00418804869706896
"9098",0.996880091506164,0.00311990849383556
"9099",0.9971333656265,0.00286663437350017
"9100",0.995110804010765,0.00488919598923458
"9101",0.939370205836511,0.0606297941634892
"9102",0.992327104817254,0.00767289518274586
"9103",0.992865522194981,0.0071344778050193
"9104",0.995344612919617,0.00465538708038324
"9105",0.995528362439963,0.00447163756003719
"9106",0.994209796309186,0.00579020369081393
"9107",0.98642886183503,0.0135711381649697
"9108",0.99669924701661,0.0033007529833903
"9109",0.998117687354971,0.00188231264502867
"9110",0.995261801658516,0.00473819834148444
"9111",0.995518647293493,0.00448135270650721
"9112",0.996798636058759,0.00320136394124079
"9113",0.995246814977304,0.00475318502269561
"9114",0.998207168022928,0.00179283197707182
"9115",0.997484207213698,0.00251579278630165
"9116",0.979956490073865,0.0200435099261347
"9117",0.99829825708746,0.00170174291253968
"9118",0.99761185381854,0.00238814618145943
"9119",0.995517606718759,0.00448239328124154
"9120",0.494434625979728,0.505565374020272
"9121",0.874491204438477,0.125508795561523
"9122",0.988997839645469,0.0110021603545314
"9123",0.998362319306669,0.00163768069333115
"9124",0.994219809588763,0.00578019041123684
"9125",0.944826004843773,0.0551739951562271
"9126",0.997645192014958,0.00235480798504196
"9127",0.993124658113772,0.00687534188622811
"9128",0.996676813775511,0.00332318622448875
"9129",0.997970254173169,0.00202974582683094
"9130",0.99441623306548,0.00558376693452007
"9131",0.997885209050818,0.00211479094918239
"9132",0.9937332032818,0.00626679671820046
"9133",0.984326749784393,0.0156732502156065
"9134",0.996922692935538,0.0030773070644622
"9135",0.900339088222665,0.0996609117773346
"9136",0.996279288365502,0.00372071163449771
"9137",0.998128893856495,0.0018711061435047
"9138",0.994326199271906,0.00567380072809432
"9139",0.986031439414143,0.0139685605858567
"9140",0.992303099881855,0.00769690011814452
"9141",0.99784093701257,0.00215906298742997
"9142",0.994854637346379,0.00514536265362115
"9143",0.953012080069771,0.0469879199302295
"9144",0.995555442237735,0.00444455776226467
"9145",0.99799168347634,0.00200831652366034
"9146",0.990487544454444,0.0095124555455566
"9147",0.994660116173361,0.00533988382663859
"9148",0.99779062769063,0.00220937230937005
"9149",0.990056783349257,0.00994321665074329
"9150",0.998254418001244,0.00174558199875619
"9151",0.995042618030318,0.004957381969682
"9152",0.993284670337951,0.00671532966204925
"9153",0.99733196325181,0.00266803674819019
"9154",0.997057701567832,0.00294229843216838
"9155",0.995327201712215,0.00467279828778477
"9156",0.996880410526354,0.00311958947364616
"9157",0.995192405700862,0.00480759429913808
"9158",0.990206094603618,0.00979390539638202
"9159",0.998102589686191,0.00189741031380874
"9160",0.976157193823767,0.0238428061762329
"9161",0.995382694021302,0.00461730597869797
"9162",0.994863439940558,0.00513656005944225
"9163",0.996661801203125,0.00333819879687498
"9164",0.997275010060339,0.00272498993966143
"9165",0.936026233520144,0.0639737664798557
"9166",0.987784762180598,0.0122152378194022
"9167",0.997818254620144,0.00218174537985603
"9168",0.998064770684191,0.00193522931580959
"9169",0.991457372646779,0.00854262735322057
"9170",0.990831572321833,0.00916842767816711
"9171",0.997712286290538,0.00228771370946224
"9172",0.99750551257125,0.00249448742875025
"9173",0.00156302846731515,0.998436971532685
"9174",0.948429243967471,0.0515707560325292
"9175",0.989741316806286,0.0102586831937139
"9176",0.996593525521954,0.00340647447804619
"9177",0.998280032823329,0.00171996717667079
"9178",0.99631572035802,0.00368427964197943
"9179",0.998302708403484,0.00169729159651545
"9180",0.994823596751502,0.00517640324849769
"9181",0.996559716468628,0.00344028353137238
"9182",0.996240903669205,0.00375909633079514
"9183",0.996766673619834,0.00323332638016575
"9184",0.996377368980722,0.00362263101927774
"9185",0.996187862547519,0.00381213745248051
"9186",0.998369675283272,0.00163032471672832
"9187",0.99457295638189,0.00542704361811032
"9188",0.997844783871232,0.00215521612876754
"9189",0.998234365169319,0.0017656348306807
"9190",0.998273281073456,0.0017267189265435
"9191",0.988991125095088,0.0110088749049124
"9192",0.998268298445306,0.001731701554694
"9193",0.99400378854835,0.00599621145164949
"9194",0.985467422437038,0.0145325775629621
"9195",0.994660534975615,0.00533946502438516
"9196",0.996884998921629,0.00311500107837094
"9197",0.997782720301161,0.00221727969883895
"9198",0.984956523337665,0.0150434766623349
"9199",0.996381987118986,0.00361801288101439
"9200",0.975691932047853,0.0243080679521469
"9201",0.997400076381888,0.00259992361811207
"9202",0.991033948215976,0.00896605178402447
"9203",0.991779277079742,0.00822072292025775
"9204",0.992875574834439,0.00712442516556062
"9205",0.984145445235987,0.0158545547640131
"9206",0.997818465282175,0.00218153471782466
"9207",0.99718377174575,0.00281622825425043
"9208",0.996690616612883,0.00330938338711735
"9209",0.997469628120866,0.00253037187913441
"9210",0.000419069877210914,0.999580930122789
"9211",0.998252315828109,0.00174768417189068
"9212",0.992539141664247,0.00746085833575291
"9213",0.995024115419184,0.00497588458081624
"9214",0.997572182526992,0.00242781747300837
"9215",0.00100272290497765,0.998997277095022
"9216",0.995544801097613,0.00445519890238714
"9217",0.997142648215119,0.00285735178488102
"9218",0.996446714310834,0.00355328568916604
"9219",0.997439415079367,0.0025605849206336
"9220",0.991135422038381,0.00886457796161868
"9221",0.998133874182601,0.00186612581739859
"9222",0.997811617606286,0.00218838239371411
"9223",0.986518422996399,0.0134815770036014
"9224",0.998172724682787,0.00182727531721313
"9225",0.997632789324614,0.00236721067538565
"9226",0.991348108785751,0.0086518912142488
"9227",0.998222330470881,0.00177766952911908
"9228",0.991699384371381,0.00830061562861941
"9229",0.996114141213511,0.00388585878648946
"9230",0.996437964698356,0.00356203530164379
"9231",0.996786388983904,0.00321361101609643
"9232",0.997324003104166,0.00267599689583446
"9233",0.930783348349569,0.0692166516504314
"9234",0.997881883228685,0.00211811677131561
"9235",0.995706822019808,0.00429317798019227
"9236",0.998231073279428,0.00176892672057195
"9237",0.997051690529801,0.00294830947019942
"9238",0.993022296955594,0.00697770304440649
"9239",0.997693797344585,0.00230620265541472
"9240",0.993277631977916,0.00672236802208351
"9241",0.99580796960622,0.00419203039377983
"9242",0.979360077259816,0.0206399227401842
"9243",0.994979959423438,0.00502004057656235
"9244",0.993842439110677,0.00615756088932268
"9245",0.997991741550372,0.00200825844962746
"9246",0.997742707543228,0.00225729245677227
"9247",0.997320890688107,0.00267910931189307
"9248",0.994217996862863,0.00578200313713711
"9249",0.178084708197552,0.821915291802448
"9250",0.995094048341466,0.00490595165853427
"9251",0.998012535904222,0.00198746409577828
"9252",0.98815639228078,0.01184360771922
"9253",0.99551778157306,0.00448221842693969
"9254",0.969832336951008,0.0301676630489921
"9255",0.995194939165246,0.00480506083475425
"9256",0.996587876702816,0.00341212329718433
"9257",0.524897751281572,0.475102248718428
"9258",0.995867666982198,0.00413233301780233
"9259",0.938981586764449,0.0610184132355511
"9260",0.991276908754196,0.00872309124580374
"9261",0.994917420709842,0.00508257929015814
"9262",0.9870657410632,0.0129342589367997
"9263",0.998053614210289,0.00194638578971071
"9264",0.997332223574098,0.00266777642590193
"9265",0.998232461887815,0.00176753811218499
"9266",0.994476746708325,0.00552325329167535
"9267",0.992828201965045,0.00717179803495546
"9268",0.995518872021835,0.00448112797816469
"9269",0.993195672818728,0.00680432718127229
"9270",0.996270757720867,0.00372924227913312
"9271",0.994685291920095,0.00531470807990484
"9272",0.996451185468952,0.00354881453104784
"9273",0.977223645158687,0.0227763548413135
"9274",0.993448251743449,0.00655174825655153
"9275",0.995208925102887,0.00479107489711284
"9276",0.989462059381309,0.0105379406186909
"9277",0.993311773158385,0.00668822684161504
"9278",0.854038167431019,0.145961832568981
"9279",0.996555536566072,0.00344446343392838
"9280",0.997452940164539,0.0025470598354611
"9281",0.00195656604545797,0.998043433954542
"9282",0.997012789953175,0.00298721004682474
"9283",0.996635903000759,0.00336409699924087
"9284",0.997767962611728,0.00223203738827216
"9285",0.998033781412555,0.00196621858744493
"9286",0.993625398293663,0.00637460170633713
"9287",0.938251130073093,0.0617488699269073
"9288",0.997414007869203,0.00258599213079711
"9289",0.990793499367391,0.00920650063260891
"9290",0.993849270128196,0.00615072987180366
"9291",0.997913331951692,0.00208666804830844
"9292",0.994958511999554,0.00504148800044604
"9293",0.308937423874743,0.691062576125257
"9294",0.998081251100672,0.00191874889932763
"9295",0.993871208306873,0.00612879169312664
"9296",0.995473271262989,0.00452672873701091
"9297",0.998132640601773,0.00186735939822717
"9298",0.880193693030483,0.119806306969517
"9299",0.993651391281758,0.00634860871824219
"9300",0.992828087278445,0.00717191272155527
"9301",0.99775770648029,0.00224229351971005
"9302",0.984858456135418,0.0151415438645819
"9303",0.992564732618181,0.00743526738181897
"9304",0.994829918554735,0.00517008144526492
"9305",0.998415258314676,0.00158474168532364
"9306",0.993678794333746,0.00632120566625414
"9307",0.992615753570643,0.0073842464293566
"9308",0.668934006405004,0.331065993594996
"9309",0.993333397050275,0.00666660294972526
"9310",0.866738599782836,0.133261400217164
"9311",0.15203509999527,0.84796490000473
"9312",0.997789145601094,0.00221085439890554
"9313",0.997280243876372,0.00271975612362831
"9314",0.996331632409482,0.00366836759051761
"9315",0.997946971285056,0.00205302871494433
"9316",0.997738651371568,0.00226134862843212
"9317",0.994804571440732,0.00519542855926803
"9318",0.996911132341306,0.00308886765869425
"9319",0.984686842705909,0.0153131572940911
"9320",0.993428174906432,0.00657182509356754
"9321",0.996092530779023,0.00390746922097649
"9322",0.996085099191783,0.00391490080821698
"9323",0.964879520915198,0.0351204790848017
"9324",0.993840749643491,0.00615925035650862
"9325",0.990712558603473,0.00928744139652677
"9326",0.998106267887806,0.0018937321121944
"9327",0.992534289193208,0.00746571080679167
"9328",0.992334809012971,0.00766519098702887
"9329",0.993501639575007,0.00649836042499317
"9330",0.996094146016748,0.00390585398325237
"9331",0.993121646602903,0.00687835339709728
"9332",0.993050897089245,0.00694910291075541
"9333",0.998176862894882,0.00182313710511826
"9334",0.995398793702891,0.00460120629710918
"9335",0.00397347184514322,0.996026528154857
"9336",0.995493468761993,0.00450653123800673
"9337",0.991162854008543,0.0088371459914574
"9338",0.994091520791401,0.00590847920859889
"9339",0.998144164802346,0.00185583519765449
"9340",0.996498451994233,0.0035015480057668
"9341",0.99513172111419,0.00486827888581055
"9342",0.985132411729364,0.0148675882706355
"9343",0.973095442907972,0.0269045570920283
"9344",0.991759051574536,0.00824094842546415
"9345",0.995383937555005,0.00461606244499529
"9346",0.997961420495767,0.00203857950423289
"9347",0.984790032255765,0.0152099677442348
"9348",0.996147283070581,0.00385271692941935
"9349",0.994957959489035,0.00504204051096465
"9350",0.996155432156807,0.00384456784319306
"9351",0.995432947246459,0.00456705275354144
"9352",0.996989725029452,0.00301027497054765
"9353",0.985832963873383,0.0141670361266166
"9354",0.967007045413542,0.0329929545864578
"9355",0.99733516567374,0.0026648343262595
"9356",0.9901804273541,0.0098195726458998
"9357",0.995128620244874,0.00487137975512628
"9358",0.989224329968858,0.0107756700311414
"9359",0.864259631211566,0.135740368788434
"9360",0.998433813920164,0.00156618607983569
"9361",0.997282285145368,0.00271771485463188
"9362",0.992811004150533,0.00718899584946704
"9363",0.960707546170906,0.0392924538290935
"9364",0.913858297675857,0.0861417023241431
"9365",0.998024238137615,0.00197576186238454
"9366",0.993594921644834,0.00640507835516559
"9367",0.995093927524418,0.00490607247558188
"9368",0.995841875060824,0.00415812493917595
"9369",0.99580336299622,0.00419663700377979
"9370",0.997831698472686,0.00216830152731375
"9371",0.998249030479987,0.00175096952001314
"9372",0.997285689715665,0.00271431028433504
"9373",0.845495452421156,0.154504547578844
"9374",0.997262583352974,0.00273741664702563
"9375",0.995987793134977,0.00401220686502336
"9376",0.996749672654201,0.0032503273457994
"9377",0.993712385139252,0.00628761486074787
"9378",0.997798252720248,0.00220174727975208
"9379",0.987705538321959,0.0122944616780409
"9380",0.98463300154659,0.0153669984534102
"9381",0.977757827590291,0.0222421724097086
"9382",0.994439551367053,0.00556044863294679
"9383",0.99444054867159,0.00555945132840983
"9384",0.993462067052777,0.00653793294722357
"9385",0.998097882263423,0.00190211773657743
"9386",0.964206244260471,0.0357937557395288
"9387",0.99117171751099,0.0088282824890101
"9388",0.996619399899932,0.00338060010006818
"9389",0.996206438608451,0.00379356139154893
"9390",0.990329343196472,0.00967065680352801
"9391",0.99726460448458,0.00273539551541992
"9392",0.998332103154387,0.00166789684561246
"9393",0.99254593703523,0.00745406296476967
"9394",0.995228245062003,0.00477175493799648
"9395",0.997611528770763,0.0023884712292374
"9396",0.997901359949891,0.00209864005010857
"9397",0.993442858968332,0.00655714103166775
"9398",0.995024522050072,0.00497547794992821
"9399",0.993012276567861,0.0069877234321396
"9400",0.995223741765157,0.00477625823484239
"9401",0.998238269986958,0.00176173001304153
"9402",0.998388517414369,0.00161148258563143
"9403",0.997547026600777,0.0024529733992231
"9404",0.9937893120551,0.00621068794489991
"9405",0.998013188309429,0.00198681169057065
"9406",0.951115715779721,0.0488842842202791
"9407",0.995837541405715,0.0041624585942852
"9408",0.993335805984417,0.00666419401558292
"9409",0.993031490067557,0.00696850993244259
"9410",0.987481279206655,0.0125187207933445
"9411",0.902054836724,0.0979451632760002
"9412",0.993278900735248,0.00672109926475145
"9413",0.998078056484294,0.00192194351570598
"9414",0.990145680712915,0.00985431928708532
"9415",0.997678310863958,0.00232168913604158
"9416",0.994366015003409,0.00563398499659061
"9417",0.99597174494885,0.00402825505115042
"9418",0.996413965661711,0.00358603433828928
"9419",0.997693141746141,0.00230685825385879
"9420",0.996273758178104,0.00372624182189592
"9421",0.992700589893912,0.00729941010608833
"9422",0.994357672562777,0.00564232743722329
"9423",0.993586783521111,0.00641321647888896
"9424",0.99751252014204,0.00248747985795974
"9425",0.998070347412608,0.00192965258739202
"9426",0.981340097994036,0.0186599020059639
"9427",0.994248939246826,0.0057510607531744
"9428",0.992471990341541,0.00752800965845889
"9429",0.993501184449929,0.00649881555007051
"9430",0.00196194320080477,0.998038056799195
"9431",0.991343667986665,0.0086563320133353
"9432",0.996686095396299,0.00331390460370115
"9433",0.992434360728342,0.00756563927165762
"9434",0.968045416863725,0.0319545831362753
"9435",0.970495465687298,0.029504534312702
"9436",0.998254569450388,0.00174543054961227
"9437",0.997523456916323,0.00247654308367728
"9438",0.994077081175618,0.00592291882438249
"9439",0.981805751949848,0.018194248050152
"9440",0.986707808365734,0.0132921916342662
"9441",0.996929214063814,0.00307078593618603
"9442",0.995030619812833,0.00496938018716716
"9443",0.98228760554435,0.0177123944556504
"9444",0.0270305989035131,0.972969401096487
"9445",0.973914546837352,0.026085453162648
"9446",0.967979647568663,0.0320203524313374
"9447",0.989523430498043,0.0104765695019573
"9448",0.996091948350581,0.00390805164941846
"9449",0.99012137692773,0.00987862307227008
"9450",0.996090444038583,0.00390955596141691
"9451",0.990794202513432,0.00920579748656761
"9452",0.997212282663201,0.00278771733679852
"9453",0.996331247285098,0.00366875271490223
"9454",0.995844719100462,0.00415528089953808
"9455",0.994822976204366,0.00517702379563444
"9456",0.993897780901517,0.00610221909848262
"9457",0.980473226536271,0.019526773463729
"9458",0.99318433079864,0.00681566920135972
"9459",0.99494908688589,0.00505091311410993
"9460",0.998212297379996,0.00178770262000402
"9461",0.00136639095533084,0.998633609044669
"9462",0.995055770926648,0.00494422907335249
"9463",0.994717344275111,0.00528265572488856
"9464",0.977495620089057,0.0225043799109426
"9465",0.998291957469295,0.00170804253070474
"9466",0.997958560808685,0.00204143919131552
"9467",0.995106008068193,0.00489399193180685
"9468",0.981427897769786,0.0185721022302138
"9469",0.984945947350717,0.0150540526492834
"9470",0.987784650446543,0.0122153495534573
"9471",0.989891096984252,0.0101089030157481
"9472",0.998369201940295,0.0016307980597046
"9473",0.99570550778458,0.0042944922154199
"9474",0.996216998049109,0.00378300195089124
"9475",0.995282439362994,0.00471756063700621
"9476",0.995342992431435,0.00465700756856505
"9477",0.995612797432546,0.00438720256745414
"9478",0.997075712843414,0.00292428715658602
"9479",0.997997392503438,0.00200260749656169
"9480",0.949166988128785,0.0508330118712149
"9481",0.997512581483523,0.00248741851647659
"9482",0.960493485905155,0.0395065140948453
"9483",0.99637455010607,0.00362544989392951
"9484",0.996068993735323,0.00393100626467723
"9485",0.997710972991369,0.00228902700863053
"9486",0.995173595844502,0.00482640415549761
"9487",0.99827440091678,0.00172559908322036
"9488",0.998099075157112,0.00190092484288817
"9489",0.996709779244542,0.00329022075545781
"9490",0.994530763736355,0.00546923626364533
"9491",0.995379865723054,0.00462013427694645
"9492",0.995069466936613,0.00493053306338735
"9493",0.982973118215942,0.0170268817840584
"9494",0.988921672937853,0.011078327062147
"9495",0.989526075801027,0.0104739241989732
"9496",0.994874204840558,0.00512579515944234
"9497",0.997512404476012,0.00248759552398823
"9498",0.998317591526989,0.00168240847301126
"9499",0.994489904157126,0.00551009584287437
"9500",0.993323627962956,0.00667637203704346
"9501",0.992717784969303,0.00728221503069733
"9502",0.997491920458723,0.00250807954127693
"9503",0.997681846833429,0.00231815316657085
"9504",0.99782168761921,0.00217831238078962
"9505",0.993781727790104,0.00621827220989558
"9506",0.993295454643477,0.00670454535652266
"9507",0.996054428914437,0.00394557108556341
"9508",0.935903596734867,0.064096403265133
"9509",0.00849662778677964,0.99150337221322
"9510",0.996857641360701,0.0031423586392992
"9511",0.996607725551588,0.00339227444841189
"9512",0.992873383799663,0.00712661620033754
"9513",0.94738180099512,0.0526181990048798
"9514",0.99229579789202,0.00770420210798006
"9515",0.929971712311366,0.0700282876886338
"9516",0.995426373045743,0.00457362695425727
"9517",0.965326362530167,0.0346736374698331
"9518",0.994331817280986,0.00566818271901453
"9519",0.997287558196419,0.00271244180358067
"9520",0.994119947703492,0.00588005229650798
"9521",0.995157614659814,0.0048423853401857
"9522",0.996819442563459,0.00318055743654143
"9523",0.995808374948773,0.00419162505122701
"9524",0.994383866949368,0.00561613305063236
"9525",0.996845381704274,0.00315461829572649
"9526",0.994657357157587,0.00534264284241308
"9527",0.991426338273414,0.0085736617265856
"9528",0.991425410765121,0.00857458923487937
"9529",0.995287972717068,0.0047120272829316
"9530",0.995371436925381,0.004628563074619
"9531",0.997029962720008,0.00297003727999247
"9532",0.995100901122912,0.00489909887708852
"9533",0.825340920985403,0.174659079014597
"9534",0.985013612312851,0.0149863876871486
"9535",0.133587520023897,0.866412479976103
"9536",0.997430137610767,0.00256986238923296
"9537",0.99824547018017,0.00175452981983047
"9538",0.995328478780196,0.00467152121980404
"9539",0.997996829846035,0.00200317015396524
"9540",0.998378756534077,0.00162124346592334
"9541",0.99815911646512,0.00184088353487974
"9542",0.996292477379105,0.0037075226208946
"9543",0.997478194525238,0.00252180547476242
"9544",0.996635811717053,0.00336418828294749
"9545",0.99623060253568,0.00376939746432039
"9546",0.998260629002461,0.00173937099753885
"9547",0.994388316412519,0.00561168358748104
"9548",0.996719296522955,0.00328070347704513
"9549",0.00184217268172006,0.99815782731828
"9550",0.990216249068024,0.00978375093197597
"9551",0.990452210827213,0.00954778917278657
"9552",0.992752428488564,0.0072475715114364
"9553",0.997516594813787,0.00248340518621255
"9554",0.991535158026402,0.00846484197359767
"9555",0.931388058850925,0.0686119411490754
"9556",0.995159311909154,0.00484068809084626
"9557",0.996846896618062,0.00315310338193823
"9558",0.996767332266799,0.00323266773320122
"9559",0.994865856559328,0.00513414344067212
"9560",0.997959617230669,0.0020403827693305
"9561",0.919841618839832,0.0801583811601678
"9562",0.99685665403416,0.00314334596583949
"9563",0.995165599286746,0.00483440071325411
"9564",0.996794198243644,0.00320580175635563
"9565",0.995586657120527,0.00441334287947298
"9566",0.998436044220659,0.00156395577934077
"9567",0.997574914657656,0.00242508534234382
"9568",0.995299637876707,0.00470036212329265
"9569",0.994361316280263,0.00563868371973691
"9570",0.994332099955854,0.00566790004414571
"9571",0.994591478078058,0.00540852192194191
"9572",0.994406284088772,0.00559371591122814
"9573",0.965117306735682,0.0348826932643184
"9574",0.994577391334747,0.00542260866525276
"9575",0.994700042591693,0.00529995740830681
"9576",0.990026268849145,0.00997373115085522
"9577",0.994269563538916,0.00573043646108413
"9578",0.995398167936693,0.00460183206330725
"9579",0.997134186034205,0.00286581396579465
"9580",0.213845982902947,0.786154017097053
"9581",0.995934498502929,0.0040655014970714
"9582",0.997654881627683,0.00234511837231662
"9583",0.983755368909518,0.016244631090482
"9584",0.997978819916008,0.00202118008399174
"9585",0.99656127966134,0.00343872033865972
"9586",0.949361907875296,0.0506380921247041
"9587",0.932383301594419,0.0676166984055812
"9588",0.997166758152774,0.00283324184722575
"9589",0.995082307830326,0.00491769216967409
"9590",0.997028989093294,0.00297101090670599
"9591",0.997442907499112,0.00255709250088748
"9592",0.993055496427695,0.00694450357230446
"9593",0.997090843741035,0.00290915625896526
"9594",0.995475363583096,0.0045246364169043
"9595",0.997483515322647,0.00251648467735304
"9596",0.994951493644612,0.00504850635538772
"9597",0.99627703605319,0.00372296394680993
"9598",0.998054949186795,0.00194505081320534
"9599",0.995697711482226,0.00430228851777406
"9600",0.988773497833572,0.0112265021664282
"9601",0.983823648322699,0.0161763516773008
"9602",0.994375220034863,0.00562477996513685
"9603",0.925440280798891,0.0745597192011089
"9604",0.996727389552754,0.00327261044724613
"9605",0.997046794933142,0.00295320506685762
"9606",0.995510039711609,0.00448996028839138
"9607",0.985805978274946,0.0141940217250535
"9608",0.994526823233374,0.00547317676662595
"9609",0.997815477478741,0.00218452252125892
"9610",0.989191143637344,0.0108088563626559
"9611",0.996064732527844,0.00393526747215597
"9612",0.997790389741363,0.00220961025863719
"9613",0.993529314355639,0.00647068564436136
"9614",0.99566792730991,0.00433207269008972
"9615",0.998269903887018,0.00173009611298177
"9616",0.997816591484155,0.00218340851584502
"9617",0.995064186865986,0.00493581313401365
"9618",0.998362884799033,0.00163711520096653
"9619",0.997802638900492,0.00219736109950841
"9620",0.936866694935345,0.0631333050646554
"9621",0.98316774308943,0.0168322569105699
"9622",0.997637583017083,0.00236241698291669
"9623",0.993549195209046,0.00645080479095373
"9624",0.993383530583191,0.00661646941680862
"9625",0.993659718394393,0.00634028160560645
"9626",0.943532388062232,0.0564676119377678
"9627",0.997872093511243,0.00212790648875752
"9628",0.99736354977502,0.00263645022498059
"9629",0.977662827489382,0.0223371725106174
"9630",0.995099963182511,0.00490003681748936
"9631",0.969036275348804,0.0309637246511957
"9632",0.997185768730314,0.00281423126968601
"9633",0.997012589037766,0.00298741096223383
"9634",0.992080655476623,0.00791934452337661
"9635",0.997335129938467,0.00266487006153331
"9636",0.995502172781133,0.00449782721886674
"9637",0.996256062965509,0.00374393703449153
"9638",0.993671017223779,0.00632898277622056
"9639",0.997318190206036,0.00268180979396414
"9640",0.998392051438435,0.00160794856156511
"9641",0.998391069353309,0.00160893064669084
"9642",0.998374137116924,0.00162586288307577
"9643",0.993627281499194,0.00637271850080643
"9644",0.997198729136366,0.0028012708636343
"9645",0.996689910668608,0.00331008933139239
"9646",0.99724096349356,0.00275903650643964
"9647",0.991411157401613,0.00858884259838719
"9648",0.994504492065326,0.00549550793467356
"9649",0.998025600956912,0.00197439904308809
"9650",0.994341557488181,0.00565844251181926
"9651",0.998325139872407,0.00167486012759325
"9652",0.987568896733026,0.0124311032669742
"9653",0.992299884310344,0.00770011568965639
"9654",0.993896836545462,0.00610316345453791
"9655",0.998371577719721,0.00162842228027929
"9656",0.996446202755749,0.00355379724425146
"9657",0.990569436980109,0.00943056301989061
"9658",0.994103998796939,0.00589600120306109
"9659",0.997404917306756,0.00259508269324363
"9660",0.76040970661716,0.23959029338284
"9661",0.970972631724947,0.0290273682750527
"9662",0.993036184051134,0.00696381594886623
"9663",0.99424843759644,0.00575156240356029
"9664",0.998077911446786,0.00192208855321416
"9665",0.998363252348361,0.00163674765163929
"9666",0.987849461620572,0.0121505383794278
"9667",0.985467184391318,0.0145328156086819
"9668",0.997522299231197,0.00247770076880316
"9669",0.998381202070431,0.00161879792956932
"9670",0.996127471210363,0.0038725287896368
"9671",0.997942057357542,0.00205794264245758
"9672",0.995790886538268,0.00420911346173237
"9673",0.992807751535727,0.00719224846427294
"9674",0.995829868581703,0.00417013141829756
"9675",0.996341732345088,0.00365826765491151
"9676",0.993128297882648,0.00687170211735192
"9677",0.996479027110303,0.00352097288969683
"9678",0.998019229322805,0.00198077067719475
"9679",0.994086962749073,0.00591303725092676
"9680",0.993341671623275,0.0066583283767253
"9681",0.996135592116985,0.00386440788301543
"9682",0.997572823969074,0.00242717603092588
"9683",0.994082820624829,0.00591717937517091
"9684",0.99377966324632,0.00622033675368025
"9685",0.995458058959635,0.00454194104036485
"9686",0.99192923141427,0.00807076858573034
"9687",0.996501024976878,0.0034989750231223
"9688",0.00295048960975126,0.997049510390249
"9689",0.997938419002932,0.00206158099706824
"9690",0.998161889596154,0.00183811040384623
"9691",0.996408258991994,0.00359174100800547
"9692",0.995215055765682,0.00478494423431838
"9693",0.99787164311617,0.00212835688383015
"9694",0.971520442581341,0.028479557418659
"9695",0.997547184205878,0.00245281579412245
"9696",0.994834113565675,0.0051658864343255
"9697",0.994992520190834,0.00500747980916555
"9698",0.940685673902316,0.059314326097684
"9699",0.863050923340826,0.136949076659175
"9700",0.995470267841572,0.0045297321584285
"9701",0.995289944523661,0.00471005547633931
"9702",0.992797923610819,0.00720207638918102
"9703",0.997311789911207,0.00268821008879338
"9704",0.994916017022716,0.00508398297728365
"9705",0.99558987996337,0.00441012003662976
"9706",0.996779181426704,0.00322081857329576
"9707",0.998007999652805,0.00199200034719476
"9708",0.997498956476473,0.0025010435235273
"9709",0.996179219705413,0.00382078029458746
"9710",0.992660765149205,0.00733923485079502
"9711",0.993872529647589,0.00612747035241071
"9712",0.944987762308561,0.0550122376914387
"9713",0.920993659983488,0.0790063400165119
"9714",0.818568020081872,0.181431979918128
"9715",0.997241756951102,0.00275824304889827
"9716",0.308327396813735,0.691672603186265
"9717",0.996470887697816,0.00352911230218423
"9718",0.996797065884566,0.00320293411543416
"9719",0.961165807706735,0.0388341922932648
"9720",0.996226544022851,0.00377345597714866
"9721",0.99658404344536,0.00341595655464035
"9722",0.996079167758996,0.00392083224100363
"9723",0.987996925394455,0.0120030746055445
"9724",0.994305701811365,0.00569429818863516
"9725",0.99778943001991,0.00221056998008964
"9726",0.995115133780647,0.00488486621935285
"9727",0.987501544971617,0.0124984550283835
"9728",0.994988560805549,0.00501143919445062
"9729",0.989197545594609,0.010802454405391
"9730",0.997244513243489,0.00275548675651083
"9731",0.00186608048872512,0.998133919511275
"9732",0.917946572413909,0.0820534275860915
"9733",0.996943495790511,0.00305650420948874
"9734",0.993863164222731,0.00613683577726855
"9735",0.993429637350941,0.00657036264905921
"9736",0.989639138419573,0.0103608615804266
"9737",0.994266978571877,0.00573302142812291
"9738",0.998306467417282,0.00169353258271831
"9739",0.994537603180493,0.00546239681950649
"9740",0.997358851146518,0.00264114885348188
"9741",0.996517198972056,0.0034828010279442
"9742",0.993804685820912,0.00619531417908822
"9743",0.997959363119282,0.00204063688071818
"9744",0.982429940993807,0.0175700590061929
"9745",0.973844078017696,0.0261559219823041
"9746",0.97490987817063,0.02509012182937
"9747",0.995017832617021,0.00498216738297864
"9748",0.995482553270159,0.00451744672984099
"9749",0.975771174467267,0.0242288255327326
"9750",0.995606591329721,0.00439340867027901
"9751",0.998280771574481,0.00171922842551911
"9752",0.995734519876399,0.00426548012360133
"9753",0.986675953321045,0.013324046678955
"9754",0.996568687364689,0.00343131263531126
"9755",0.99811510681765,0.00188489318234993
"9756",0.992678568918399,0.00732143108160054
"9757",0.997635868599049,0.00236413140095066
"9758",0.995548341252335,0.0044516587476647
"9759",0.997367550722847,0.00263244927715319
"9760",0.997899112708002,0.00210088729199753
"9761",0.996675602904947,0.00332439709505352
"9762",0.997935437439156,0.00206456256084441
"9763",0.993827175476505,0.00617282452349519
"9764",0.994669293435043,0.00533070656495663
"9765",0.998405764746654,0.00159423525334575
"9766",0.996965558047732,0.00303444195226806
"9767",0.994819546928887,0.00518045307111342
"9768",0.997383600643779,0.0026163993562205
"9769",0.989698699323215,0.0103013006767846
"9770",0.0169484257944289,0.983051574205571
"9771",0.993435973751189,0.00656402624881056
"9772",0.997701465539632,0.00229853446036831
"9773",0.993441914480281,0.00655808551971923
"9774",0.992157466498638,0.00784253350136171
"9775",0.984097609481253,0.015902390518747
"9776",0.99769206607641,0.00230793392358954
"9777",0.991939668813736,0.00806033118626425
"9778",0.996354998184271,0.00364500181572938
"9779",0.998082907309756,0.00191709269024345
"9780",0.997984023575304,0.00201597642469624
"9781",0.995140406757121,0.00485959324287949
"9782",0.992899927684848,0.00710007231515221
"9783",0.9967869252412,0.00321307475880005
"9784",0.991440655510852,0.00855934448914774
"9785",0.9957802048139,0.00421979518609984
"9786",0.99601868482221,0.00398131517778969
"9787",0.990559309609791,0.00944069039020915
"9788",0.949163549182946,0.0508364508170538
"9789",0.960979271388676,0.0390207286113242
"9790",0.995824743608024,0.0041752563919763
"9791",0.977112621763141,0.0228873782368591
"9792",0.985939859983801,0.0140601400161986
"9793",0.995502251412399,0.00449774858760135
"9794",0.871265496797426,0.128734503202574
"9795",0.000234968413920301,0.99976503158608
"9796",0.996899569663934,0.00310043033606593
"9797",0.996499531303301,0.00350046869669859
"9798",0.996531744202366,0.00346825579763412
"9799",0.99760033832134,0.00239966167866008
"9800",0.995555552811217,0.00444444718878286
"9801",0.996654205443123,0.00334579455687702
"9802",0.996574739947608,0.00342526005239167
"9803",0.996368575807449,0.00363142419255048
"9804",0.990000338225459,0.00999966177454062
"9805",0.997060703186643,0.00293929681335663
"9806",0.983712210909572,0.016287789090428
"9807",0.995987123516845,0.00401287648315533
"9808",0.997836286313257,0.00216371368674286
"9809",0.99825904011271,0.00174095988728956
"9810",0.998461276925489,0.00153872307451079
"9811",0.99730124848442,0.00269875151558013
"9812",0.924721505170354,0.075278494829646
"9813",0.997715689381643,0.00228431061835717
"9814",0.994721095478618,0.00527890452138186
"9815",0.998420777888565,0.00157922211143465
"9816",0.998021288495728,0.00197871150427192
"9817",0.991824327028646,0.00817567297135399
"9818",0.996912649468644,0.00308735053135616
"9819",0.997723357536187,0.0022766424638134
"9820",0.991107203380104,0.00889279661989621
"9821",0.996665351770337,0.00333464822966335
"9822",0.996604992978019,0.00339500702198123
"9823",0.996281651716171,0.00371834828382845
"9824",0.994604968629074,0.00539503137092556
"9825",0.995724669756579,0.00427533024342152
"9826",0.997689648069399,0.00231035193060098
"9827",0.998381116151606,0.00161888384839435
"9828",0.997249553876838,0.00275044612316222
"9829",0.996087779679233,0.00391222032076741
"9830",0.997363532317537,0.00263646768246329
"9831",0.693751231746202,0.306248768253798
"9832",0.994317532409946,0.00568246759005368
"9833",0.99448647859306,0.0055135214069403
"9834",0.996029760972231,0.00397023902776929
"9835",0.873748496428929,0.126251503571071
"9836",0.995767758035203,0.00423224196479708
"9837",0.998114778347372,0.00188522165262791
"9838",0.994574529170362,0.00542547082963758
"9839",0.980940429981684,0.0190595700183156
"9840",0.990561428165313,0.00943857183468717
"9841",0.989892886087417,0.0101071139125831
"9842",0.998210546395111,0.00178945360488912
"9843",0.290128791007536,0.709871208992464
"9844",0.85559333953792,0.14440666046208
"9845",0.993912555517373,0.00608744448262673
"9846",0.997280460775405,0.00271953922459544
"9847",0.988411347575548,0.0115886524244516
"9848",0.994980979311759,0.00501902068824116
"9849",0.994604508650758,0.00539549134924167
"9850",0.997416177465135,0.00258382253486497
"9851",0.996682033709054,0.00331796629094603
"9852",0.995583050270158,0.00441694972984208
"9853",0.998053308934137,0.00194669106586275
"9854",0.995938256321047,0.00406174367895342
"9855",0.996699386286291,0.00330061371370874
"9856",0.998179416012289,0.00182058398771067
"9857",0.998231623212776,0.00176837678722448
"9858",0.993987897779521,0.00601210222047935
"9859",0.997830992861091,0.0021690071389088
"9860",0.997060632218347,0.00293936778165332
"9861",0.996953199072514,0.00304680092748553
"9862",0.978564828501108,0.0214351714988919
"9863",0.847193305545457,0.152806694454543
"9864",0.994286532561054,0.00571346743894585
"9865",0.997737851285645,0.00226214871435555
"9866",0.997120254782935,0.00287974521706487
"9867",0.486210496104591,0.513789503895409
"9868",0.997733267333728,0.00226673266627185
"9869",0.994738805289974,0.00526119471002576
"9870",0.992697297392402,0.00730270260759771
"9871",0.99694224743934,0.00305775256066037
"9872",0.992080351905554,0.00791964809444558
"9873",0.99692221881537,0.00307778118463
"9874",0.99809528304312,0.00190471695688011
"9875",0.998234907589597,0.00176509241040336
"9876",0.998038018161565,0.00196198183843533
"9877",0.997757637091541,0.00224236290845845
"9878",0.997938031188904,0.00206196881109626
"9879",0.968963482822407,0.031036517177593
"9880",0.990836163274,0.00916383672599982
"9881",0.988538978338128,0.0114610216618724
"9882",0.937137685709963,0.0628623142900371
"9883",0.996945471808887,0.00305452819111264
"9884",0.987037652486418,0.0129623475135816
"9885",0.991465390707088,0.00853460929291223
"9886",0.965787937150008,0.034212062849992
"9887",0.981269319113734,0.018730680886266
"9888",0.996516384323001,0.00348361567699881
"9889",0.986372410261855,0.0136275897381451
"9890",0.99446072163507,0.00553927836493039
"9891",0.995166322433442,0.00483367756655772
"9892",0.993851675473561,0.0061483245264392
"9893",0.967602617277968,0.0323973827220325
"9894",0.997962197168339,0.00203780283166118
"9895",0.995651803710254,0.00434819628974648
"9896",0.973097291758475,0.026902708241525
"9897",0.997739483338822,0.00226051666117782
"9898",0.959348021739931,0.040651978260069
"9899",0.977365345039006,0.022634654960994
"9900",0.984687399066275,0.015312600933725
"9901",0.952834204703456,0.0471657952965438
"9902",0.84484475077173,0.15515524922827
"9903",0.998141282471012,0.0018587175289885
"9904",0.976065414022565,0.023934585977435
"9905",0.985834719248928,0.0141652807510722
"9906",0.979338720948592,0.0206612790514077
"9907",0.998312256597588,0.00168774340241188
"9908",0.795647202373522,0.204352797626478
"9909",0.996525314421596,0.00347468557840441
"9910",0.982379762260133,0.0176202377398674
"9911",0.00423246504051927,0.995767534959481
"9912",0.533499039986211,0.466500960013789
"9913",0.997617441860052,0.00238255813994817
"9914",0.97759920256519,0.0224007974348098
"9915",0.993299550049877,0.0067004499501227
"9916",0.997982203724514,0.00201779627548597
"9917",0.993678780933445,0.00632121906655504
"9918",0.984258141981239,0.0157418580187606
"9919",0.936211825450081,0.0637881745499193
"9920",0.995986966362986,0.00401303363701404
"9921",0.883098516749384,0.116901483250616
"9922",0.996505680367243,0.00349431963275666
"9923",0.960113538157555,0.0398864618424452
"9924",0.981898331192092,0.0181016688079083
"9925",0.991747053075793,0.0082529469242071
"9926",0.99448499112767,0.0055150088723295
"9927",0.993677761322374,0.00632223867762621
"9928",0.994575509886482,0.00542449011351777
"9929",0.997876071129867,0.00212392887013305
"9930",0.995532630395689,0.00446736960431127
"9931",0.998420367021505,0.00157963297849502
"9932",0.983628263189712,0.0163717368102884
"9933",0.99592974143272,0.00407025856728012
"9934",0.994765440517156,0.00523455948284387
"9935",0.996382326268728,0.00361767373127146
"9936",0.995743601423748,0.00425639857625213
"9937",0.985853760089598,0.014146239910402
"9938",0.00568200103359195,0.994317998966408
"9939",0.994428949423235,0.00557105057676481
"9940",0.995494862558504,0.00450513744149643
"9941",0.986865903102369,0.0131340968976313
"9942",0.992622244053559,0.00737775594644076
"9943",0.99844886875147,0.00155113124852946
"9944",0.995476685743878,0.00452331425612199
"9945",0.994951872486357,0.00504812751364309
"9946",0.99826461405978,0.00173538594022045
"9947",0.997103985528788,0.00289601447121186
"9948",0.984149421430636,0.0158505785693644
"9949",0.99559175912305,0.00440824087695048
"9950",0.998425407721127,0.00157459227887259
"9951",0.997060038489499,0.00293996151050073
"9952",0.991422832717353,0.00857716728264733
"9953",0.992504861781107,0.00749513821889279
"9954",0.99840051595341,0.0015994840465904
"9955",0.995108584652265,0.00489141534773454
"9956",0.992642849133065,0.00735715086693479
"9957",0.997966646220559,0.00203335377944118
"9958",0.993892855307577,0.00610714469242273
"9959",0.995002318866283,0.00499768113371661
"9960",0.996754390765453,0.00324560923454748
"9961",0.80804000583186,0.19195999416814
"9962",0.994660889678224,0.00533911032177586
"9963",0.996466472112208,0.0035335278877918
"9964",0.997559948700895,0.00244005129910543
"9965",0.986541282721818,0.0134587172781817
"9966",0.996766953058472,0.00323304694152853
"9967",0.998171427331069,0.0018285726689308
"9968",0.994951236993971,0.00504876300602897
"9969",0.997937265192219,0.0020627348077812
"9970",0.99832275601102,0.00167724398898015
"9971",0.994076044041278,0.00592395595872182
"9972",0.996177502205395,0.00382249779460464
"9973",0.993290415414025,0.00670958458597541
"9974",0.99776473252742,0.00223526747258007
"9975",0.998450594262831,0.00154940573716938
"9976",0.998395316359297,0.00160468364070286
"9977",0.978923103862545,0.0210768961374547
"9978",0.99693524311202,0.00306475688798022
"9979",0.0548349764655556,0.945165023534444
"9980",0.878800155145794,0.121199844854206
"9981",0.994781356040834,0.00521864395916637
"9982",0.998142214625514,0.00185778537448568
"9983",0.997434445356116,0.00256555464388429
"9984",0.997390596284832,0.00260940371516751
"9985",0.996116655827244,0.00388334417275603
"9986",0.99787761739394,0.00212238260606027
"9987",0.996427305818529,0.00357269418147123
"9988",0.995208827220711,0.00479117277928889
"9989",0.996473954872622,0.00352604512737796
"9990",0.996182403157276,0.00381759684272398
"9991",0.563329369457859,0.436670630542141
"9992",0.994980780168255,0.00501921983174503
"9993",0.993378766966713,0.00662123303328664
"9994",0.995248523899461,0.00475147610053905
"9995",0.184658011022519,0.815341988977481
"9996",0.995283603001528,0.0047163969984721
"9997",0.36477737642096,0.63522262357904
"9998",0.455337793111773,0.544662206888227
"9999",0.99273388973589,0.00726611026411012
"10000",0.984100117231593,0.0158998827684072
"10001",0.997991795263523,0.00200820473647746
"10002",0.997682679010487,0.00231732098951308
"10003",0.286604092153961,0.713395907846039
"10004",0.976272297503447,0.0237277024965533
"10005",0.997398614100545,0.0026013858994553
"10006",0.995736778254019,0.00426322174598117
"10007",0.941399474601123,0.0586005253988765
"10008",0.99576710304212,0.00423289695788013
"10009",0.995921600137748,0.00407839986225167
"10010",0.996218817238709,0.00378118276129088
"10011",0.997268388191282,0.00273161180871831
"10012",0.997636829936473,0.00236317006352737
"10013",0.997948753326127,0.00205124667387311
"10014",0.997367230975307,0.00263276902469263
"10015",0.976268001555383,0.0237319984446175
"10016",0.987032280777513,0.0129677192224872
"10017",0.995298667203386,0.00470133279661444
"10018",0.99137759654888,0.00862240345111947
"10019",0.996998281489393,0.00300171851060737
"10020",0.995995854793868,0.00400414520613167
"10021",0.995150963525932,0.0048490364740681
"10022",0.9976981770719,0.00230182292809962
"10023",0.998392840478022,0.00160715952197813
"10024",0.919382940655592,0.0806170593444077
"10025",0.996267230389234,0.00373276961076643
"10026",0.913488822251192,0.0865111777488079
"10027",0.995343757437484,0.00465624256251562
"10028",0.996960076734973,0.00303992326502717
"10029",0.990505378331896,0.0094946216681035
"10030",0.995429587995839,0.00457041200416061
"10031",0.99775207715257,0.00224792284743036
"10032",0.992884875242485,0.00711512475751508
"10033",0.997859796230306,0.00214020376969427
"10034",0.9980785591592,0.00192144084079979
"10035",0.995129627075864,0.0048703729241361
"10036",0.997844172870035,0.00215582712996509
"10037",0.996110379918032,0.00388962008196839
"10038",0.989579532079383,0.010420467920617
"10039",0.988170749974737,0.0118292500252625
"10040",0.996442273312476,0.00355772668752437
"10041",0.998120633240188,0.00187936675981208
"10042",0.995817563566337,0.00418243643366328
"10043",0.997970442389033,0.00202955761096716
"10044",0.0308316021045242,0.969168397895476
"10045",0.980225727069411,0.0197742729305892
"10046",0.984293783371375,0.0157062166286249
"10047",0.997167872705285,0.00283212729471515
"10048",0.991332839145312,0.00866716085468829
"10049",0.991770349841107,0.00822965015889249
"10050",0.995977616159986,0.0040223838400144
"10051",0.997448837474662,0.00255116252533844
"10052",0.994980162088952,0.00501983791104815
"10053",0.996963701668797,0.00303629833120314
"10054",0.996892637049022,0.00310736295097783
"10055",0.997097260516859,0.00290273948314128
"10056",0.996801010906004,0.00319898909399592
"10057",0.997719974659622,0.00228002534037824
"10058",0.993852755064429,0.00614724493557039
"10059",0.996039175765588,0.00396082423441161
"10060",0.997302847888541,0.00269715211145921
"10061",0.996913508982728,0.00308649101727234
"10062",0.996437210420479,0.00356278957952099
"10063",0.997027614585599,0.00297238541440157
"10064",0.997896560223367,0.0021034397766331
"10065",0.991645645878775,0.00835435412122481
"10066",0.955872553937665,0.0441274460623349
"10067",0.994765427933882,0.00523457206611797
"10068",0.964101872862944,0.0358981271370561
"10069",0.986274249422948,0.0137257505770518
"10070",0.99585088217422,0.0041491178257803
"10071",0.997111050084048,0.00288894991595193
"10072",0.996709075730671,0.00329092426932865
"10073",0.996701480205504,0.0032985197944957
"10074",0.857274491928205,0.142725508071795
"10075",0.994969789921787,0.00503021007821339
"10076",0.994712145358793,0.00528785464120664
"10077",0.986857850233527,0.0131421497664726
"10078",0.997951053413295,0.00204894658670522
"10079",0.997573388725697,0.00242661127430308
"10080",0.997534293736105,0.00246570626389531
"10081",0.981472860501367,0.0185271394986332
"10082",0.99771757134875,0.0022824286512502
"10083",0.996541878590972,0.00345812140902822
"10084",0.994119102391659,0.00588089760834053
"10085",0.986531695296541,0.0134683047034587
"10086",0.997696331420281,0.00230366857971851
"10087",0.00321187029297477,0.996788129707025
"10088",0.12912420450222,0.87087579549778
"10089",0.997916366805873,0.00208363319412683
"10090",0.992750476880743,0.00724952311925721
"10091",0.995646342985159,0.00435365701484062
"10092",0.964764169732911,0.0352358302670895
"10093",0.995945615320926,0.00405438467907398
"10094",0.996927278231929,0.00307272176807079
"10095",0.996902438457879,0.0030975615421212
"10096",0.995183269452006,0.00481673054799434
"10097",0.994456374312673,0.00554362568732698
"10098",0.995270706606137,0.00472929339386332
"10099",0.998258862734041,0.00174113726595884
"10100",0.991812047031351,0.00818795296864882
"10101",0.987663854151404,0.0123361458485956
"10102",0.997936960555615,0.00206303944438529
"10103",0.997966073853776,0.00203392614622451
"10104",0.996609037103254,0.0033909628967455
"10105",0.996098457252377,0.00390154274762352
"10106",0.996888775613256,0.00311122438674366
"10107",0.998174260070522,0.00182573992947812
"10108",0.997519053676081,0.00248094632391884
"10109",0.97555068732553,0.0244493126744699
"10110",0.994220560654671,0.00577943934532894
"10111",0.888630903993406,0.111369096006594
"10112",0.957109452474662,0.0428905475253378
"10113",0.997709201278698,0.00229079872130236
"10114",0.996559081197146,0.0034409188028545
"10115",0.994758075986572,0.00524192401342812
"10116",0.995729036629316,0.00427096337068374
"10117",0.995205176612124,0.00479482338787637
"10118",0.994777151274515,0.0052228487254852
"10119",0.980361105768311,0.0196388942316895
"10120",0.995558089068505,0.00444191093149503
"10121",0.998415258314676,0.00158474168532364
"10122",0.997957960084152,0.00204203991584823
"10123",0.994304895897417,0.00569510410258283
"10124",0.98760768243938,0.0123923175606201
"10125",0.0136210247560008,0.986378975243999
"10126",0.995425659499911,0.0045743405000893
"10127",0.992981081837444,0.0070189181625562
"10128",0.996507724643315,0.00349227535668468
"10129",0.995123064210154,0.00487693578984591
"10130",0.997178176691766,0.00282182330823374
"10131",0.998313198150908,0.00168680184909202
"10132",0.997902429443123,0.00209757055687746
"10133",0.990988298885484,0.00901170111451636
"10134",0.998321032003069,0.0016789679969312
"10135",0.988304224843478,0.0116957751565216
"10136",0.910936260906537,0.0890637390934635
"10137",0.792228633410977,0.207771366589022
"10138",0.98825811310569,0.0117418868943094
"10139",0.997932490918524,0.00206750908147607
"10140",0.987353858282483,0.012646141717517
"10141",0.9735749080489,0.0264250919511001
"10142",0.998471982616435,0.00152801738356485
"10143",0.997714046721139,0.00228595327886118
"10144",0.954696008872795,0.045303991127205
"10145",0.994434529959431,0.00556547004056881
"10146",0.996497514264187,0.00350248573581324
"10147",0.998290190268061,0.00170980973193947
"10148",0.994761461452179,0.00523853854782131
"10149",0.997631739960278,0.00236826003972161
"10150",0.989942871139258,0.0100571288607423
"10151",0.957707967429982,0.0422920325700179
"10152",0.995775653251019,0.00422434674898115
"10153",0.995335480105065,0.00466451989493525
"10154",0.985867524721392,0.0141324752786077
"10155",0.996038886979339,0.00396111302066068
"10156",0.993034118911125,0.00696588108887531
"10157",0.997275975171633,0.00272402482836692
"10158",0.995336892005391,0.00466310799460908
"10159",0.991801772753077,0.0081982272469229
"10160",0.992456118681863,0.00754388131813697
"10161",0.994549074059897,0.00545092594010264
"10162",0.993259944131991,0.00674005586800896
"10163",0.00137078362880652,0.998629216371194
"10164",0.978926614101992,0.0210733858980076
"10165",0.994755983894232,0.00524401610576773
"10166",0.996740411557599,0.00325958844240082
"10167",0.990562281535548,0.00943771846445201
"10168",0.99826279776421,0.00173720223578975
"10169",0.995171974940531,0.0048280250594689
"10170",0.995163968146204,0.00483603185379595
"10171",0.939914156418827,0.0600858435811728
"10172",0.995277106587887,0.00472289341211327
"10173",0.99360295482582,0.00639704517418004
"10174",0.990620197825472,0.0093798021745282
"10175",0.997849062850989,0.00215093714901061
"10176",0.993248454465102,0.00675154553489822
"10177",0.995054364348353,0.00494563565164686
"10178",0.95163763622932,0.0483623637706797
"10179",0.992816672853583,0.00718332714641665
"10180",0.994334242145216,0.005665757854784
"10181",0.997602991617705,0.00239700838229462
"10182",0.989955321137579,0.0100446788624213
"10183",0.99714133441037,0.00285866558963015
"10184",0.990616002017906,0.00938399798209387
"10185",0.99827035500843,0.00172964499156973
"10186",0.995524055060871,0.00447594493912857
"10187",0.994683817699386,0.00531618230061411
"10188",0.996987373679591,0.00301262632040926
"10189",0.945581638163769,0.0544183618362309
"10190",0.997234729279378,0.00276527072062187
"10191",0.990458884523169,0.00954111547683122
"10192",0.99578470308192,0.00421529691808014
"10193",0.988515792180942,0.0114842078190585
"10194",0.993149065635458,0.00685093436454196
"10195",0.998107467748848,0.00189253225115188
"10196",0.998081798934209,0.00191820106579104
"10197",0.99717566102114,0.00282433897886014
"10198",0.99313847529717,0.00686152470283031
"10199",0.995891447612,0.00410855238800021
"10200",0.991273570784977,0.00872642921502289
"10201",0.997794879646699,0.00220512035330093
"10202",0.996851102214713,0.00314889778528671
"10203",0.975916161614307,0.0240838383856931
"10204",0.998109738926245,0.00189026107375459
"10205",0.996329844012395,0.00367015598760493
"10206",0.996374732514239,0.00362526748576131
"10207",0.990435044021386,0.00956495597861372
"10208",0.998044153758563,0.00195584624143708
"10209",0.994290197472034,0.00570980252796625
"10210",0.847142247858835,0.152857752141166
"10211",0.994914681667398,0.00508531833260205
"10212",0.997525919125439,0.00247408087456123
"10213",0.995104317442877,0.00489568255712297
"10214",0.972382971769945,0.0276170282300545
"10215",0.993441443531176,0.00655855646882391
"10216",0.996542469380782,0.00345753061921782
"10217",0.970733409495351,0.0292665905046491
"10218",0.994623448105796,0.00537655189420412
"10219",0.987965445248803,0.0120345547511967
"10220",0.998394883597909,0.00160511640209085
"10221",0.997813977098028,0.00218602290197248
"10222",0.995728108496368,0.00427189150363215
"10223",0.993857777780206,0.00614222221979409
"10224",0.997734115744756,0.00226588425524418
"10225",0.98087394282712,0.0191260571728804
"10226",0.997307609396896,0.00269239060310414
"10227",0.964044228090392,0.035955771909608
"10228",0.996529427739953,0.00347057226004726
"10229",0.995975665345598,0.00402433465440211
"10230",0.996262014955729,0.0037379850442713
"10231",0.995827850562282,0.00417214943771822
"10232",0.993906919690942,0.00609308030905853
"10233",0.99834808938566,0.0016519106143398
"10234",0.994629574341708,0.00537042565829163
"10235",0.997392947490853,0.00260705250914678
"10236",0.994818161618599,0.00518183838140078
"10237",0.471854449755134,0.528145550244866
"10238",0.991121877839211,0.00887812216078905
"10239",0.991943777729433,0.00805622227056705
"10240",0.998118111303862,0.00188188869613847
"10241",0.998131291559306,0.00186870844069367
"10242",0.998187338502376,0.00181266149762441
"10243",0.696466698466541,0.303533301533459
"10244",0.665834220038385,0.334165779961615
"10245",0.995944830200607,0.00405516979939276
"10246",0.974066826715593,0.025933173284407
"10247",0.697214037532818,0.302785962467182
"10248",0.995204289599641,0.0047957104003595
"10249",0.95173979872967,0.0482602012703301
"10250",0.997696039526962,0.00230396047303783
"10251",0.997594203197624,0.00240579680237627
"10252",0.998114394924045,0.00188560507595471
"10253",0.941437709658531,0.0585622903414693
"10254",0.997315440181701,0.0026845598182985
"10255",0.998031251995694,0.001968748004306
"10256",0.998200635244352,0.00179936475564835
"10257",0.991245073830822,0.00875492616917824
"10258",0.997484298832678,0.00251570116732215
"10259",0.955419157900996,0.0445808420990045
"10260",0.997948628545463,0.00205137145453713
"10261",0.949025015931423,0.0509749840685769
"10262",0.987929648687912,0.0120703513120877
"10263",0.998194872369373,0.00180512763062673
"10264",0.997383160375919,0.00261683962408133
"10265",0.996834609035857,0.00316539096414329
"10266",0.997856409413244,0.00214359058675574
"10267",0.405055142861236,0.594944857138764
"10268",0.995495305781474,0.00450469421852592
"10269",0.989004966811996,0.0109950331880038
"10270",0.997457879756771,0.00254212024322898
"10271",0.995208773415004,0.00479122658499571
"10272",0.997882780875412,0.00211721912458805
"10273",0.998415258314676,0.00158474168532364
"10274",0.919632892630847,0.0803671073691534
"10275",0.997451573231938,0.00254842676806237
"10276",0.996859916844813,0.00314008315518647
"10277",0.994059958728801,0.00594004127119932
"10278",0.969244302554693,0.0307556974453067
"10279",0.995173578538577,0.00482642146142302
"10280",0.997351052823835,0.00264894717616454
"10281",0.991696943745727,0.00830305625427335
"10282",0.998303660311046,0.00169633968895399
"10283",0.995645846561279,0.00435415343872066
"10284",0.996860987397956,0.00313901260204383
"10285",0.996383613251084,0.0036163867489156
"10286",0.997042188012488,0.00295781198751173
"10287",0.997033715250973,0.00296628474902714
"10288",0.991728813841557,0.00827118615844271
"10289",0.995030851696368,0.00496914830363245
"10290",0.993837934453045,0.00616206554695509
"10291",0.995975570431797,0.00402442956820277
"10292",0.993554419457937,0.00644558054206272
"10293",0.993729911817548,0.00627008818245199
"10294",0.99568437059879,0.00431562940121031
"10295",0.995661605031555,0.00433839496844524
"10296",0.995455291646126,0.00454470835387434
"10297",0.991445323380384,0.00855467661961628
"10298",0.99814378656805,0.00185621343194956
"10299",0.949752965223128,0.0502470347768716
"10300",0.83171743048218,0.16828256951782
"10301",0.87999074794175,0.12000925205825
"10302",0.988394036117613,0.0116059638823874
"10303",0.995269113312687,0.00473088668731294
"10304",0.995340026538565,0.00465997346143447
"10305",0.981337744292134,0.0186622557078658
"10306",0.947143902367142,0.0528560976328578
"10307",0.99718018320884,0.0028198167911601
"10308",0.994767044697617,0.00523295530238258
"10309",0.997755672310115,0.00224432768988504
"10310",0.992636144423304,0.00736385557669636
"10311",0.996662467549756,0.00333753245024421
"10312",0.987533961225566,0.0124660387744342
"10313",0.997175071129223,0.00282492887077662
"10314",0.997811409481282,0.00218859051871796
"10315",0.995051615732013,0.00494838426798729
"10316",0.989957335698212,0.0100426643017881
"10317",0.990270865049267,0.00972913495073267
"10318",0.993526068913267,0.00647393108673344
"10319",0.997920226786733,0.00207977321326671
"10320",0.995544946088042,0.00445505391195775
"10321",0.991463610476636,0.00853638952336373
"10322",0.960244469356094,0.0397555306439062
"10323",0.992975539950162,0.0070244600498382
"10324",0.996686649199764,0.00331335080023656
"10325",0.997585180999373,0.00241481900062751
"10326",0.997773849446759,0.00222615055324126
"10327",0.986548821875294,0.0134511781247063
"10328",0.995513934805966,0.0044860651940337
"10329",0.996776459803173,0.003223540196827
"10330",0.993724533549194,0.00627546645080634
"10331",0.862149759842912,0.137850240157088
"10332",0.983202031367369,0.0167979686326308
"10333",0.98248107564949,0.0175189243505104
"10334",0.190504368051015,0.809495631948985
"10335",0.997577430870789,0.0024225691292107
"10336",0.993997547080862,0.00600245291913765
"10337",0.99668302067763,0.00331697932237052
"10338",0.952906832868162,0.0470931671318381
"10339",0.997581647971579,0.00241835202842059
"10340",0.995236658604619,0.00476334139538164
"10341",0.996184386337807,0.00381561366219319
"10342",0.997261666299631,0.00273833370036862
"10343",0.995451959187186,0.00454804081281421
"10344",0.991465082130531,0.00853491786946902
"10345",0.957866082222217,0.0421339177777833
"10346",0.54395078155584,0.45604921844416
"10347",0.992932859397262,0.0070671406027381
"10348",0.991731832059208,0.00826816794079257
"10349",0.994966032323456,0.00503396767654422
"10350",0.995884166130627,0.00411583386937292
"10351",0.995957829814977,0.00404217018502257
"10352",0.996904270663967,0.00309572933603308
"10353",0.998240574816708,0.00175942518329232
"10354",0.722262504864935,0.277737495135065
"10355",0.994627139390091,0.00537286060990932
"10356",0.996609204570183,0.0033907954298171
"10357",0.256291694548133,0.743708305451867
"10358",0.988223467814832,0.0117765321851678
"10359",0.995211252949645,0.00478874705035448
"10360",0.995378781141684,0.00462121885831634
"10361",0.993760113837996,0.00623988616200353
"10362",0.998376661959375,0.00162333804062493
"10363",0.99586733992432,0.00413266007568007
"10364",0.996118605572431,0.00388139442756883
"10365",0.983713054221065,0.0162869457789355
"10366",0.993049306324345,0.00695069367565479
"10367",0.997577321468675,0.00242267853132489
"10368",0.00339391408849249,0.996606085911508
"10369",0.996463689568551,0.00353631043144914
"10370",0.99776622913326,0.00223377086674033
"10371",0.998162198953773,0.00183780104622737
"10372",0.996822081423425,0.00317791857657536
"10373",0.908049550846837,0.0919504491531628
"10374",0.991723211232333,0.00827678876766696
"10375",0.99708738621735,0.00291261378264955
"10376",0.997056321993806,0.00294367800619367
"10377",0.997445038215409,0.00255496178459105
"10378",0.986339974946357,0.0136600250536434
"10379",0.990958759563732,0.00904124043626761
"10380",0.97659605814676,0.02340394185324
"10381",0.8733321993384,0.1266678006616
"10382",0.992533215791385,0.00746678420861505
"10383",0.998373338625545,0.00162666137445479
"10384",0.997524418936861,0.00247558106313897
"10385",0.997894706698377,0.00210529330162317
"10386",0.998301332499381,0.0016986675006191
"10387",0.993508482436902,0.00649151756309769
"10388",0.992428320640806,0.00757167935919445
"10389",0.99735974238229,0.00264025761771013
"10390",0.997619714539108,0.00238028546089221
"10391",0.993521104846812,0.00647889515318834
"10392",0.998126486464961,0.00187351353503915
"10393",0.980128632631074,0.0198713673689259
"10394",0.992721223229594,0.00727877677040638
"10395",0.998259980684374,0.00174001931562637
"10396",0.979662091039822,0.0203379089601779
"10397",0.99653359799237,0.00346640200763033
"10398",0.949090185476425,0.0509098145235745
"10399",0.754229336628187,0.245770663371813
"10400",0.995259230679352,0.00474076932064799
"10401",0.985811507370851,0.0141884926291496
"10402",0.998352484435465,0.00164751556453493
"10403",0.982209497089314,0.0177905029106856
"10404",0.990509964662039,0.00949003533796101
"10405",0.990047299553725,0.00995270044627504
"10406",0.994816904125681,0.00518309587431882
"10407",0.024650754792906,0.975349245207094
"10408",0.99612239438712,0.00387760561287997
"10409",0.992848307265646,0.00715169273435411
"10410",0.998273680373877,0.00172631962612278
"10411",0.994742630961604,0.0052573690383957
"10412",0.995200896569709,0.004799103430291
"10413",0.994384033482906,0.00561596651709431
"10414",0.963955186549411,0.0360448134505888
"10415",0.992143594556266,0.00785640544373365
"10416",0.995486470428266,0.00451352957173376
"10417",0.997180488328335,0.00281951167166526
"10418",0.989619407720534,0.0103805922794656
"10419",0.00166032038115856,0.998339679618841
"10420",0.989950240711888,0.0100497592881115
"10421",0.987509687070403,0.0124903129295975
"10422",0.998230066320432,0.00176993367956776
"10423",0.99105133984099,0.00894866015900948
"10424",0.00101804145992538,0.998981958540075
"10425",0.993810106757771,0.00618989324222864
"10426",0.987805860326511,0.0121941396734886
"10427",0.99626869790911,0.00373130209088985
"10428",0.992115583037099,0.0078844169629013
"10429",0.97856329430435,0.0214367056956497
"10430",0.990595751248168,0.00940424875183205
"10431",0.993586465434707,0.00641353456529304
"10432",0.994043514667833,0.0059564853321672
"10433",0.993289674237571,0.00671032576242904
"10434",0.995745973802991,0.0042540261970088
"10435",0.996356031614879,0.00364396838512156
"10436",0.978884022250106,0.0211159777498937
"10437",0.0033162820590134,0.996683717940987
"10438",0.993567128833377,0.00643287116662275
"10439",0.994634939079768,0.00536506092023228
"10440",0.997099264139468,0.00290073586053169
"10441",0.997532047560053,0.00246795243994726
"10442",0.995796867940766,0.00420313205923434
"10443",0.997667657964814,0.00233234203518551
"10444",0.899427095573366,0.100572904426634
"10445",0.995623255027846,0.00437674497215434
"10446",0.994737438742247,0.00526256125775291
"10447",0.993814227334904,0.00618577266509587
"10448",0.900209048318391,0.0997909516816085
"10449",0.985077542905567,0.0149224570944334
"10450",0.992375241016987,0.00762475898301244
"10451",0.996188867969604,0.00381113203039635
"10452",0.950886438927218,0.0491135610727824
"10453",0.998416616764639,0.00158338323536145
"10454",0.995784423571524,0.00421557642847647
"10455",0.995374118941019,0.00462588105898118
"10456",0.992496866754365,0.00750313324563477
"10457",0.991663049747375,0.00833695025262464
"10458",0.994956165618045,0.00504383438195459
"10459",0.998455349272114,0.0015446507278857
"10460",0.992155876189002,0.00784412381099751
"10461",0.993256832434502,0.00674316756549795
"10462",0.992603814855444,0.00739618514455599
"10463",0.994614969568321,0.00538503043167892
"10464",0.998343662492365,0.00165633750763465
"10465",0.995896071754506,0.00410392824549446
"10466",0.997967145929158,0.00203285407084159
"10467",0.997494327550044,0.00250567244995571
"10468",0.994610167526101,0.00538983247389859
"10469",0.998252158371544,0.00174784162845592
"10470",0.995752697734694,0.00424730226530562
"10471",0.995310978602557,0.00468902139744342
"10472",0.995299725160582,0.00470027483941761
"10473",0.998352606266648,0.00164739373335232
"10474",0.997830750022407,0.00216924997759283
"10475",0.992707695145335,0.00729230485466458
"10476",0.99754627878542,0.00245372121457945
"10477",0.986972248911378,0.0130277510886221
"10478",0.998314330134277,0.00168566986572277
"10479",0.997940777919913,0.00205922208008709
"10480",0.994895652861952,0.00510434713804821
"10481",0.992875538767772,0.00712446123222825
"10482",0.997206924578671,0.00279307542132896
"10483",0.981788088653293,0.0182119113467072
"10484",0.99565760970601,0.0043423902939894
"10485",0.997747319742387,0.00225268025761318
"10486",0.997192561710918,0.00280743828908205
"10487",0.997127888287629,0.00287211171237144
"10488",0.996807677946883,0.00319232205311737
"10489",0.993488000782785,0.00651199921721488
"10490",0.998400900236297,0.00159909976370334
"10491",0.953195966685688,0.0468040333143125
"10492",0.975886538596306,0.0241134614036943
"10493",0.998198770161618,0.00180122983838228
"10494",0.987637657117776,0.0123623428822243
"10495",0.998117762826484,0.00188223717351638
"10496",0.991555287616012,0.00844471238398773
"10497",0.000680821846148587,0.999319178153851
"10498",0.993893426766139,0.00610657323386101
"10499",0.930159572142601,0.0698404278573989
"10500",0.996133054990606,0.00386694500939393
"10501",0.998237935653015,0.00176206434698516
"10502",0.994916280141502,0.00508371985849782
"10503",0.994889339036579,0.00511066096342138
"10504",0.995672768355349,0.0043272316446508
"10505",0.997823779570715,0.00217622042928517
"10506",0.995831865452669,0.00416813454733139
"10507",0.967873452379601,0.0321265476203991
"10508",0.939923555104367,0.0600764448956326
"10509",0.994378580642479,0.00562141935752056
"10510",0.916076315343847,0.0839236846561531
"10511",0.997315103137899,0.00268489686210085
"10512",0.997085345616878,0.00291465438312176
"10513",0.990877413050669,0.0091225869493313
"10514",0.997018308268932,0.00298169173106825
"10515",0.990864765320526,0.00913523467947436
"10516",0.997719103452858,0.0022808965471421
"10517",0.574345650346749,0.425654349653251
"10518",0.996500648503465,0.00349935149653528
"10519",0.996577977240734,0.00342202275926615
"10520",0.942266139512954,0.0577338604870464
"10521",0.995904133328362,0.00409586667163764
"10522",0.992937813034251,0.00706218696574931
"10523",0.997622308282718,0.00237769171728172
"10524",0.170390647559744,0.829609352440256
"10525",0.995142743505867,0.00485725649413313
"10526",0.992131929837792,0.00786807016220762
"10527",0.995556984628977,0.00444301537102311
"10528",0.995469918004722,0.00453008199527823
"10529",0.995924890186971,0.00407510981302865
"10530",0.987551232315843,0.0124487676841574
"10531",0.994563873855551,0.00543612614444898
"10532",0.995384672756987,0.00461532724301326
"10533",0.991457630926531,0.0085423690734693
"10534",0.99541990818688,0.00458009181311969
"10535",0.994950668756313,0.00504933124368745
"10536",0.955141141178871,0.0448588588211288
"10537",0.00471754161895888,0.995282458381041
"10538",0.975635420269049,0.024364579730951
"10539",0.994200710504665,0.00579928949533512
"10540",0.98955806815996,0.0104419318400399
"10541",0.996451055440973,0.00354894455902709
"10542",0.995310163850331,0.00468983614966859
"10543",0.962379149817948,0.0376208501820516
"10544",0.989744801004722,0.0102551989952785
"10545",0.980101222830075,0.0198987771699255
"10546",0.997267834684171,0.00273216531582934
"10547",0.993714832668872,0.00628516733112775
"10548",0.992996934646661,0.00700306535333928
"10549",0.993872253619724,0.00612774638027643
"10550",0.994987834511824,0.00501216548817569
"10551",0.996026796025244,0.00397320397475565
"10552",0.990083569248163,0.00991643075183676
"10553",0.996078024243165,0.00392197575683517
"10554",0.998106605833647,0.00189339416635332
"10555",0.992448398574302,0.00755160142569841
"10556",0.997661913511721,0.00233808648827899
"10557",0.995396037205815,0.00460396279418509
"10558",0.995495708399864,0.00450429160013581
"10559",0.994381229118207,0.00561877088179282
"10560",0.997143993342711,0.00285600665728954
"10561",0.993162598450848,0.00683740154915212
"10562",0.000793229140218471,0.999206770859782
"10563",0.998347581916967,0.00165241808303264
"10564",0.998138530320349,0.00186146967965137
"10565",0.998232005133937,0.00176799486606301
"10566",0.998172916273548,0.00182708372645219
"10567",0.996536945830018,0.00346305416998251
"10568",0.989619802576401,0.0103801974235987
"10569",0.995100170232876,0.00489982976712413
"10570",0.994719339554508,0.00528066044549161
"10571",0.997606440619004,0.00239355938099566
"10572",0.989262767565945,0.0107372324340547
"10573",0.997071876063788,0.00292812393621227
"10574",0.998103346127333,0.00189665387266715
"10575",0.994948972284143,0.00505102771585726
"10576",0.995308640497846,0.00469135950215396
"10577",0.991733288307365,0.00826671169263543
"10578",0.99452989549283,0.00547010450716959
"10579",0.993063653968906,0.00693634603109404
"10580",0.942923580298445,0.0570764197015551
"10581",0.997776894483806,0.00222310551619358
"10582",0.998117152014219,0.00188284798578135
"10583",0.997795984806638,0.00220401519336154
"10584",0.995851823703337,0.00414817629666304
"10585",0.993834319680653,0.00616568031934709
"10586",0.995048928615854,0.00495107138414588
"10587",0.996334155685317,0.00366584431468293
"10588",0.997203044536074,0.00279695546392566
"10589",0.841584115573716,0.158415884426284
"10590",0.982321322716417,0.0176786772835827
"10591",0.996391131981387,0.00360886801861277
"10592",0.998243840788983,0.001756159211017
"10593",0.997292668889612,0.00270733111038784
"10594",0.000437724304642696,0.999562275695357
"10595",0.994367234013175,0.00563276598682478
"10596",0.998140127629416,0.00185987237058374
"10597",0.992484659295647,0.00751534070435276
"10598",0.988626698553261,0.0113733014467393
"10599",0.995153415471109,0.00484658452889148
"10600",0.990795800711114,0.00920419928888622
"10601",0.996593821345578,0.00340617865442263
"10602",0.997925486178236,0.00207451382176377
"10603",0.996626973767853,0.00337302623214647
"10604",0.997420135764748,0.00257986423525191
"10605",0.970270262323672,0.0297297376763279
"10606",0.997565502004454,0.00243449799554562
"10607",0.995727321627677,0.00427267837232336
"10608",0.997992346976409,0.00200765302359051
"10609",0.998235895024708,0.00176410497529178
"10610",0.996614902259556,0.00338509774044436
"10611",0.985395321021756,0.0146046789782441
"10612",0.998296323530457,0.00170367646954276
"10613",0.98372780983304,0.0162721901669598
"10614",0.995809393832249,0.00419060616775083
"10615",0.998400651043246,0.00159934895675437
"10616",0.995220753446174,0.00477924655382592
"10617",0.997537621975317,0.00246237802468245
"10618",0.996460609865855,0.00353939013414529
"10619",0.996739443463892,0.00326055653610828
"10620",0.997373855784857,0.00262614421514255
"10621",0.997124931585848,0.0028750684141515
"10622",0.996885425133681,0.00311457486631892
"10623",0.945336355789382,0.0546636442106177
"10624",0.993620837654009,0.0063791623459909
"10625",0.996242547389184,0.00375745261081613
"10626",0.998085379654101,0.00191462034589912
"10627",0.994890401263985,0.00510959873601493
"10628",0.965485178050393,0.0345148219496074
"10629",0.993615758820495,0.00638424117950462
"10630",0.981265741295359,0.0187342587046411
"10631",0.997516258575462,0.00248374142453856
"10632",0.992539977009272,0.00746002299072785
"10633",0.989116976599972,0.0108830234000283
"10634",0.98793162455086,0.0120683754491404
"10635",0.996896631925565,0.0031033680744351
"10636",0.992978882072193,0.00702111792780661
"10637",0.997409190735032,0.0025908092649682
"10638",0.995965032797513,0.00403496720248665
"10639",0.972056291540832,0.0279437084591681
"10640",0.995401520145099,0.00459847985490111
"10641",0.958567532777017,0.0414324672229826
"10642",0.972378363779794,0.0276216362202062
"10643",0.995760962301903,0.00423903769809752
"10644",0.997842713897311,0.00215728610268925
"10645",0.996984242519563,0.00301575748043666
"10646",0.985245151272456,0.0147548487275443
"10647",0.997142653673032,0.00285734632696842
"10648",0.997384340012136,0.00261565998786362
"10649",0.998131824275096,0.00186817572490395
"10650",0.996903487239483,0.00309651276051746
"10651",0.988341349938484,0.0116586500615158
"10652",0.996180012115184,0.00381998788481572
"10653",0.9948546137491,0.00514538625090015
"10654",0.990342511787373,0.00965748821262746
"10655",0.997414620771123,0.00258537922887698
"10656",0.994141737503736,0.00585826249626398
"10657",0.998153912096223,0.00184608790377715
"10658",0.997949701595781,0.00205029840421869
"10659",0.998272398423271,0.00172760157672852
"10660",0.973033855011487,0.0269661449885131
"10661",0.993676559745044,0.00632344025495598
"10662",0.99639749316896,0.00360250683104009
"10663",0.986067057601071,0.0139329423989289
"10664",0.9954788584712,0.00452114152879978
"10665",0.995349894184473,0.00465010581552693
"10666",0.993723458364128,0.00627654163587204
"10667",0.996696475838372,0.00330352416162792
"10668",0.997853558529308,0.0021464414706916
"10669",0.996883257268358,0.00311674273164207
"10670",0.992603375306445,0.00739662469355501
"10671",0.706491363628203,0.293508636371797
"10672",0.996876687747992,0.00312331225200772
"10673",0.997315832772901,0.00268416722709917
"10674",0.988980999945819,0.0110190000541811
"10675",0.997179894420996,0.00282010557900356
"10676",0.998433462530451,0.00156653746954925
"10677",0.998292289517926,0.00170771048207362
"10678",0.992982837267268,0.00701716273273157
"10679",0.995827407357956,0.00417259264204446
"10680",0.99722780897961,0.00277219102039002
"10681",0.994346576543936,0.00565342345606362
"10682",0.990866208925371,0.00913379107462876
"10683",0.990145130463565,0.00985486953643503
"10684",0.995512763659861,0.00448723634013911
"10685",0.996243209324671,0.00375679067532907
"10686",0.997403092509201,0.00259690749079871
"10687",0.808174904062612,0.191825095937388
"10688",0.912799980327675,0.0872000196723255
"10689",0.996465300958965,0.00353469904103471
"10690",0.990782240248036,0.0092177597519643
"10691",0.995659030207555,0.00434096979244465
"10692",0.997588297132005,0.00241170286799468
"10693",0.997640406069912,0.00235959393008787
"10694",0.99404111065434,0.00595888934566021
"10695",0.00682421543782434,0.993175784562176
"10696",0.996255672713102,0.00374432728689854
"10697",0.99255876935933,0.00744123064066988
"10698",0.994942901335172,0.00505709866482756
"10699",0.996606344433838,0.00339365556616171
"10700",0.995768232484401,0.00423176751559895
"10701",0.997692129644863,0.00230787035513737
"10702",0.997269464858241,0.00273053514175929
"10703",0.997689883251867,0.00231011674813328
"10704",0.994571983494416,0.00542801650558428
"10705",0.998360859601237,0.00163914039876322
"10706",0.998062947768262,0.00193705223173798
"10707",0.991534259074607,0.00846574092539246
"10708",0.997415666906455,0.00258433309354494
"10709",0.993991296416082,0.006008703583918
"10710",0.998062321439806,0.00193767856019388
"10711",0.994978736195576,0.00502126380442419
"10712",0.982228171207335,0.0177718287926655
"10713",0.995791829166541,0.00420817083345959
"10714",0.962866782513141,0.0371332174868588
"10715",0.996752993657287,0.00324700634271257
"10716",0.995427882038093,0.00457211796190661
"10717",0.998421502612295,0.00157849738770467
"10718",0.0697369524989779,0.930263047501022
"10719",0.996178620952288,0.0038213790477125
"10720",0.997430300223042,0.00256969977695817
"10721",0.984314947233915,0.0156850527660849
"10722",0.994646706521004,0.00535329347899634
"10723",0.993447933942247,0.00655206605775288
"10724",0.994867457489251,0.00513254251074902
"10725",0.997865783237413,0.00213421676258659
"10726",0.995678713068315,0.0043212869316848
"10727",0.997701528439832,0.00229847156016779
"10728",0.990521284593114,0.00947871540688572
"10729",0.997747014919662,0.00225298508033829
"10730",0.995412242769227,0.00458775723077246
"10731",0.99451390181483,0.00548609818517005
"10732",0.994478031668224,0.00552196833177602
"10733",0.0014932182007318,0.998506781799268
"10734",0.977283487098407,0.0227165129015927
"10735",0.994131417832473,0.00586858216752693
"10736",0.9974280153297,0.00257198467029966
"10737",0.992761797408629,0.00723820259137119
"10738",0.996545172832914,0.00345482716708553
"10739",0.995750460734537,0.0042495392654626
"10740",0.996938649105593,0.00306135089440673
"10741",0.997206233841174,0.0027937661588262
"10742",0.99557178204093,0.00442821795906993
"10743",0.996845848834922,0.00315415116507802
"10744",0.994344295674092,0.00565570432590781
"10745",0.993788064657223,0.00621193534277698
"10746",0.454491903324967,0.545508096675033
"10747",0.00390454612548436,0.996095453874516
"10748",0.99527109937227,0.00472890062773021
"10749",0.99825805007049,0.00174194992950988
"10750",0.997876162900772,0.00212383709922785
"10751",0.993438409884561,0.00656159011543943
"10752",0.995076293135877,0.00492370686412268
"10753",0.997425030601618,0.00257496939838147
"10754",0.995394072489935,0.00460592751006465
"10755",0.995487529889104,0.00451247011089564
"10756",0.995570778607003,0.00442922139299665
"10757",0.977657468202811,0.022342531797189
"10758",0.00298647797364928,0.997013522026351
"10759",0.0020377882968567,0.997962211703143
"10760",0.997056471375031,0.00294352862496904
"10761",0.994533700863772,0.00546629913622768
"10762",0.989913007986041,0.0100869920139591
"10763",0.994711758303951,0.00528824169604902
"10764",0.989122997526898,0.0108770024731015
"10765",0.995755778990209,0.00424422100979109
"10766",0.993675887405833,0.00632411259416712
"10767",0.895323114189873,0.104676885810128
"10768",0.995144487005971,0.0048555129940292
"10769",0.989931651278351,0.0100683487216484
"10770",0.995373168113097,0.00462683188690268
"10771",0.995314585376081,0.00468541462391875
"10772",0.994982764575916,0.00501723542408413
"10773",0.980071498484455,0.0199285015155447
"10774",0.996088917484699,0.00391108251530108
"10775",0.994785197186329,0.00521480281367101
"10776",0.994671169338185,0.00532883066181453
"10777",0.995523095278957,0.0044769047210428
"10778",0.991975073650175,0.00802492634982456
"10779",0.97887224685809,0.0211277531419104
"10780",0.994872727711975,0.00512727228802463
"10781",0.995340133943915,0.00465986605608475
"10782",0.998251024799867,0.0017489752001327
"10783",0.992115116256486,0.00788488374351437
"10784",0.993309090962047,0.00669090903795352
"10785",0.997400269339533,0.002599730660467
"10786",0.997228941793169,0.00277105820683049
"10787",0.997689444108911,0.0023105558910888
"10788",0.94658524644873,0.0534147535512703
"10789",0.984019412297765,0.0159805877022346
"10790",0.996265738210215,0.00373426178978476
"10791",0.997401710546617,0.00259828945338322
"10792",0.994802878340816,0.00519712165918415
"10793",0.998249272191422,0.00175072780857829
"10794",0.997303267343067,0.00269673265693327
"10795",0.997189175185788,0.00281082481421169
"10796",0.993080142405733,0.00691985759426735
"10797",0.820159094341872,0.179840905658128
"10798",0.990176427899323,0.00982357210067649
"10799",0.750874209251876,0.249125790748124
"10800",0.998415258314676,0.00158474168532364
"10801",0.99296787465878,0.00703212534121974
"10802",0.977432250298711,0.0225677497012896
"10803",0.0170050680583142,0.982994931941686
"10804",0.994337828225549,0.00566217177445104
"10805",0.987682210536617,0.012317789463383
"10806",0.994405964863698,0.00559403513630149
"10807",0.995508691408463,0.00449130859153686
"10808",0.996010476020807,0.00398952397919262
"10809",0.997292522794946,0.00270747720505359
"10810",0.998397498560901,0.00160250143909944
"10811",0.997402998393075,0.002597001606925
"10812",0.995508388106017,0.00449161189398327
"10813",0.997791059974322,0.00220894002567759
"10814",0.994406717049239,0.0055932829507613
"10815",0.996539359374155,0.00346064062584523
"10816",0.9955523295966,0.00444767040340029
"10817",0.994863067858872,0.00513693214112826
"10818",0.991580839691204,0.00841916030879593
"10819",0.789938445617498,0.210061554382502
"10820",0.994196961206372,0.00580303879362818
"10821",0.972398401321364,0.0276015986786359
"10822",0.996116268416068,0.00388373158393222
"10823",0.996435610637891,0.00356438936210856
"10824",0.975128641793114,0.0248713582068858
"10825",0.995607668084333,0.00439233191566685
"10826",0.998415258314676,0.00158474168532364
"10827",0.0349776371827156,0.965022362817284
"10828",0.994523098847372,0.00547690115262825
"10829",0.988241604378749,0.0117583956212513
"10830",0.994063270698892,0.00593672930110807
"10831",0.984612822392557,0.0153871776074431
"10832",0.997793409713052,0.002206590286948
"10833",0.99453607919338,0.00546392080662014
"10834",0.995118482923908,0.00488151707609156
"10835",0.97004632929722,0.0299536707027799
"10836",0.984878585655994,0.0151214143440059
"10837",0.993838118378778,0.00616188162122255
"10838",0.996499718499526,0.00350028150047414
"10839",0.979713125269743,0.0202868747302573
"10840",0.997909355898552,0.00209064410144749
"10841",0.996861215503889,0.0031387844961109
"10842",0.177603640780514,0.822396359219486
"10843",0.99346648563748,0.00653351436252
"10844",0.998367550343242,0.00163244965675776
"10845",0.99840346857803,0.00159653142197033
"10846",0.995246184460609,0.00475381553939105
"10847",0.98736874672401,0.0126312532759903
"10848",0.994778820619505,0.00522117938049513
"10849",0.989604610279764,0.0103953897202358
"10850",0.994031999137849,0.00596800086215101
"10851",0.997818404323655,0.00218159567634495
"10852",0.997845170545279,0.0021548294547211
"10853",0.99462251971353,0.00537748028646991
"10854",0.965746407475673,0.034253592524327
"10855",0.963757120833467,0.0362428791665336
"10856",0.997955195642599,0.0020448043574006
"10857",0.994985722644439,0.00501427735556084
"10858",0.995996211476733,0.00400378852326715
"10859",0.991879664377162,0.00812033562283817
"10860",0.998234531975623,0.00176546802437681
"10861",0.99545062135088,0.00454937864911952
"10862",0.993977143635461,0.00602285636453858
"10863",0.996467376914603,0.00353262308539713
"10864",0.997741530340388,0.00225846965961225
"10865",0.993562049636758,0.00643795036324185
"10866",0.985633871377105,0.0143661286228947
"10867",0.992575519778375,0.00742448022162505
"10868",0.997635331232926,0.00236466876707424
"10869",0.993776181363374,0.00622381863662558
"10870",0.996557063543966,0.003442936456034
"10871",0.995787196242742,0.00421280375725819
"10872",0.997869277140477,0.00213072285952327
"10873",0.992264104613586,0.00773589538641387
"10874",0.665083228550814,0.334916771449186
"10875",0.995432177354207,0.00456782264579283
"10876",0.99478156838645,0.00521843161355011
"10877",0.998419571788626,0.00158042821137364
"10878",0.965389211116387,0.0346107888836135
"10879",0.996294668493167,0.00370533150683295
"10880",0.970452486405024,0.029547513594976
"10881",0.992290354815478,0.00770964518452194
"10882",0.990841961780681,0.00915803821931935
"10883",0.996425728129023,0.00357427187097681
"10884",0.961732344951668,0.0382676550483316
"10885",0.995447675460607,0.00455232453939288
"10886",0.99233015205356,0.00766984794643964
"10887",0.98901399698503,0.0109860030149695
"10888",0.998076701341305,0.00192329865869496
"10889",0.996671440049396,0.00332855995060444
"10890",0.993537202179746,0.00646279782025368
"10891",0.997627622254906,0.00237237774509412
"10892",0.995341528667568,0.00465847133243149
"10893",0.981554714778022,0.018445285221978
"10894",0.99415126724126,0.00584873275873996
"10895",0.992540029595492,0.00745997040450773
"10896",0.991807450703269,0.00819254929673107
"10897",0.982307454524768,0.0176925454752315
"10898",0.99737140825561,0.00262859174439015
"10899",0.997712477464521,0.00228752253547863
"10900",0.99406503922546,0.00593496077453974
"10901",0.987925181905252,0.0120748180947477
"10902",0.99460353923421,0.00539646076579013
"10903",0.994984676006932,0.00501532399306752
"10904",0.995695190295232,0.00430480970476778
"10905",0.995141133246402,0.00485886675359823
"10906",0.995885855922239,0.00411414407776052
"10907",0.988007299262792,0.0119927007372083
"10908",0.993639859176591,0.00636014082340875
"10909",0.99500798528382,0.00499201471617998
"10910",0.995519452534916,0.00448054746508369
"10911",0.997707332638659,0.00229266736134088
"10912",0.997651737543029,0.00234826245697138
"10913",0.997620993101302,0.00237900689869765
"10914",0.99511992428481,0.0048800757151895
"10915",0.997673344160465,0.00232665583953519
"10916",0.994098955892541,0.00590104410745926
"10917",0.996432645870793,0.00356735412920654
"10918",0.997111505012559,0.00288849498744056
"10919",0.974647220878483,0.0253527791215175
"10920",0.997476325856136,0.00252367414386357
"10921",0.825678660908254,0.174321339091746
"10922",0.99792329902091,0.00207670097908957
"10923",0.986029575388916,0.0139704246110843
"10924",0.997202818236937,0.00279718176306251
"10925",0.984392898499186,0.0156071015008137
"10926",0.964344952947551,0.0356550470524493
"10927",0.996723104158752,0.00327689584124832
"10928",0.985487571620789,0.0145124283792109
"10929",0.995372996684146,0.00462700331585442
"10930",0.993692856007674,0.00630714399232599
"10931",0.993527314717564,0.00647268528243649
"10932",0.997899242956348,0.0021007570436516
"10933",0.993556878625313,0.0064431213746864
"10934",0.991357365704601,0.00864263429539953
"10935",0.980290169071968,0.0197098309280325
"10936",0.997288865552963,0.00271113444703702
"10937",0.00581285467372795,0.994187145326272
"10938",0.996707520713662,0.00329247928633809
"10939",0.962884756525551,0.0371152434744493
"10940",0.99598688120288,0.00401311879711953
"10941",0.995400794366605,0.00459920563339522
"10942",0.988159940249032,0.0118400597509676
"10943",0.98763791232656,0.0123620876734405
"10944",0.987324460696694,0.0126755393033063
"10945",0.995182024435341,0.00481797556465857
"10946",0.99744356903474,0.00255643096526014
"10947",0.947150085057431,0.0528499149425689
"10948",0.987500140252205,0.0124998597477954
"10949",0.993376171428897,0.00662382857110284
"10950",0.993491145777445,0.00650885422255541
"10951",0.997460591398042,0.00253940860195764
"10952",0.997657456997767,0.00234254300223357
"10953",0.99641809628997,0.00358190371002967
"10954",0.991677698876112,0.00832230112388754
"10955",0.993843541493906,0.00615645850609404
"10956",0.988001000161796,0.0119989998382039
"10957",0.990719139325358,0.00928086067464235
"10958",0.993887962628868,0.00611203737113205
"10959",0.965380569664649,0.0346194303353505
"10960",0.995017077627849,0.00498292237215073
"10961",0.996103566847845,0.00389643315215504
"10962",0.992578314067489,0.00742168593251079
"10963",0.99660433920432,0.00339566079568011
"10964",0.994354973420426,0.00564502657957425
"10965",0.996828545871858,0.00317145412814221
"10966",0.991675070756894,0.00832492924310578
"10967",0.997521889112288,0.00247811088771197
"10968",0.998285276721351,0.0017147232786491
"10969",0.997740352484001,0.00225964751599858
"10970",0.994447814581538,0.00555218541846153
"10971",0.991453534201849,0.00854646579815088
"10972",0.678585450066937,0.321414549933063
"10973",0.998165744525426,0.00183425547457363
"10974",0.996064828026292,0.00393517197370783
"10975",0.996604289253003,0.00339571074699717
"10976",0.995405522488336,0.00459447751166431
"10977",0.972439460567588,0.0275605394324119
"10978",0.982835471218405,0.0171645287815946
"10979",0.995772894810221,0.00422710518977877
"10980",0.998242231226643,0.00175776877335744
"10981",0.996502883499073,0.00349711650092685
"10982",0.995612800091018,0.00438719990898228
"10983",0.994474407698257,0.00552559230174295
"10984",0.996062194246975,0.00393780575302464
"10985",0.997821094577211,0.00217890542278877
"10986",0.985321956011956,0.0146780439880442
"10987",0.996620457651804,0.00337954234819635
"10988",0.942587787322249,0.0574122126777514
"10989",0.995391815149942,0.00460818485005829
"10990",0.992416458201084,0.00758354179891619
"10991",0.752021409540031,0.247978590459969
"10992",0.998068931337534,0.00193106866246596
"10993",0.985005176325798,0.014994823674202
"10994",0.995890824252999,0.00410917574700107
"10995",0.990917691145397,0.00908230885460336
"10996",0.0482626079814217,0.951737392018578
"10997",0.0669887111814906,0.933011288818509
"10998",0.995238370244845,0.00476162975515524
"10999",0.996473539890778,0.00352646010922214
"11000",0.998444422660421,0.00155557733957946
"11001",0.000747811483789527,0.999252188516211
"11002",0.997156770128474,0.00284322987152563
"11003",0.99759864254061,0.00240135745938971
"11004",0.000961840503442696,0.999038159496557
"11005",0.997135920248539,0.00286407975146072
"11006",0.995586555594166,0.00441344440583396
"11007",0.994060188885428,0.00593981111457224
"11008",0.988019795939246,0.0119802040607537
"11009",0.99818473053383,0.00181526946616949
"11010",0.996133153633993,0.00386684636600712
"11011",0.998001570639389,0.00199842936061106
"11012",0.993112841163751,0.00688715883624866
"11013",0.986603471964974,0.0133965280350261
"11014",0.997908637624649,0.00209136237535141
"11015",0.998157820495531,0.00184217950446919
"11016",0.998182483955486,0.00181751604451351
"11017",0.997544440026553,0.00245555997344719
"11018",0.987667558309504,0.0123324416904964
"11019",0.870165465956157,0.129834534043843
"11020",0.994587577834249,0.00541242216575094
"11021",0.993396443923785,0.00660355607621483
"11022",0.941611987040533,0.0583880129594665
"11023",0.994745152527642,0.00525484747235789
"11024",0.992305628848652,0.00769437115134742
"11025",0.587988975711646,0.412011024288354
"11026",0.992262287627341,0.00773771237265857
"11027",0.994406438169508,0.00559356183049217
"11028",0.99827207052686,0.00172792947314026
"11029",0.996329656081156,0.0036703439188435
"11030",0.995812338005612,0.00418766199438834
"11031",0.99495874460597,0.00504125539402991
"11032",0.992803186870316,0.00719681312968408
"11033",0.991665817040666,0.0083341829593341
"11034",0.99367463169409,0.00632536830590967
"11035",0.996516428542905,0.00348357145709514
"11036",0.995444527847742,0.00455547215225821
"11037",0.994996799209047,0.00500320079095253
"11038",0.995410008390412,0.00458999160958834
"11039",0.994108917527549,0.00589108247245062
"11040",0.992594111587297,0.00740588841270305
"11041",0.996250488670771,0.00374951132922903
"11042",0.992668693187345,0.00733130681265553
"11043",0.96113985356368,0.0388601464363199
"11044",0.996575329015624,0.00342467098437612
"11045",0.997967195747509,0.0020328042524913
"11046",0.996147404271609,0.00385259572839073
"11047",0.996719119075667,0.00328088092433323
"11048",0.982546013646549,0.0174539863534504
"11049",0.977973810028753,0.0220261899712475
"11050",0.779823178831821,0.220176821168179
"11051",0.988044237179932,0.0119557628200679
"11052",0.994953955212893,0.00504604478710656
"11053",0.995081230759404,0.00491876924059597
"11054",0.991150097218023,0.00884990278197693
"11055",0.984027439449993,0.0159725605500068
"11056",0.996832834344138,0.00316716565586181
"11057",0.903264980053663,0.0967350199463373
"11058",0.995414420065689,0.00458557993431111
"11059",0.997166307743988,0.00283369225601227
"11060",0.985590533786617,0.0144094662133832
"11061",0.983306977958687,0.0166930220413133
"11062",0.964494611606731,0.0355053883932692
"11063",0.974513194470492,0.0254868055295081
"11064",0.986670289012082,0.0133297109879178
"11065",0.991545157835834,0.00845484216416577
"11066",0.991768775970522,0.0082312240294784
"11067",0.998117442978628,0.00188255702137166
"11068",0.984344105119919,0.0156558948800809
"11069",0.983050585283446,0.0169494147165538
"11070",0.993780739393139,0.00621926060686074
"11071",0.996675120510789,0.00332487948921089
"11072",0.996241678955481,0.00375832104451916
"11073",0.996966150333099,0.00303384966690101
"11074",0.992446199100556,0.00755380089944423
"11075",0.997806318769935,0.00219368123006528
"11076",0.734028322732989,0.265971677267011
"11077",0.998295503421793,0.00170449657820673
"11078",0.996905429975903,0.00309457002409674
"11079",0.934956751980665,0.065043248019335
"11080",0.995567594931443,0.00443240506855668
"11081",0.991394777325114,0.0086052226748861
"11082",0.994705161854243,0.00529483814575667
"11083",0.99830162359621,0.0016983764037896
"11084",0.995271525988879,0.00472847401112107
"11085",0.995191817816252,0.00480818218374772
"11086",0.99562339285332,0.00437660714668021
"11087",0.990411131424472,0.00958886857552791
"11088",0.714329192137332,0.285670807862668
"11089",0.996081869783745,0.00391813021625513
"11090",0.99740569190644,0.00259430809356028
"11091",0.984984131570352,0.0150158684296478
"11092",0.99782829027306,0.00217170972693972
"11093",0.996238288022763,0.00376171197723727
"11094",0.864595617828501,0.135404382171499
"11095",0.990011884384084,0.00998811561591596
"11096",0.996247376319913,0.00375262368008742
"11097",0.995677579747996,0.00432242025200459
"11098",0.995390411372416,0.00460958862758371
"11099",0.997030134637512,0.00296986536248812
"11100",0.91086407709508,0.0891359229049198
"11101",0.991198418302955,0.00880158169704535
"11102",0.998400150351657,0.00159984964834313
"11103",0.996592982399322,0.00340701760067847
"11104",0.979712001306192,0.0202879986938081
"11105",0.994946094884698,0.00505390511530159
"11106",0.993733469249357,0.00626653075064302
"11107",0.998250525436843,0.00174947456315721
"11108",0.995485964074041,0.00451403592595899
"11109",0.972795815858615,0.0272041841413851
"11110",0.996626653221111,0.0033733467788893
"11111",0.997903698904122,0.0020963010958782
"11112",0.995514418140886,0.00448558185911428
"11113",0.985550155488837,0.014449844511163
"11114",0.996512381935597,0.00348761806440242
"11115",0.998348832048659,0.00165116795134141
"11116",0.995158104855306,0.00484189514469407
"11117",0.995126321650566,0.00487367834943349
"11118",0.956799597937034,0.0432004020629656
"11119",0.993967211932534,0.00603278806746605
"11120",0.995939319742101,0.00406068025789921
"11121",0.995503961676726,0.00449603832327394
"11122",0.888256451026896,0.111743548973104
"11123",0.992911865177619,0.00708813482238104
"11124",0.998176084389138,0.00182391561086184
"11125",0.989231894431784,0.0107681055682165
"11126",0.913633491039068,0.0863665089609324
"11127",0.997836776963819,0.00216322303618128
"11128",0.995262853612092,0.00473714638790825
"11129",0.99752762419581,0.00247237580418963
"11130",0.988643885045766,0.0113561149542336
"11131",0.995935731252779,0.00406426874722119
"11132",0.996509598040629,0.00349040195937071
"11133",0.996676371056659,0.00332362894334079
"11134",0.97968883830668,0.0203111616933197
"11135",0.994573285999185,0.00542671400081538
"11136",0.997615046218138,0.00238495378186215
"11137",0.990435365829453,0.00956463417054682
"11138",0.997468613071465,0.00253138692853465
"11139",0.990459884579613,0.00954011542038657
"11140",0.99826503996764,0.00173496003235991
"11141",0.975481765221465,0.0245182347785349
"11142",0.995480685114645,0.00451931488535448
"11143",0.997375015281412,0.00262498471858756
"11144",0.998092503870703,0.00190749612929697
"11145",0.996211626025945,0.00378837397405524
"11146",0.996415179372492,0.00358482062750813
"11147",0.990582207894469,0.00941779210553113
"11148",0.997726538739133,0.00227346126086669
"11149",0.995876450953098,0.00412354904690261
"11150",0.99825767767111,0.00174232232888982
"11151",0.996818762616188,0.0031812373838124
"11152",0.994786845146823,0.00521315485317675
"11153",0.242805281659349,0.757194718340651
"11154",0.998276767631584,0.00172323236841568
"11155",0.995473410202312,0.00452658979768791
"11156",0.997440688049609,0.00255931195039118
"11157",0.93236332368928,0.0676366763107202
"11158",0.996376346991079,0.00362365300892077
"11159",0.998289298681433,0.00171070131856732
"11160",0.988720547546275,0.0112794524537255
"11161",0.995654534035928,0.00434546596407181
"11162",0.998320386484811,0.00167961351518921
"11163",0.997908486014774,0.00209151398522599
"11164",0.992875039515125,0.00712496048487473
"11165",0.995165402235689,0.00483459776431061
"11166",0.998134086140746,0.00186591385925377
"11167",0.994284585114593,0.00571541488540746
"11168",0.990678893307271,0.00932110669272861
"11169",0.99728635256076,0.00271364743923967
"11170",0.00262065756950621,0.997379342430494
"11171",0.98182222360358,0.01817777639642
"11172",0.992301965958767,0.0076980340412333
"11173",0.987605792699759,0.0123942073002409
"11174",0.000826868324634751,0.999173131675365
"11175",0.997174349626767,0.00282565037323281
"11176",0.903294034076977,0.0967059659230231
"11177",0.993758785978993,0.00624121402100673
"11178",0.9950798369555,0.00492016304449972
"11179",0.996164963070091,0.00383503692990872
"11180",0.997789827075014,0.00221017292498639
"11181",0.994493615320774,0.0055063846792257
"11182",0.48048368010482,0.51951631989518
"11183",0.982144143733361,0.0178558562666391
"11184",0.992031929730812,0.00796807026918791
"11185",0.990833348325328,0.00916665167467171
"11186",0.995645871772162,0.00435412822783815
"11187",0.996135884043925,0.00386411595607536
"11188",0.99476475343454,0.00523524656546029
"11189",0.996746642918627,0.00325335708137342
"11190",0.988037343088065,0.0119626569119352
"11191",0.996297451943534,0.00370254805646577
"11192",0.997640006311323,0.00235999368867725
"11193",0.997464362363528,0.00253563763647207
"11194",0.994792156494227,0.00520784350577267
"11195",0.96068010909639,0.0393198909036095
"11196",0.998136737662001,0.00186326233799901
"11197",0.992717691712355,0.00728230828764487
"11198",0.995350026965433,0.00464997303456685
"11199",0.994987502450934,0.00501249754906594
"11200",0.997496697347493,0.00250330265250641
"11201",0.990946908627424,0.00905309137257609
"11202",0.995476003381196,0.00452399661880406
"11203",0.951107292508335,0.0488927074916654
"11204",0.981585927474466,0.0184140725255341
"11205",0.995423989372832,0.00457601062716835
"11206",0.854194793148414,0.145805206851586
"11207",0.994676916903752,0.00532308309624743
"11208",0.992297014065614,0.00770298593438603
"11209",0.996037466740412,0.00396253325958762
"11210",0.994943537146722,0.00505646285327756
"11211",0.998308438262512,0.00169156173748826
"11212",0.997741955863855,0.00225804413614506
"11213",0.998405251489205,0.00159474851079515
"11214",0.994412475273592,0.00558752472640768
"11215",0.996805559547773,0.00319444045222754
"11216",0.948718162070579,0.0512818379294212
"11217",0.984499875950172,0.0155001240498281
"11218",0.996903620644872,0.00309637935512771
"11219",0.995649906601672,0.00435009339832806
"11220",0.994392315504836,0.00560768449516355
"11221",0.970224336854401,0.0297756631455988
"11222",0.998314135089808,0.00168586491019203
"11223",0.995072213186819,0.00492778681318101
"11224",0.988046336494278,0.0119536635057215
"11225",0.581716788535724,0.418283211464276
"11226",0.996317741421083,0.00368225857891738
"11227",0.997014016300601,0.00298598369939889
"11228",0.987782068682856,0.0122179313171443
"11229",0.99378193205221,0.0062180679477905
"11230",0.992400439041185,0.00759956095881488
"11231",0.993905753723917,0.00609424627608314
"11232",0.996287249663863,0.00371275033613737
"11233",0.987748178852425,0.0122518211475753
"11234",0.997109975551005,0.00289002444899516
"11235",0.971213606967156,0.0287863930328442
"11236",0.9968814749721,0.00311852502789959
"11237",0.997102647000028,0.00289735299997167
"11238",0.998020904418088,0.00197909558191227
"11239",0.995384669519488,0.0046153304805117
"11240",0.996605525387069,0.00339447461293083
"11241",0.99691455364112,0.00308544635887979
"11242",0.991841419307077,0.00815858069292299
"11243",0.978881684849726,0.0211183151502737
"11244",0.993124173852846,0.00687582614715381
"11245",0.993113688103587,0.00688631189641335
"11246",0.972520614378992,0.0274793856210082
"11247",0.996474300691572,0.00352569930842846
"11248",0.998014975930894,0.00198502406910552
"11249",0.993631773340888,0.00636822665911168
"11250",0.998044627010603,0.00195537298939669
"11251",0.995475412050184,0.00452458794981609
"11252",0.994204020578162,0.00579597942183775
"11253",0.993967591635833,0.00603240836416729
"11254",0.997475044167987,0.00252495583201255
"11255",0.997549056279385,0.00245094372061503
"11256",0.995728983407674,0.00427101659232594
"11257",0.996573024744148,0.00342697525585241
"11258",0.995546742528465,0.00445325747153503
"11259",0.9831978674468,0.0168021325532002
"11260",0.998210299345998,0.00178970065400243
"11261",0.997808162533229,0.00219183746677117
"11262",0.997250687454283,0.00274931254571719
"11263",0.995365974019815,0.00463402598018532
"11264",0.376722331064859,0.623277668935141
"11265",0.998131759891524,0.00186824010847645
"11266",0.996554719476825,0.00344528052317484
"11267",0.997796453215609,0.00220354678439133
"11268",0.998303965709452,0.00169603429054767
"11269",0.994429904000429,0.00557009599957075
"11270",0.995105975737316,0.00489402426268407
"11271",0.997506095209138,0.00249390479086204
"11272",0.993608749564549,0.00639125043545053
"11273",0.996731780813509,0.00326821918649049
"11274",0.990323363859125,0.00967663614087502
"11275",0.997778882656945,0.0022211173430549
"11276",0.99819807869477,0.00180192130522984
"11277",0.990222543605192,0.00977745639480824
"11278",0.995444962410553,0.00455503758944645
"11279",0.998160068757226,0.00183993124277423
"11280",0.503219756480912,0.496780243519088
"11281",0.963670231684651,0.0363297683153491
"11282",0.995245771936189,0.00475422806381127
"11283",0.993431742024944,0.00656825797505641
"11284",0.998071259733018,0.00192874026698154
"11285",0.993048549012758,0.00695145098724191
"11286",0.955635398267422,0.0443646017325779
"11287",0.99704035152199,0.00295964847801024
"11288",0.972059972504436,0.0279400274955638
"11289",0.99726742419027,0.00273257580973001
"11290",0.99840420214709,0.0015957978529096
"11291",0.994029546696011,0.00597045330398927
"11292",0.996092877333203,0.00390712266679708
"11293",0.983803652833872,0.0161963471661277
"11294",0.99076361381555,0.00923638618445047
"11295",0.991099441005619,0.00890055899438052
"11296",0.994456881903089,0.00554311809691061
"11297",0.998062166639406,0.00193783336059438
"11298",0.996675702129912,0.00332429787008819
"11299",0.99039088128727,0.00960911871272962
"11300",0.995336027241815,0.00466397275818546
"11301",0.997904742075377,0.00209525792462248
"11302",0.998345903463947,0.00165409653605263
"11303",0.984438045253952,0.0155619547460483
"11304",0.947349460317412,0.0526505396825876
"11305",0.989496565591634,0.0105034344083661
"11306",0.926008183081592,0.073991816918408
"11307",0.997746033867542,0.00225396613245837
"11308",0.995810353442706,0.00418964655729422
"11309",0.995603195879183,0.00439680412081678
"11310",0.996532885160592,0.00346711483940785
"11311",0.995139273296374,0.00486072670362562
"11312",0.996225833885045,0.00377416611495481
"11313",0.998188587929664,0.00181141207033629
"11314",0.993326463787917,0.00667353621208263
"11315",0.987478689774431,0.0125213102255692
"11316",0.996685538085868,0.00331446191413186
"11317",0.997928115090296,0.00207188490970371
"11318",0.995375378473067,0.00462462152693332
"11319",0.997646422662382,0.00235357733761744
"11320",0.997163329166077,0.0028366708339233
"11321",0.965340557923068,0.0346594420769321
"11322",0.917707108515067,0.0822928914849332
"11323",0.998033805466478,0.00196619453352191
"11324",0.961954491526761,0.0380455084732386
"11325",0.99510167561504,0.00489832438496026
"11326",0.993440965763693,0.00655903423630693
"11327",0.993052270096149,0.00694772990385103
"11328",0.978493700115974,0.0215062998840255
"11329",0.0672433270093289,0.932756672990671
"11330",0.995041982255874,0.00495801774412588
"11331",0.980232551095143,0.0197674489048571
"11332",0.992502195612617,0.007497804387383
"11333",0.994889786366103,0.00511021363389655
"11334",0.997750766980686,0.00224923301931366
"11335",0.996362994914177,0.00363700508582321
"11336",0.0418300548534744,0.958169945146526
"11337",0.993162979832138,0.00683702016786175
"11338",0.996433233219315,0.003566766780685
"11339",0.99556763821298,0.00443236178701968
"11340",0.99810142452774,0.00189857547225983
"11341",0.99682058816772,0.00317941183228034
"11342",0.995320681292064,0.00467931870793599
"11343",0.995198285686641,0.00480171431335878
"11344",0.996340373296643,0.00365962670335648
"11345",0.99607379425813,0.00392620574186997
"11346",0.996999547978322,0.00300045202167793
"11347",0.99825217365723,0.0017478263427698
"11348",0.995392965399315,0.00460703460068486
"11349",0.995442180288233,0.00455781971176744
"11350",0.996888225937133,0.00311177406286738
"11351",0.994781055636312,0.00521894436368834
"11352",0.922949197412015,0.0770508025879846
"11353",0.998236016865728,0.0017639831342723
"11354",0.994731503476133,0.0052684965238672
"11355",0.991964822824361,0.00803517717563909
"11356",0.991867459876097,0.00813254012390303
"11357",0.992847367803522,0.00715263219647767
"11358",0.995415652331063,0.00458434766893695
"11359",0.997715261985679,0.00228473801432107
"11360",0.997595267928448,0.00240473207155169
"11361",0.995014948552193,0.00498505144780682
"11362",0.982969732710299,0.0170302672897006
"11363",0.99489626746973,0.00510373253026987
"11364",0.991236986397708,0.00876301360229153
"11365",0.995875613936182,0.00412438606381816
"11366",0.147249765493147,0.852750234506853
"11367",0.994353921212974,0.00564607878702628
"11368",0.995278062235966,0.00472193776403408
"11369",0.994482216962388,0.00551778303761177
"11370",0.990857524787464,0.00914247521253548
"11371",0.702558774466709,0.297441225533291
"11372",0.995542719496314,0.00445728050368567
"11373",0.99564738785328,0.00435261214672007
"11374",0.998195208951363,0.00180479104863659
"11375",0.992759498471771,0.00724050152822882
"11376",0.900562896769069,0.0994371032309313
"11377",0.801989228537883,0.198010771462118
"11378",0.989088909125179,0.0109110908748206
"11379",0.982686018991318,0.0173139810086814
"11380",0.921082796096853,0.0789172039031465
"11381",0.835966303156525,0.164033696843475
"11382",0.99819048749954,0.00180951250045976
"11383",0.995268376582579,0.00473162341742125
"11384",0.996593057319962,0.00340694268003829
"11385",0.997027542014953,0.00297245798504699
"11386",0.995907713245765,0.00409228675423512
"11387",0.99245993325662,0.00754006674338045
"11388",0.989937965929965,0.0100620340700351
"11389",0.989334185601198,0.0106658143988016
"11390",0.995066489629306,0.00493351037069455
"11391",0.995171696460621,0.00482830353937872
"11392",0.637531790033705,0.362468209966295
"11393",0.992060218977534,0.00793978102246603
"11394",0.997653380230957,0.00234661976904327
"11395",0.995108627402639,0.00489137259736126
"11396",0.990915239119621,0.00908476088037922
"11397",0.962529276915847,0.0374707230841526
"11398",0.997717553587149,0.00228244641285149
"11399",0.989690344735217,0.010309655264783
"11400",0.943283597160853,0.0567164028391469
"11401",0.998212451289452,0.00178754871054827
"11402",0.99182986699234,0.00817013300765948
"11403",0.994356937765206,0.00564306223479376
"11404",0.993382380983666,0.00661761901633382
"11405",0.99155546521223,0.00844453478776943
"11406",0.996929740120038,0.00307025987996204
"11407",0.995361777709558,0.0046382222904416
"11408",0.992444060407137,0.00755593959286321
"11409",0.9948694531802,0.00513054681979997
"11410",0.994342569296189,0.00565743070381119
"11411",0.991226760121027,0.008773239878973
"11412",0.994578410824208,0.00542158917579171
"11413",0.963935369889441,0.0360646301105587
"11414",0.993312612767312,0.00668738723268848
"11415",0.996551683133936,0.0034483168660639
"11416",0.994060833184369,0.00593916681563091
"11417",0.996493811810135,0.0035061881898653
"11418",0.99434561864236,0.00565438135763954
"11419",0.995774260062703,0.00422573993729695
"11420",0.997638788481704,0.00236121151829635
"11421",0.997436395915334,0.00256360408466575
"11422",0.996379224942191,0.00362077505780917
"11423",0.997768121823652,0.00223187817634786
"11424",0.991872317082267,0.00812768291773298
"11425",0.993335956780787,0.00666404321921283
"11426",0.998285768974697,0.00171423102530279
"11427",0.991693976222925,0.00830602377707482
"11428",0.997745416833431,0.00225458316656864
"11429",0.998404590534795,0.00159540946520506
"11430",0.992840755667925,0.00715924433207494
"11431",0.998333776634269,0.00166622336573055
"11432",0.987002670305143,0.0129973296948569
"11433",0.996939850948744,0.00306014905125639
"11434",0.996024723177563,0.00397527682243728
"11435",0.99753663895151,0.00246336104849027
"11436",0.995227117681242,0.00477288231875824
"11437",0.994393421135043,0.00560657886495663
"11438",0.99480753351218,0.00519246648782039
"11439",0.995268257127087,0.00473174287291324
"11440",0.993488834838723,0.00651116516127753
"11441",0.995109741097166,0.00489025890283407
"11442",0.997055340929606,0.00294465907039394
"11443",0.989604827511332,0.0103951724886682
"11444",0.996909717565112,0.00309028243488748
"11445",0.996584926845157,0.00341507315484303
"11446",0.998287025246419,0.00171297475358106
"11447",0.987341152717218,0.0126588472827824
"11448",0.971617682626796,0.0283823173732037
"11449",0.996532102173386,0.00346789782661391
"11450",0.998121102743036,0.00187889725696367
"11451",0.998070340224453,0.001929659775547
"11452",0.00729159976853687,0.992708400231463
"11453",0.997135251843968,0.00286474815603153
"11454",0.98097274968254,0.0190272503174596
"11455",0.991477350609497,0.00852264939050269
"11456",0.99523496458533,0.00476503541467002
"11457",0.976876720766776,0.0231232792332234
"11458",0.99652465388357,0.00347534611642948
"11459",0.99532810772405,0.00467189227595028
"11460",0.995691901085654,0.00430809891434637
"11461",0.997571731795044,0.00242826820495637
"11462",0.994199144802789,0.005800855197211
"11463",0.995260670806176,0.00473932919382349
"11464",0.998379071184577,0.00162092881542325
"11465",0.997600160474754,0.00239983952524573
"11466",0.98289127972637,0.0171087202736298
"11467",0.993638362565541,0.00636163743445874
"11468",0.995803952283046,0.004196047716954
"11469",0.973980655965213,0.0260193440347868
"11470",0.995490252227846,0.00450974777215359
"11471",0.997001612448907,0.00299838755109271
"11472",0.977804423179069,0.0221955768209312
"11473",0.99775922798708,0.00224077201291978
"11474",0.995312224055625,0.00468777594437535
"11475",0.995216579693911,0.0047834203060895
"11476",0.996969345791525,0.00303065420847511
"11477",0.996679809576568,0.00332019042343233
"11478",0.991357893581698,0.00864210641830171
"11479",0.978803652722499,0.021196347277501
"11480",0.995375690432327,0.00462430956767295
"11481",0.994756049807226,0.00524395019277363
"11482",0.995422054555611,0.00457794544438937
"11483",0.994335906925906,0.00566409307409353
"11484",0.995516422527066,0.00448357747293384
"11485",0.459531129627565,0.540468870372435
"11486",0.779455329846991,0.220544670153009
"11487",0.989865878653168,0.010134121346832
"11488",0.592253657635977,0.407746342364023
"11489",0.94824947472925,0.0517505252707496
"11490",0.997020627871396,0.00297937212860412
"11491",0.996482026540893,0.00351797345910725
"11492",0.994207739949583,0.00579226005041731
"11493",0.998162030420055,0.00183796957994503
"11494",0.995013410042935,0.00498658995706511
"11495",0.998144899378222,0.00185510062177821
"11496",0.993425179441026,0.00657482055897434
"11497",0.99597615353673,0.00402384646326956
"11498",0.990155969579317,0.00984403042068277
"11499",0.995527758087164,0.00447224191283577
"11500",0.294203601251102,0.705796398748898
"11501",0.997954112745773,0.00204588725422761
"11502",0.996955349858219,0.00304465014178072
"11503",0.277607634308836,0.722392365691164
"11504",0.997623928115364,0.00237607188463609
"11505",0.994029822426206,0.00597017757379386
"11506",0.9980871067509,0.00191289324910002
"11507",0.997943489542364,0.00205651045763582
"11508",0.996231068692072,0.00376893130792788
"11509",0.994647144723721,0.00535285527627913
"11510",0.9232761206481,0.0767238793518997
"11511",0.998013268699966,0.00198673130003437
"11512",0.996948142126824,0.00305185787317645
"11513",0.99829553246204,0.00170446753796044
"11514",0.995922741237467,0.00407725876253282
"11515",0.995768825257265,0.00423117474273473
"11516",0.988901265506187,0.0110987344938132
"11517",0.0020888334180926,0.997911166581907
"11518",0.98843788280966,0.0115621171903404
"11519",0.998215148739235,0.00178485126076529
"11520",0.998029698957872,0.00197030104212819
"11521",0.997970573468732,0.00202942653126795
"11522",0.993603900540764,0.00639609945923611
"11523",0.995917190883283,0.00408280911671655
"11524",0.995279565229599,0.0047204347704006
"11525",0.992903630911183,0.00709636908881719
"11526",0.99430129033723,0.0056987096627703
"11527",0.179522992670101,0.820477007329899
"11528",0.995755108490517,0.004244891509483
"11529",0.991553377934848,0.00844662206515226
"11530",0.997412658644487,0.00258734135551304
"11531",0.9949215212279,0.00507847877209975
"11532",0.995894609764101,0.0041053902358985
"11533",0.99536834874937,0.00463165125062992
"11534",0.994929763493705,0.00507023650629493
"11535",0.99760742638148,0.00239257361852007
"11536",0.998390721795641,0.00160927820435913
"11537",0.984330343594011,0.0156696564059891
"11538",0.99525716033487,0.00474283966512967
"11539",0.997911524787957,0.00208847521204283
"11540",0.995301946427574,0.00469805357242622
"11541",0.996742895199309,0.00325710480069118
"11542",0.997897234863429,0.00210276513657129
"11543",0.039813089768975,0.960186910231025
"11544",0.984961448527284,0.015038551472716
"11545",0.998348912035656,0.00165108796434443
"11546",0.996383104042979,0.00361689595702144
"11547",0.997844816339993,0.00215518366000668
"11548",0.995245970183967,0.00475402981603272
"11549",0.99471480472456,0.00528519527543955
"11550",0.99843369337918,0.00156630662081999
"11551",0.99523687617032,0.00476312382968
"11552",0.979464281978803,0.0205357180211973
"11553",0.0120608041734133,0.987939195826587
"11554",0.0212232424756615,0.978776757524339
"11555",0.937748123994936,0.0622518760050642
"11556",0.988255913004707,0.011744086995293
"11557",0.99777033270532,0.00222966729468042
"11558",0.99756355777523,0.00243644222476995
"11559",0.990798583784176,0.00920141621582425
"11560",0.964219023082614,0.0357809769173861
"11561",0.997912664047889,0.0020873359521113
"11562",0.98786159536299,0.0121384046370104
"11563",0.994849130500997,0.00515086949900287
"11564",0.995568305516813,0.00443169448318722
"11565",0.0765439562973397,0.92345604370266
"11566",0.996387057014525,0.00361294298547475
"11567",0.995396107884002,0.00460389211599768
"11568",0.982858693106735,0.0171413068932652
"11569",0.00256061051641767,0.997439389483582
"11570",0.991709095760581,0.00829090423941907
"11571",0.314756575654946,0.685243424345054
"11572",0.99530779390742,0.00469220609257959
"11573",0.991537445805492,0.00846255419450801
"11574",0.994757946289449,0.00524205371055102
"11575",0.991047771029767,0.00895222897023287
"11576",0.997908104404886,0.0020918955951137
"11577",0.998098249299993,0.00190175070000688
"11578",0.993771974797353,0.00622802520264672
"11579",0.995334510129781,0.00466548987021861
"11580",0.940530739910936,0.0594692600890641
"11581",0.998327104585532,0.00167289541446833
"11582",0.995013713001543,0.00498628699845653
"11583",0.99183454518499,0.00816545481501011
"11584",0.998038510146263,0.00196148985373717
"11585",0.97100701654121,0.0289929834587897
"11586",0.985759871094246,0.0142401289057538
"11587",0.998362093978262,0.00163790602173783
"11588",0.997367040547882,0.00263295945211749
"11589",0.996038065310507,0.00396193468949325
"11590",0.992971929436429,0.00702807056357116
"11591",0.997884902903483,0.00211509709651691
"11592",0.994037495186057,0.00596250481394277
"11593",0.939292148028818,0.0607078519711818
"11594",0.997875001825191,0.00212499817480902
"11595",0.979397740307931,0.0206022596920684
"11596",0.995815586372424,0.00418441362757637
"11597",0.997090702424684,0.00290929757531563
"11598",0.965570712942993,0.034429287057007
"11599",0.9936619565807,0.00633804341930018
"11600",0.987931762611775,0.0120682373882247
"11601",0.99825785901093,0.00174214098907012
"11602",0.998207251863866,0.00179274813613396
"11603",0.998260681659125,0.00173931834087552
"11604",0.993819537213415,0.00618046278658454
"11605",0.998054491815505,0.00194550818449506
"11606",0.994687100783081,0.00531289921691865
"11607",0.994686580307621,0.00531341969237952
"11608",0.991615264435724,0.00838473556427603
"11609",0.995250070107524,0.00474992989247649
"11610",0.996353585514117,0.00364641448588272
"11611",0.997043175931023,0.00295682406897697
"11612",0.997470016855555,0.00252998314444509
"11613",0.995356737579001,0.0046432624209987
"11614",0.993840600998885,0.006159399001115
"11615",0.997872325356352,0.0021276746436485
"11616",0.99519351002928,0.00480648997071975
"11617",0.985796745817935,0.0142032541820652
"11618",0.996837636742654,0.0031623632573464
"11619",0.997159345392655,0.00284065460734516
"11620",0.997333893251087,0.00266610674891297
"11621",0.99755149748308,0.00244850251691978
"11622",0.998128596694216,0.00187140330578353
"11623",0.988664841916201,0.0113351580837992
"11624",0.995464123396766,0.00453587660323382
"11625",0.998427064426732,0.00157293557326758
"11626",0.995858359022444,0.00414164097755641
"11627",0.996917156958661,0.00308284304133865
"11628",0.998347220418445,0.00165277958155493
"11629",0.990954948155537,0.00904505184446284
"11630",0.965309589072371,0.034690410927629
"11631",0.993667905498027,0.0063320945019734
"11632",0.997909961500144,0.00209003849985598
"11633",0.992852696725646,0.00714730327435408
"11634",0.996681716969307,0.00331828303069355
"11635",0.988700146480607,0.0112998535193928
"11636",0.9957422144516,0.00425778554840001
"11637",0.941553509867729,0.0584464901322714
"11638",0.172112659810034,0.827887340189966
"11639",0.991128020763405,0.00887197923659542
"11640",0.993076881104313,0.00692311889568727
"11641",0.995847486225023,0.00415251377497707
"11642",0.889866218862645,0.110133781137355
"11643",0.994177491496856,0.00582250850314352
"11644",0.986891673942069,0.0131083260579314
"11645",0.992872761376297,0.00712723862370261
"11646",0.99113947859851,0.00886052140149018
"11647",0.887920134875509,0.112079865124491
"11648",0.997880635593145,0.00211936440685501
"11649",0.00907143401040671,0.990928565989593
"11650",0.00542352431110084,0.994576475688899
"11651",0.997933754303839,0.0020662456961609
"11652",0.257104370739648,0.742895629260352
"11653",0.996648609140324,0.00335139085967637
"11654",0.0512418630924234,0.948758136907577
"11655",0.977344511282814,0.0226554887171861
"11656",0.997952856156484,0.00204714384351647
"11657",0.980890845428574,0.0191091545714261
"11658",0.996723740749303,0.00327625925069725
"11659",0.997456078198126,0.00254392180187438
"11660",0.996153760074457,0.00384623992554291
"11661",0.995010770060168,0.00498922993983204
"11662",0.998067072712419,0.00193292728758118
"11663",0.996271736121593,0.00372826387840725
"11664",0.998344560162286,0.00165543983771435
"11665",0.996111879589776,0.0038881204102241
"11666",0.998282067114178,0.00171793288582203
"11667",0.996358563080736,0.00364143691926365
"11668",0.996151718701526,0.00384828129847373
"11669",0.994244634286106,0.00575536571389374
"11670",0.996595650566701,0.00340434943329928
"11671",0.990718170262714,0.0092818297372857
"11672",0.994084428355831,0.00591557164416887
"11673",0.997840306362119,0.00215969363788084
"11674",0.988345383260584,0.0116546167394158
"11675",0.9981608856839,0.00183911431609993
"11676",0.997138188596447,0.00286181140355305
"11677",0.99729773430211,0.00270226569789033
"11678",0.998028348942763,0.00197165105723727
"11679",0.992874662952949,0.00712533704705094
"11680",0.828612929299012,0.171387070700988
"11681",0.99506842351706,0.00493157648293976
"11682",0.986471645549076,0.0135283544509244
"11683",0.855839421103502,0.144160578896498
"11684",0.994856926844465,0.00514307315553527
"11685",0.99574038401485,0.00425961598514949
"11686",0.993359677434577,0.00664032256542303
"11687",0.989928566921502,0.0100714330784978
"11688",0.0326638261027235,0.967336173897276
"11689",0.982930089371478,0.0170699106285225
"11690",0.99623728173871,0.00376271826129036
"11691",0.99656600067876,0.00343399932124002
"11692",0.99759129442702,0.00240870557298008
"11693",0.995196857114671,0.00480314288532873
"11694",0.944945828792769,0.0550541712072315
"11695",0.996875363386846,0.00312463661315375
"11696",0.996886492073583,0.00311350792641674
"11697",0.993010532592481,0.00698946740751886
"11698",0.993283821086648,0.00671617891335183
"11699",0.991467729803862,0.00853227019613818
"11700",0.996805793334883,0.00319420666511693
"11701",0.920683039360136,0.0793169606398642
"11702",0.997715786089357,0.00228421391064317
"11703",0.996221846721651,0.00377815327834895
"11704",0.995994865566172,0.00400513443382795
"11705",0.997746888282246,0.00225311171775361
"11706",0.995521734180662,0.00447826581933799
"11707",0.977039561044509,0.0229604389554908
"11708",0.988187558055688,0.0118124419443116
"11709",0.996989909651658,0.00301009034834189
"11710",0.990953549321979,0.00904645067802049
"11711",0.995770363766969,0.00422963623303111
"11712",0.997598877460131,0.00240112253986865
"11713",0.995452743001034,0.00454725699896628
"11714",0.990386251446261,0.00961374855373893
"11715",0.00229195784107028,0.99770804215893
"11716",0.994864715756932,0.00513528424306795
"11717",0.994662014677403,0.00533798532259659
"11718",0.995027918662507,0.00497208133749351
"11719",0.582399478570093,0.417600521429907
"11720",0.991026648443355,0.00897335155664468
"11721",0.988970120605852,0.011029879394148
"11722",0.998034425684091,0.00196557431590902
"11723",0.994151217960787,0.00584878203921348
"11724",0.99684085875267,0.0031591412473297
"11725",0.90366774800402,0.0963322519959804
"11726",0.991965831402859,0.00803416859714098
"11727",0.991406011257447,0.00859398874255277
"11728",0.69594485488786,0.30405514511214
"11729",0.980296361498294,0.0197036385017057
"11730",0.190009395162268,0.809990604837732
"11731",0.989568170281511,0.010431829718489
"11732",0.99257421554375,0.00742578445625002
"11733",0.99542186940415,0.0045781305958497
"11734",0.998112806023439,0.00188719397656067
"11735",0.996156167891958,0.00384383210804175
"11736",0.995446793527613,0.00455320647238747
"11737",0.990283532853723,0.00971646714627663
"11738",0.94937068655938,0.0506293134406204
"11739",0.98985272700034,0.01014727299966
"11740",0.997435155681687,0.00256484431831279
"11741",0.994960372030145,0.00503962796985503
"11742",0.997120890062557,0.00287910993744258
"11743",0.552874532593416,0.447125467406584
"11744",0.997056178132892,0.00294382186710789
"11745",0.997204982580302,0.00279501741969794
"11746",0.9968145242993,0.00318547570069981
"11747",0.993612773998142,0.00638722600185779
"11748",0.944225585722502,0.0557744142774981
"11749",0.984431204940348,0.0155687950596522
"11750",0.920464283469729,0.0795357165302711
"11751",0.995266275443937,0.00473372455606335
"11752",0.992183517754538,0.00781648224546174
"11753",0.989483924636378,0.0105160753636221
"11754",0.996537386337842,0.00346261366215856
"11755",0.996949680280271,0.00305031971972896
"11756",0.996427180179063,0.00357281982093725
"11757",0.989682712276311,0.0103172877236892
"11758",0.9976933762162,0.00230662378379964
"11759",0.993108226392247,0.00689177360775272
"11760",0.99510652897994,0.00489347102005955
"11761",0.995614687552671,0.00438531244732897
"11762",0.0156062306336575,0.984393769366343
"11763",0.995861232035643,0.00413876796435642
"11764",0.99176920165227,0.00823079834772952
"11765",0.997194249909538,0.00280575009046157
"11766",0.995323767963973,0.00467623203602696
"11767",0.992680708186328,0.00731929181367159
"11768",0.99833241333326,0.00166758666674019
"11769",0.996854474473527,0.00314552552647248
"11770",0.995564213853635,0.00443578614636485
"11771",0.99455356658234,0.00544643341766042
"11772",0.994357164579325,0.00564283542067546
"11773",0.997975585143357,0.00202441485664271
"11774",0.437548255056801,0.562451744943199
"11775",0.997552895720102,0.00244710427989827
"11776",0.991989933659379,0.00801006634062133
"11777",0.987496636292325,0.0125033637076751
"11778",0.989740441065585,0.0102595589344147
"11779",0.996142330111664,0.0038576698883362
"11780",0.285318328259167,0.714681671740833
"11781",0.997094635928053,0.00290536407194712
"11782",0.996481854812524,0.00351814518747543
"11783",0.988489307998943,0.0115106920010575
"11784",0.994905206080404,0.00509479391959562
"11785",0.977183780289652,0.0228162197103476
"11786",0.995016467725948,0.00498353227405226
"11787",0.968887556145207,0.031112443854793
"11788",0.997924097660052,0.00207590233994841
"11789",0.997340511386556,0.00265948861344437
"11790",0.996484590462968,0.00351540953703179
"11791",0.995519071086473,0.00448092891352749
"11792",0.996019939270114,0.00398006072988602
"11793",0.991196261202612,0.00880373879738799
"11794",0.978127105889429,0.0218728941105714
"11795",0.994969975290222,0.00503002470977851
"11796",0.995055665862985,0.00494433413701493
"11797",0.800707959651732,0.199292040348268
"11798",0.994307680780432,0.00569231921956804
"11799",0.987888015127216,0.0121119848727841
"11800",0.997123137540207,0.00287686245979329
"11801",0.99807600287591,0.0019239971240898
"11802",0.997299889012018,0.00270011098798226
"11803",0.961564696038258,0.0384353039617422
"11804",0.997333167729106,0.00266683227089381
"11805",0.963971943449369,0.0360280565506312
"11806",0.997582804780579,0.0024171952194208
"11807",0.994048928235578,0.00595107176442141
"11808",0.995292736148702,0.00470726385129759
"11809",0.994840826822932,0.00515917317706804
"11810",0.987610212256451,0.0123897877435491
"11811",0.996947436380824,0.00305256361917644
"11812",0.995003960397705,0.00499603960229501
"11813",0.997695536519597,0.00230446348040341
"11814",0.997883142482108,0.00211685751789167
"11815",0.991641043081905,0.00835895691809459
"11816",0.998329270585687,0.00167072941431322
"11817",0.996147954559739,0.00385204544026121
"11818",0.985078272826914,0.0149217271730865
"11819",0.995260304491928,0.00473969550807181
"11820",0.996943096993453,0.00305690300654692
"11821",0.993134992727952,0.00686500727204802
"11822",0.996347181942653,0.00365281805734712
"11823",0.995494445923198,0.00450555407680241
"11824",0.998215501205581,0.00178449879441929
"11825",0.997911802484663,0.00208819751533667
"11826",0.997696953502319,0.00230304649768067
"11827",0.993500433744738,0.00649956625526218
"11828",0.990433688536207,0.00956631146379273
"11829",0.996822334791726,0.00317766520827449
"11830",0.995230012663106,0.00476998733689445
"11831",0.9975177924321,0.00248220756789967
"11832",0.996522423317443,0.0034775766825572
"11833",0.995920901921284,0.00407909807871628
"11834",0.998022523425813,0.00197747657418726
"11835",0.966747101044085,0.0332528989559153
"11836",0.992879265468098,0.0071207345319022
"11837",0.996025423494605,0.00397457650539488
"11838",0.99573336922272,0.00426663077728031
"11839",0.993828833609092,0.00617116639090819
"11840",0.992975939924089,0.0070240600759112
"11841",0.993063186033641,0.0069368139663585
"11842",0.993895008767426,0.00610499123257412
"11843",0.998147181632153,0.00185281836784707
"11844",0.991496071752838,0.00850392824716157
"11845",0.971328942684894,0.0286710573151057
"11846",0.955584691914443,0.0444153080855572
"11847",0.945230664862587,0.0547693351374126
"11848",0.967862726641781,0.0321372733582189
"11849",0.99525068532251,0.00474931467749053
"11850",0.997491341738545,0.00250865826145494
"11851",0.998210396865918,0.00178960313408157
"11852",0.985243216248057,0.0147567837519427
"11853",0.816471510756937,0.183528489243063
"11854",0.997072621121687,0.00292737887831296
"11855",0.994157775265692,0.00584222473430799
"11856",0.996000582912734,0.0039994170872655
"11857",0.00141559519160981,0.99858440480839
"11858",0.993143987432684,0.0068560125673163
"11859",0.996624107590647,0.00337589240935305
"11860",0.998086249951533,0.001913750048467
"11861",0.997366980704972,0.00263301929502796
"11862",0.997486147498948,0.00251385250105162
"11863",0.990729183432323,0.00927081656767686
"11864",0.984794503171613,0.0152054968283866
"11865",0.995387734120503,0.00461226587949748
"11866",0.998014976126752,0.00198502387324742
"11867",0.117997530111501,0.882002469888499
"11868",0.982991954988396,0.0170080450116036
"11869",0.98794453521186,0.0120554647881399
"11870",0.994535068744527,0.00546493125547346
"11871",0.997165967900805,0.00283403209919469
"11872",0.990473449040022,0.00952655095997765
"11873",0.995421356800554,0.00457864319944613
"11874",0.996916595337035,0.00308340466296494
"11875",0.994479708916502,0.00552029108349846
"11876",0.996186532959466,0.003813467040534
"11877",0.998353044250924,0.00164695574907644
"11878",0.982495272155393,0.0175047278446065
"11879",0.971459842654158,0.0285401573458424
"11880",0.996181167005726,0.00381883299427388
"11881",0.996221070488646,0.00377892951135385
"11882",0.00205152632230921,0.997948473677691
"11883",0.997932151006523,0.00206784899347664
"11884",0.997679345330005,0.00232065466999534
"11885",0.99292872432477,0.00707127567523034
"11886",0.998381152929516,0.00161884707048408
"11887",0.993454236801576,0.00654576319842444
"11888",0.991002696566787,0.00899730343321298
"11889",0.991046366587703,0.00895363341229658
"11890",0.961494832805483,0.0385051671945166
"11891",0.990254487288282,0.00974551271171773
"11892",0.99826295886511,0.00173704113489012
"11893",0.997215628906355,0.00278437109364531
"11894",0.993070860792164,0.00692913920783617
"11895",0.990226279834233,0.00977372016576703
"11896",0.9981507500368,0.00184924996319991
"11897",0.937622816573239,0.0623771834267607
"11898",0.997320480380075,0.00267951961992525
"11899",0.996266249796023,0.00373375020397716
"11900",0.9920740485639,0.00792595143610015
"11901",0.984974889319038,0.0150251106809625
"11902",0.997567179426902,0.00243282057309797
"11903",0.995689765031337,0.00431023496866274
"11904",0.992065029451369,0.00793497054863082
"11905",0.992723440544136,0.00727655945586408
"11906",0.99340694248709,0.00659305751291008
"11907",0.989875679744936,0.0101243202550642
"11908",0.998271433072309,0.00172856692769091
"11909",0.995266129438221,0.0047338705617794
"11910",0.99732914572491,0.00267085427509038
"11911",0.997892731006654,0.00210726899334594
"11912",0.992296981660598,0.00770301833940182
"11913",0.994219783477292,0.00578021652270766
"11914",0.995329723079053,0.00467027692094663
"11915",0.995510742701059,0.00448925729894099
"11916",0.996755632453774,0.00324436754622612
"11917",0.997183171550715,0.00281682844928546
"11918",0.996890895283231,0.00310910471676879
"11919",0.994909502709728,0.00509049729027214
"11920",0.995520782480365,0.00447921751963506
"11921",0.996558386924639,0.00344161307536109
"11922",0.996792030938892,0.0032079690611081
"11923",0.996490114355436,0.0035098856445644
"11924",0.982918939645613,0.017081060354387
"11925",0.994330349944804,0.00566965005519649
"11926",0.994793296325473,0.00520670367452714
"11927",0.997937000893191,0.00206299910680912
"11928",0.992806318292547,0.00719368170745338
"11929",0.992332103910659,0.00766789608934143
"11930",0.996308024124955,0.00369197587504455
"11931",0.995592384634477,0.00440761536552294
"11932",0.993725155895423,0.00627484410457721
"11933",0.998334587027383,0.00166541297261687
"11934",0.993612932850296,0.00638706714970369
"11935",0.995359044818341,0.00464095518165878
"11936",0.970206108468449,0.0297938915315512
"11937",0.989417258084125,0.0105827419158747
"11938",0.997904130177416,0.00209586982258419
"11939",0.99629646581766,0.00370353418234005
"11940",0.998235058511344,0.00176494148865593
"11941",0.993430760861558,0.00656923913844229
"11942",0.99442719054117,0.00557280945883011
"11943",0.991350556306839,0.0086494436931611
"11944",0.996373389474691,0.00362661052530934
"11945",0.972233237172659,0.027766762827341
"11946",0.0110774444840659,0.988922555515934
"11947",0.998310509171165,0.00168949082883531
"11948",0.99743438581558,0.00256561418441962
"11949",0.995632970096892,0.00436702990310783
"11950",0.996062100952642,0.00393789904735802
"11951",0.993004723144766,0.00699527685523437
"11952",0.993404385025053,0.00659561497494735
"11953",0.997586761812032,0.00241323818796757
"11954",0.998176282541894,0.00182371745810586
"11955",0.991539910883635,0.00846008911636469
"11956",0.997266889066142,0.00273311093385805
"11957",0.98345154189416,0.0165484581058403
"11958",0.997324256032345,0.00267574396765509
"11959",0.995481398555941,0.00451860144405859
"11960",0.998214767639381,0.00178523236061857
"11961",0.997711194139354,0.00228880586064586
"11962",0.996929054516465,0.00307094548353491
"11963",0.993312665620952,0.00668733437904803
"11964",0.989748072515609,0.0102519274843914
"11965",0.997547310452781,0.00245268954721855
"11966",0.996144793949395,0.00385520605060494
"11967",0.998251216942343,0.00174878305765657
"11968",0.963915875595195,0.0360841244048053
"11969",0.998192358205459,0.00180764179454134
"11970",0.998179743180049,0.00182025681995066
"11971",0.998252917580388,0.00174708241961168
"11972",0.997218306707065,0.00278169329293524
"11973",0.998415258314676,0.00158474168532364
"11974",0.996997217613988,0.00300278238601183
"11975",0.996477535854654,0.00352246414534625
"11976",0.985450124807043,0.0145498751929575
"11977",0.993721021606577,0.00627897839342306
"11978",0.992328382295266,0.00767161770473417
"11979",0.996030241242396,0.00396975875760433
"11980",0.998252578055615,0.00174742194438516
"11981",0.991621427099293,0.00837857290070674
"11982",0.997037469870952,0.00296253012904819
"11983",0.99454566684774,0.00545433315226042
"11984",0.994437678730945,0.00556232126905509
"11985",0.990377053796731,0.00962294620326895
"11986",0.572247565803552,0.427752434196448
"11987",0.997250413096825,0.00274958690317527
"11988",0.998042470051307,0.0019575299486933
"11989",0.994174767412273,0.00582523258772666
"11990",0.998043321745014,0.00195667825498603
"11991",0.995364465002606,0.00463553499739377
"11992",0.997479933348961,0.00252006665103875
"11993",0.982696715514665,0.0173032844853346
"11994",0.930744426216808,0.0692555737831923
"11995",0.998381057845348,0.00161894215465207
"11996",0.993434410943027,0.00656558905697285
"11997",0.998314238604565,0.00168576139543451
"11998",0.994035816021274,0.00596418397872647
"11999",0.994629946052117,0.00537005394788314
"12000",0.992802721596073,0.00719727840392711
"12001",0.988188136814272,0.0118118631857282
"12002",0.996362628439738,0.00363737156026175
"12003",0.996954843958712,0.00304515604128788
"12004",0.997425237919403,0.00257476208059715
"12005",0.982004340521731,0.0179956594782691
"12006",0.99532233968239,0.00467766031760969
"12007",0.995366442432721,0.00463355756727872
"12008",0.994428767687651,0.00557123231234941
"12009",0.993182120267838,0.00681787973216163
"12010",0.992801354006114,0.00719864599388547
"12011",0.0924387339831787,0.907561266016821
"12012",0.997761549582893,0.00223845041710743
"12013",0.995443337020322,0.0045566629796779
"12014",0.996739579044506,0.00326042095549419
"12015",0.998374860416098,0.00162513958390232
"12016",0.997681359107608,0.00231864089239236
"12017",0.995362129226602,0.00463787077339844
"12018",0.98613555948591,0.0138644405140897
"12019",0.994570884015141,0.00542911598485904
"12020",0.995512626506183,0.00448737349381676
"12021",0.988731628024947,0.0112683719750534
"12022",0.996160301319095,0.00383969868090483
"12023",0.997900356890689,0.00209964310931104
"12024",0.104050789466701,0.895949210533299
"12025",0.994436676353258,0.00556332364674208
"12026",0.997363526883067,0.00263647311693258
"12027",0.99644530200077,0.00355469799923046
"12028",0.991629149630589,0.00837085036941069
"12029",0.99737649489594,0.00262350510405941
"12030",0.994491297181299,0.00550870281870053
"12031",0.99393235560132,0.00606764439867998
"12032",0.997746807773785,0.00225319222621536
"12033",0.996870474950828,0.00312952504917234
"12034",0.998415258314676,0.00158474168532364
"12035",0.940435614570082,0.0595643854299183
"12036",0.995969211905935,0.00403078809406498
"12037",0.997660284126422,0.00233971587357764
"12038",0.00667230736139919,0.993327692638601
"12039",0.991298588998246,0.00870141100175398
"12040",0.998215248276855,0.00178475172314532
"12041",0.997253147759376,0.00274685224062352
"12042",0.994890973810968,0.00510902618903212
"12043",0.992941668313083,0.0070583316869175
"12044",0.998215561115559,0.00178443888444065
"12045",0.984038465672837,0.0159615343271631
"12046",0.994528194690005,0.00547180530999548
"12047",0.99611424518871,0.00388575481129005
"12048",0.99768466899872,0.00231533100127959
"12049",0.997914632206713,0.00208536779328709
"12050",0.997820678534092,0.00217932146590857
"12051",0.99772298719557,0.0022770128044302
"12052",0.996922445383966,0.0030775546160341
"12053",0.998203837771236,0.00179616222876367
"12054",0.996065377645405,0.00393462235459515
"12055",0.994337791336137,0.00566220866386265
"12056",0.980601386973972,0.0193986130260276
"12057",0.996582916862123,0.00341708313787748
"12058",0.995056749339232,0.00494325066076809
"12059",0.998011426861018,0.00198857313898182
"12060",0.996491632105871,0.00350836789412928
"12061",0.998296430576993,0.00170356942300687
"12062",0.998077833172581,0.00192216682741927
"12063",0.997522003326501,0.00247799667349952
"12064",0.998280438961395,0.00171956103860511
"12065",0.996078296630554,0.00392170336944631
"12066",0.987825211977622,0.0121747880223782
"12067",0.99536519726068,0.00463480273932016
"12068",0.935761475597504,0.064238524402496
"12069",0.9938379591493,0.00616204085070013
"12070",0.992300271783839,0.00769972821616152
"12071",0.995825622985591,0.00417437701440936
"12072",0.995660036099127,0.00433996390087254
"12073",0.996651553466447,0.0033484465335535
"12074",0.986479209239065,0.013520790760935
"12075",0.997986941086216,0.00201305891378434
"12076",0.996931031655993,0.00306896834400745
"12077",0.998192021601452,0.00180797839854778
"12078",0.987910146757782,0.0120898532422179
"12079",0.997675547842975,0.00232445215702486
"12080",0.989198350325081,0.0108016496749192
"12081",0.996516426207563,0.00348357379243671
"12082",0.998403678013234,0.00159632198676624
"12083",0.99545948967396,0.00454051032603962
"12084",0.997725605980935,0.00227439401906547
"12085",0.995492158400748,0.00450784159925188
"12086",0.99653462047397,0.00346537952602994
"12087",0.989440947186526,0.0105590528134738
"12088",0.996571639238675,0.00342836076132495
"12089",0.995317464615069,0.00468253538493128
"12090",0.995870620261228,0.00412937973877153
"12091",0.994426183181916,0.00557381681808434
"12092",0.996959246036067,0.00304075396393317
"12093",0.993595011458707,0.00640498854129293
"12094",0.985291946193248,0.0147080538067519
"12095",0.99745475388493,0.00254524611506966
"12096",0.995764050773898,0.00423594922610226
"12097",0.995759117449304,0.00424088255069571
"12098",0.995984619155604,0.00401538084439558
"12099",0.157776497776211,0.842223502223789
"12100",0.995757180463349,0.00424281953665048
"12101",0.979613331369269,0.0203866686307309
"12102",0.998282497607389,0.00171750239261097
"12103",0.985424665532815,0.0145753344671845
"12104",0.988983369087329,0.0110166309126715
"12105",0.996129669835,0.00387033016499995
"12106",0.998415258314676,0.00158474168532364
"12107",0.990662541760258,0.00933745823974197
"12108",0.988934726275457,0.0110652737245434
"12109",0.978625460064538,0.0213745399354619
"12110",0.996394190027133,0.0036058099728672
"12111",0.996983522561583,0.0030164774384173
"12112",0.982667181017327,0.017332818982673
"12113",0.996379816641549,0.00362018335845057
"12114",0.987147253517136,0.0128527464828642
"12115",0.213501782884402,0.786498217115598
"12116",0.990192907416868,0.00980709258313191
"12117",0.996110252910555,0.00388974708944445
"12118",0.997884647531642,0.00211535246835786
"12119",0.993173650337507,0.00682634966249292
"12120",0.998439312400253,0.00156068759974738
"12121",0.998331364263245,0.00166863573675452
"12122",0.989644475220352,0.0103555247796478
"12123",0.995495419435643,0.00450458056435741
"12124",0.998297447177504,0.00170255282249606
"12125",0.914106229121599,0.0858937708784015
"12126",0.997548548031334,0.00245145196866644
"12127",0.997981940143156,0.00201805985684363
"12128",0.995931420320782,0.00406857967921765
"12129",0.994975244328211,0.00502475567178955
"12130",0.996224754035618,0.00377524596438167
"12131",0.995937607813115,0.00406239218688457
"12132",0.997142749643903,0.00285725035609687
"12133",0.997468241561769,0.00253175843823091
"12134",0.975108717971449,0.0248912820285512
"12135",0.987118493965076,0.0128815060349243
"12136",0.993078742492857,0.00692125750714328
"12137",0.99482040067567,0.00517959932432948
"12138",0.998384543214579,0.00161545678542071
"12139",0.977451125166947,0.0225488748330531
"12140",0.993365244544704,0.00663475545529633
"12141",0.997360596824353,0.00263940317564731
"12142",0.998253241887767,0.00174675811223282
"12143",0.99040049370081,0.00959950629918951
"12144",0.992118571493149,0.00788142850685138
"12145",0.99818701934293,0.00181298065707001
"12146",0.995145468423928,0.00485453157607162
"12147",0.997457034405924,0.00254296559407632
"12148",0.991688470666819,0.00831152933318106
"12149",0.994970276234812,0.00502972376518736
"12150",0.994036356972477,0.00596364302752276
"12151",0.994097752251342,0.00590224774865759
"12152",0.979374411727016,0.0206255882729839
"12153",0.996788475394675,0.00321152460532497
"12154",0.998392230947119,0.00160776905288135
"12155",0.940152426570324,0.0598475734296761
"12156",0.994136291569585,0.00586370843041478
"12157",0.99626264446705,0.00373735553295028
"12158",0.996580813117628,0.00341918688237245
"12159",0.998126107568,0.00187389243200042
"12160",0.995496643850134,0.00450335614986592
"12161",0.990927871527369,0.00907212847263079
"12162",0.00275033270196692,0.997249667298033
"12163",0.987110642098806,0.012889357901194
"12164",0.994773015507514,0.00522698449248586
"12165",0.994935309529878,0.00506469047012181
"12166",0.993544820936652,0.00645517906334758
"12167",0.992324053664813,0.00767594633518673
"12168",0.997656761574347,0.00234323842565315
"12169",0.994672932486018,0.00532706751398243
"12170",0.996711053755635,0.0032889462443655
"12171",0.971192045383612,0.0288079546163874
"12172",0.997773113746029,0.00222688625397122
"12173",0.995798983123311,0.00420101687668916
"12174",0.994526689918927,0.0054733100810725
"12175",0.995514344073042,0.00448565592695817
"12176",0.991183959987572,0.00881604001242843
"12177",0.989088415877664,0.0109115841223355
"12178",0.99500651961822,0.00499348038177971
"12179",0.998092385442542,0.00190761455745784
"12180",0.997567968120479,0.00243203187952114
"12181",0.978742527150378,0.0212574728496219
"12182",0.99710307031366,0.00289692968633984
"12183",0.994822573537075,0.00517742646292535
"12184",0.995578785576075,0.00442121442392478
"12185",0.996904263042865,0.00309573695713479
"12186",0.997350311161948,0.00264968883805192
"12187",0.996807788913267,0.00319221108673297
"12188",0.834725697869028,0.165274302130972
"12189",0.990416118930775,0.00958388106922487
"12190",0.998439092664107,0.00156090733589282
"12191",0.99667138056463,0.00332861943536998
"12192",0.988327170268314,0.0116728297316863
"12193",0.984343212996035,0.0156567870039649
"12194",0.99058528495853,0.00941471504146963
"12195",0.991766557204414,0.0082334427955863
"12196",0.990680538836045,0.0093194611639553
"12197",0.997434929256168,0.00256507074383216
"12198",0.995379578515249,0.00462042148475062
"12199",0.971350279958311,0.0286497200416886
"12200",0.996585416608146,0.00341458339185395
"12201",0.997920744383176,0.00207925561682443
"12202",0.996561174518884,0.00343882548111636
"12203",0.996334441431857,0.00366555856814287
"12204",0.99545171880766,0.00454828119234005
"12205",0.993459446699855,0.00654055330014472
"12206",0.99123122556351,0.00876877443649034
"12207",0.997820152496678,0.00217984750332164
"12208",0.99665224993174,0.00334775006826001
"12209",0.993251891413115,0.00674810858688491
"12210",0.992900347517379,0.00709965248262085
"12211",0.997804230468227,0.00219576953177277
"12212",0.993976113179803,0.0060238868201971
"12213",0.997961041894732,0.00203895810526807
"12214",0.996921346398991,0.00307865360100936
"12215",0.994686695897835,0.00531330410216497
"12216",0.896866695893424,0.103133304106576
"12217",0.993849176524334,0.00615082347566653
"12218",0.0437381626486212,0.956261837351379
"12219",0.997177747085491,0.00282225291450926
"12220",0.721607601379503,0.278392398620497
"12221",0.669582282376043,0.330417717623957
"12222",0.973086035308748,0.0269139646912523
"12223",0.992737512028975,0.00726248797102478
"12224",0.997292522758025,0.00270747724197467
"12225",0.965989717895694,0.0340102821043064
"12226",0.997812628899573,0.002187371100427
"12227",0.976643392616918,0.023356607383082
"12228",0.991370183976325,0.00862981602367519
"12229",0.995220486513225,0.00477951348677504
"12230",0.992958916172336,0.00704108382766432
"12231",0.997580582965179,0.00241941703482082
"12232",0.997127222863258,0.00287277713674171
"12233",0.998057202160383,0.00194279783961735
"12234",0.997015748824134,0.00298425117586639
"12235",0.998433104125478,0.00156689587452154
"12236",0.99791006950365,0.0020899304963503
"12237",0.993091116435055,0.00690888356494511
"12238",0.992753501469202,0.00724649853079833
"12239",0.988159158862513,0.0118408411374866
"12240",0.996938081031877,0.00306191896812304
"12241",0.97299167811939,0.0270083218806098
"12242",0.968443069313015,0.031556930686985
"12243",0.967767941876161,0.0322320581238394
"12244",0.996961264123617,0.00303873587638281
"12245",0.995411620813439,0.00458837918656103
"12246",0.997788570394684,0.00221142960531651
"12247",0.994536848815612,0.00546315118438767
"12248",0.996352447095274,0.00364755290472613
"12249",0.998264827707355,0.00173517229264538
"12250",0.997328819019378,0.00267118098062161
"12251",0.996572443904402,0.00342755609559814
"12252",0.994485603078236,0.00551439692176425
"12253",0.995343443760231,0.00465655623976877
"12254",0.995575099500247,0.00442490049975331
"12255",0.995781068963727,0.00421893103627329
"12256",0.995290067194713,0.00470993280528655
"12257",0.99511491649931,0.00488508350068998
"12258",0.997210448445831,0.00278955155416862
"12259",0.99405307709609,0.00594692290391023
"12260",0.997719505151245,0.00228049484875531
"12261",0.996892291732615,0.00310770826738549
"12262",0.99612327170826,0.00387672829173999
"12263",0.998368386004349,0.001631613995651
"12264",0.996557698712657,0.00344230128734272
"12265",0.996387251614472,0.00361274838552784
"12266",0.513358384233887,0.486641615766113
"12267",0.99831594587078,0.00168405412922019
"12268",0.99512530574714,0.00487469425286034
"12269",0.997610061949444,0.00238993805055642
"12270",0.993072193389849,0.00692780661015148
"12271",0.997612717634192,0.00238728236580796
"12272",0.995702007206789,0.00429799279321132
"12273",0.987824445944717,0.0121755540552826
"12274",0.998202710493613,0.00179728950638712
"12275",0.997692175628311,0.00230782437168945
"12276",0.994443791073774,0.00555620892622573
"12277",0.985572895867225,0.0144271041327751
"12278",0.997406389707779,0.00259361029222107
"12279",0.992518705838214,0.007481294161786
"12280",0.997017046658469,0.00298295334153093
"12281",0.995919780758956,0.00408021924104353
"12282",0.996789184951896,0.00321081504810375
"12283",0.997793604854032,0.00220639514596802
"12284",0.995946288466647,0.00405371153335335
"12285",0.998429070668869,0.00157092933113117
"12286",0.888617720981662,0.111382279018338
"12287",0.996856883926793,0.00314311607320699
"12288",0.994745415200244,0.00525458479975633
"12289",0.996737877981257,0.00326212201874306
"12290",0.0140857477135319,0.985914252286468
"12291",0.997399399143822,0.00260060085617796
"12292",0.995039258247076,0.00496074175292372
"12293",0.997899631947519,0.00210036805248089
"12294",0.997052993633738,0.00294700636626213
"12295",0.983296437304163,0.0167035626958366
"12296",0.997944658803265,0.0020553411967348
"12297",0.998270509763599,0.00172949023640084
"12298",0.995106695494643,0.00489330450535665
"12299",0.99751830741983,0.00248169258016989
"12300",0.998141627096051,0.00185837290394923
"12301",0.994943365320765,0.0050566346792354
"12302",0.996043820492766,0.0039561795072344
"12303",0.996835792597451,0.00316420740254865
"12304",0.994536373618504,0.00546362638149628
"12305",0.997793094784828,0.00220690521517224
"12306",0.993661624890781,0.00633837510921889
"12307",0.993397805735208,0.00660219426479229
"12308",0.994160646390188,0.00583935360981167
"12309",0.997574154629975,0.00242584537002517
"12310",0.992909214351037,0.00709078564896284
"12311",0.995286266576164,0.00471373342383571
"12312",0.993617689683186,0.00638231031681368
"12313",0.99660950000003,0.00339049999997016
"12314",0.229616970793766,0.770383029206234
"12315",0.997863668640389,0.00213633135961092
"12316",0.995977140829504,0.00402285917049619
"12317",0.871082963706056,0.128917036293944
"12318",0.998339585281735,0.00166041471826455
"12319",0.997460907686383,0.00253909231361691
"12320",0.997019502843214,0.0029804971567862
"12321",0.995357314410519,0.00464268558948154
"12322",0.99780886897894,0.0021911310210601
"12323",0.996429241735056,0.00357075826494411
"12324",0.995046401509152,0.00495359849084778
"12325",0.996550098790987,0.00344990120901264
"12326",0.978767880085307,0.0212321199146931
"12327",0.996795527889095,0.00320447211090466
"12328",0.997935684839541,0.00206431516045894
"12329",0.998138577479183,0.00186142252081707
"12330",0.997627688806354,0.00237231119364588
"12331",0.998252950554888,0.00174704944511149
"12332",0.997299238718506,0.0027007612814944
"12333",0.995605677370513,0.00439432262948719
"12334",0.995732914550339,0.00426708544966148
"12335",0.995921325842915,0.00407867415708517
"12336",0.996605536358007,0.00339446364199308
"12337",0.987470727610443,0.0125292723895568
"12338",0.191023802618841,0.808976197381159
"12339",0.978243587274902,0.0217564127250981
"12340",0.937417678428038,0.0625823215719622
"12341",0.990381295565048,0.00961870443495226
"12342",0.996621778434163,0.0033782215658372
"12343",0.98684394921254,0.0131560507874596
"12344",0.990212775842243,0.00978722415775706
"12345",0.996768683769032,0.00323131623096847
"12346",0.99821275168988,0.00178724831012037
"12347",0.996883652488817,0.00311634751118319
"12348",0.812074355883424,0.187925644116576
"12349",0.990869375023929,0.00913062497607147
"12350",0.99306138866264,0.00693861133735999
"12351",0.0606349375154339,0.939365062484566
"12352",0.991688635549394,0.00831136445060617
"12353",0.972240133013375,0.027759866986625
"12354",0.997705644985588,0.00229435501441201
"12355",0.897533806147504,0.102466193852496
"12356",0.997106943858252,0.00289305614174769
"12357",0.995358348057738,0.00464165194226195
"12358",0.991448889813235,0.00855111018676543
"12359",0.991723816570826,0.00827618342917431
"12360",0.932315656928337,0.0676843430716633
"12361",0.998013140559771,0.001986859440229
"12362",0.989748598241279,0.0102514017587213
"12363",0.997503970579607,0.00249602942039304
"12364",0.99544504266326,0.00455495733674009
"12365",0.996284234079049,0.00371576592095091
"12366",0.994331627336507,0.00566837266349244
"12367",0.99510649631672,0.00489350368328031
"12368",0.993077452460825,0.00692254753917535
"12369",0.997612169899347,0.0023878301006533
"12370",0.988769799840625,0.011230200159375
"12371",0.995605458299437,0.00439454170056278
"12372",0.99537086839295,0.00462913160704977
"12373",0.985135671860129,0.0148643281398712
"12374",0.995086961055303,0.00491303894469686
"12375",0.997799147042177,0.00220085295782288
"12376",0.993447863818138,0.00655213618186233
"12377",0.997639931372853,0.00236006862714678
"12378",0.598804068064121,0.401195931935879
"12379",0.997443295220431,0.002556704779569
"12380",0.99562415957585,0.00437584042415055
"12381",0.889179773534033,0.110820226465967
"12382",0.937496421406349,0.0625035785936512
"12383",0.979663003620956,0.0203369963790443
"12384",0.993573281443908,0.00642671855609182
"12385",0.983174928953856,0.0168250710461442
"12386",0.991138937812666,0.00886106218733367
"12387",0.997076115248761,0.00292388475123927
"12388",0.994391402186211,0.00560859781378903
"12389",0.996189633297121,0.00381036670287899
"12390",0.994014668115034,0.0059853318849659
"12391",0.993141919071125,0.0068580809288754
"12392",0.464592094199439,0.535407905800561
"12393",0.99736281748097,0.00263718251902985
"12394",0.995359290148377,0.00464070985162315
"12395",0.995866435814422,0.00413356418557837
"12396",0.996407280702059,0.00359271929794049
"12397",0.986169762364115,0.0138302376358851
"12398",0.991834572035753,0.00816542796424745
"12399",0.997264445321111,0.00273555467888865
"12400",0.998031938214756,0.0019680617852442
"12401",0.998155598443826,0.00184440155617378
"12402",0.997766854247139,0.00223314575286087
"12403",0.99840061351189,0.0015993864881099
"12404",0.998040192974731,0.00195980702526877
"12405",0.997246836174224,0.00275316382577605
"12406",0.992778456426719,0.00722154357328137
"12407",0.995440834595846,0.00455916540415399
"12408",0.99830549512409,0.00169450487590999
"12409",0.997427339433801,0.00257266056619856
"12410",0.997829895358795,0.0021701046412046
"12411",0.997218764797763,0.00278123520223673
"12412",0.997151418119506,0.0028485818804941
"12413",0.0152689033003527,0.984731096699647
"12414",0.997495774335501,0.0025042256644987
"12415",0.998307132560979,0.00169286743902101
"12416",0.995538919867824,0.004461080132176
"12417",0.997243719243271,0.00275628075672887
"12418",0.995550297033729,0.0044497029662707
"12419",0.968035204763301,0.0319647952366994
"12420",0.263081693460317,0.736918306539683
"12421",0.99428378374178,0.00571621625822006
"12422",0.993105175608515,0.00689482439148556
"12423",0.998242916189276,0.00175708381072437
"12424",0.985418112227235,0.0145818877727652
"12425",0.989985424864397,0.0100145751356029
"12426",0.987124637634173,0.0128753623658271
"12427",0.973873975631676,0.0261260243683235
"12428",0.991224207237479,0.00877579276252086
"12429",0.997975013201076,0.00202498679892364
"12430",0.99565484105945,0.00434515894055034
"12431",0.989164936471892,0.0108350635281085
"12432",0.64989188886991,0.35010811113009
"12433",0.998328343046629,0.0016716569533712
"12434",0.993091373948528,0.00690862605147206
"12435",0.996411902171684,0.00358809782831582
"12436",0.985495382165795,0.0145046178342049
"12437",0.99539640803725,0.00460359196275036
"12438",0.996129783916427,0.00387021608357334
"12439",0.995366718538776,0.00463328146122363
"12440",0.992464630372765,0.0075353696272347
"12441",0.996788612383619,0.0032113876163805
"12442",0.981603572567876,0.018396427432124
"12443",0.995693026798862,0.00430697320113775
"12444",0.998330009741198,0.00166999025880208
"12445",0.975591567222933,0.024408432777067
"12446",0.0232841209495251,0.976715879050475
"12447",0.992927338869847,0.00707266113015324
"12448",0.987194085220072,0.0128059147799283
"12449",0.995581811587694,0.00441818841230568
"12450",0.997402195539371,0.00259780446062897
"12451",0.988850442635467,0.0111495573645332
"12452",0.997541081676204,0.00245891832379603
"12453",0.979493562887796,0.0205064371122037
"12454",0.997189068120777,0.00281093187922291
"12455",0.935387907632845,0.0646120923671547
"12456",0.99628090784405,0.00371909215595029
"12457",0.996167387709266,0.00383261229073385
"12458",0.994758596958922,0.00524140304107805
"12459",0.984487173295186,0.0155128267048137
"12460",0.996434156395783,0.00356584360421662
"12461",0.990380186286754,0.00961981371324602
"12462",0.992348155295509,0.00765184470449143
"12463",0.994999507043762,0.00500049295623801
"12464",0.997462296132547,0.00253770386745284
"12465",0.997129966545712,0.00287003345428819
"12466",0.993757242887662,0.00624275711233774
"12467",0.997332889090254,0.00266711090974663
"12468",0.959828478662228,0.040171521337772
"12469",0.996952065813663,0.00304793418633702
"12470",0.998301371702153,0.00169862829784661
"12471",0.993007648838542,0.0069923511614577
"12472",0.958090759300342,0.041909240699658
"12473",0.998173688705933,0.00182631129406682
"12474",0.994339735122935,0.00566026487706517
"12475",0.967175841025907,0.032824158974093
"12476",0.996804457172478,0.00319554282752217
"12477",0.991666848033191,0.00833315196680919
"12478",0.994447059147489,0.00555294085251064
"12479",0.942424892731643,0.0575751072683574
"12480",0.997103957899357,0.00289604210064289
"12481",0.994579101512522,0.00542089848747772
"12482",0.995806623834722,0.00419337616527769
"12483",0.305328619834503,0.694671380165497
"12484",0.991933973660258,0.00806602633974211
"12485",0.995384885785166,0.00461511421483371
"12486",0.956271963052997,0.043728036947003
"12487",0.983632474849688,0.0163675251503123
"12488",0.99391793608325,0.0060820639167498
"12489",0.998186709767591,0.00181329023240843
"12490",0.988525609910609,0.011474390089391
"12491",0.993637351738213,0.00636264826178646
"12492",0.995219290252184,0.00478070974781629
"12493",0.993866227209073,0.00613377279092661
"12494",0.996275306425777,0.00372469357422317
"12495",0.995511114977302,0.00448888502269809
"12496",0.995539208179149,0.00446079182085146
"12497",0.994215926373204,0.00578407362679578
"12498",0.998002282870453,0.00199771712954733
"12499",0.951780984341784,0.0482190156582159
"12500",0.994884566179264,0.00511543382073562
"12501",0.997832038642713,0.00216796135728664
"12502",0.998338834930535,0.00166116506946489
"12503",0.99765786952568,0.00234213047432037
"12504",0.997425992743692,0.0025740072563084
"12505",0.0143240738845729,0.985675926115427
"12506",0.998029992708625,0.00197000729137482
"12507",0.997667536541853,0.00233246345814704
"12508",0.995691981432501,0.00430801856749918
"12509",0.904086735244858,0.0959132647551416
"12510",0.995629204981066,0.00437079501893445
"12511",0.997662194802655,0.00233780519734449
"12512",0.925462604322318,0.0745373956776818
"12513",0.970729958050113,0.0292700419498875
"12514",0.846038914886806,0.153961085113194
"12515",0.995489470612193,0.00451052938780686
"12516",0.982371354255388,0.0176286457446115
"12517",0.995977191079334,0.00402280892066605
"12518",0.992872057800198,0.00712794219980142
"12519",0.984984578663501,0.0150154213364989
"12520",0.996818850929275,0.00318114907072521
"12521",0.994460022139679,0.00553997786032078
"12522",0.991613040518624,0.00838695948137602
"12523",0.993405481964645,0.00659451803535504
"12524",0.99608723274099,0.00391276725900987
"12525",0.998062333174995,0.0019376668250047
"12526",0.995382926336966,0.0046170736630338
"12527",0.995147310612892,0.00485268938710819
"12528",0.723573660348183,0.276426339651817
"12529",0.99439937806227,0.0056006219377302
"12530",0.657772337475402,0.342227662524598
"12531",0.990541794577057,0.00945820542294253
"12532",0.995207456808929,0.00479254319107084
"12533",0.98902934649085,0.01097065350915
"12534",0.997975130826729,0.00202486917327068
"12535",0.975327477105731,0.0246725228942694
"12536",0.994512475391844,0.0054875246081565
"12537",0.995182027947765,0.0048179720522354
"12538",0.99344736224552,0.00655263775448043
"12539",0.997697450480109,0.0023025495198913
"12540",0.995427457412469,0.00457254258753103
"12541",0.996682092192606,0.00331790780739452
"12542",0.997857057094168,0.00214294290583187
"12543",0.987768166282653,0.0122318337173464
"12544",0.993094523572139,0.00690547642786071
"12545",0.996894751647917,0.00310524835208302
"12546",0.9981971039484,0.00180289605159997
"12547",0.997498985852246,0.00250101414775349
"12548",0.99792362042303,0.00207637957696977
"12549",0.991959782894314,0.00804021710568658
"12550",0.993444984114776,0.00655501588522423
"12551",0.994512295132661,0.00548770486733915
"12552",0.965444621900088,0.0345553780999122
"12553",0.947121066047963,0.052878933952037
"12554",0.948381528383385,0.0516184716166145
"12555",0.995612845293915,0.00438715470608508
"12556",0.994809012638297,0.00519098736170336
"12557",0.997256437526497,0.00274356247350311
"12558",0.987384013384763,0.0126159866152368
"12559",0.98621503834792,0.0137849616520804
"12560",0.994741435642267,0.00525856435773339
"12561",0.998292099062179,0.00170790093782144
"12562",0.976046291660916,0.0239537083390843
"12563",0.998241835926156,0.00175816407384412
"12564",0.960652425058705,0.0393475749412947
"12565",0.994030526080015,0.00596947391998515
"12566",0.992384254856231,0.00761574514376926
"12567",0.994402067584168,0.00559793241583167
"12568",0.997919061442704,0.0020809385572956
"12569",0.996729630717659,0.0032703692823408
"12570",0.994900171233207,0.00509982876679286
"12571",0.996330974853028,0.00366902514697212
"12572",0.996449068951685,0.00355093104831549
"12573",0.994810189371458,0.00518981062854203
"12574",0.998457973586884,0.00154202641311576
"12575",0.992862302366125,0.00713769763387542
"12576",0.929848577330974,0.0701514226690261
"12577",0.988824330626741,0.0111756693732594
"12578",0.997449715033468,0.00255028496653218
"12579",0.992500281212917,0.00749971878708303
"12580",0.833416836516793,0.166583163483207
"12581",0.99792139157881,0.00207860842118973
"12582",0.985666282162169,0.0143337178378306
"12583",0.918536652759528,0.0814633472404725
"12584",0.98953187973346,0.0104681202665396
"12585",0.991282156487265,0.00871784351273455
"12586",0.993844861252626,0.00615513874737416
"12587",0.995138578248124,0.00486142175187622
"12588",0.993285257317276,0.00671474268272397
"12589",0.998391270506269,0.00160872949373059
"12590",0.994639892102389,0.00536010789761125
"12591",0.997440161183622,0.00255983881637829
"12592",0.984267921939849,0.0157320780601515
"12593",0.996575272428681,0.00342472757131904
"12594",0.997491702417784,0.00250829758221568
"12595",0.997548560112198,0.00245143988780207
"12596",0.998297310154343,0.00170268984565679
"12597",0.993513459082612,0.00648654091738824
"12598",0.998038182511315,0.00196181748868507
"12599",0.979293234830027,0.0207067651699729
"12600",0.0241471859068377,0.975852814093162
"12601",0.994732498597075,0.00526750140292465
"12602",0.992306442534941,0.0076935574650587
"12603",0.998204953095477,0.00179504690452289
"12604",0.995398753683976,0.00460124631602404
"12605",0.996078602705448,0.0039213972945516
"12606",0.92719227814343,0.0728077218565701
"12607",0.995190757820893,0.00480924217910678
"12608",0.991320638675612,0.0086793613243879
"12609",0.995751446184747,0.00424855381525317
"12610",0.997519278195859,0.00248072180414084
"12611",0.995938236196598,0.00406176380340181
"12612",0.996712166645979,0.00328783335402105
"12613",0.996513697136543,0.00348630286345691
"12614",0.995142347368271,0.0048576526317288
"12615",0.997454546343069,0.00254545365693108
"12616",0.998181848036791,0.00181815196320904
"12617",0.998326578827471,0.00167342117252905
"12618",0.111812437206954,0.888187562793046
"12619",0.997683312867739,0.00231668713226145
"12620",0.994370606889666,0.00562939311033393
"12621",0.997248753296843,0.00275124670315733
"12622",0.997135421612917,0.00286457838708303
"12623",0.997223890684836,0.00277610931516421
"12624",0.669709516738749,0.330290483261251
"12625",0.995507161006645,0.0044928389933553
"12626",0.995055927702664,0.00494407229733554
"12627",0.993482096472645,0.0065179035273545
"12628",0.992783407195303,0.00721659280469705
"12629",0.987300691104168,0.012699308895832
"12630",0.15464796840004,0.84535203159996
"12631",0.998060005199929,0.00193999480007123
"12632",0.998079474020678,0.0019205259793222
"12633",0.994364346195577,0.00563565380442329
"12634",0.99358928722288,0.0064107127771204
"12635",0.998084231662749,0.00191576833725096
"12636",0.996770401071593,0.00322959892840736
"12637",0.995134232968739,0.00486576703126053
"12638",0.917279172936594,0.0827208270634056
"12639",0.995388065479346,0.00461193452065393
"12640",0.828076000558231,0.171923999441769
"12641",0.998098678551051,0.00190132144894849
"12642",0.179854400617584,0.820145599382416
"12643",0.996250784360655,0.00374921563934514
"12644",0.9973176029134,0.00268239708659981
"12645",0.989042249100332,0.0109577508996676
"12646",0.997688280018546,0.00231171998145371
"12647",0.997673632780805,0.00232636721919515
"12648",0.99510715093602,0.00489284906397992
"12649",0.995686312949461,0.00431368705053859
"12650",0.983344122162367,0.0166558778376327
"12651",0.994926887080275,0.00507311291972542
"12652",0.997670742722999,0.00232925727700121
"12653",0.974788383213431,0.025211616786569
"12654",0.992821701408168,0.00717829859183223
"12655",0.992708734089923,0.00729126591007709
"12656",0.997970540430833,0.00202945956916715
"12657",0.992253250770446,0.00774674922955378
"12658",0.998241072642543,0.00175892735745729
"12659",0.984030170463128,0.0159698295368716
"12660",0.980879308111078,0.0191206918889216
"12661",0.875331257084518,0.124668742915482
"12662",0.997142405096809,0.0028575949031906
"12663",0.998223654176583,0.00177634582341704
"12664",0.994865916406142,0.00513408359385789
"12665",0.893530897707204,0.106469102292797
"12666",0.978032786711805,0.0219672132881947
"12667",0.99552211986686,0.00447788013314008
"12668",0.497829462988447,0.502170537011553
"12669",0.982822517552068,0.0171774824479323
"12670",0.994809710409408,0.00519028959059186
"12671",0.984787976473806,0.0152120235261938
"12672",0.994894605266261,0.00510539473373886
"12673",0.998273053246084,0.00172694675391573
"12674",0.995924644694763,0.00407535530523677
"12675",0.99473544709315,0.0052645529068499
"12676",0.996391884994963,0.0036081150050366
"12677",0.998402327893101,0.00159767210689854
"12678",0.987147887954317,0.012852112045683
"12679",0.997312664209839,0.00268733579016053
"12680",0.997800940149962,0.00219905985003821
"12681",0.989270295882286,0.0107297041177137
"12682",0.998121897676098,0.00187810232390243
"12683",0.991345821323729,0.00865417867627121
"12684",0.997591747966484,0.00240825203351569
"12685",0.996503891524096,0.00349610847590383
"12686",0.995569438094332,0.00443056190566773
"12687",0.00442096899566142,0.995579031004339
"12688",0.996727138140093,0.00327286185990694
"12689",0.994803175633538,0.00519682436646162
"12690",0.990992185165352,0.0090078148346474
"12691",0.994104487284996,0.00589551271500418
"12692",0.993097265475739,0.00690273452426083
"12693",0.997405421002246,0.00259457899775345
"12694",0.99517927877923,0.00482072122076975
"12695",0.996896588545577,0.0031034114544228
"12696",0.998211930121915,0.00178806987808535
"12697",0.998368503753323,0.00163149624667742
"12698",0.998174536561475,0.00182546343852497
"12699",0.997450877611284,0.00254912238871646
"12700",0.00417930660765196,0.995820693392348
"12701",0.996440016544521,0.00355998345547922
"12702",0.997165495182595,0.0028345048174048
"12703",0.87550310578303,0.124496894216969
"12704",0.967939263486583,0.0320607365134171
"12705",0.977001625381287,0.0229983746187131
"12706",0.99813617629675,0.0018638237032496
"12707",0.998256941780935,0.00174305821906456
"12708",0.998451091560634,0.00154890843936589
"12709",0.99360558870702,0.00639441129297971
"12710",0.994331046549907,0.00566895345009288
"12711",0.997665565150319,0.00233443484968099
"12712",0.972826621743711,0.0271733782562884
"12713",0.988156853590586,0.0118431464094141
"12714",0.998062661970749,0.00193733802925075
"12715",0.995912488617904,0.00408751138209552
"12716",0.777561224803288,0.222438775196712
"12717",0.992650365601942,0.007349634398058
"12718",0.998163174877351,0.00183682512264951
"12719",0.997559843212248,0.0024401567877519
"12720",0.995052801189572,0.00494719881042788
"12721",0.991075984280784,0.00892401571921573
"12722",0.998112355635532,0.00188764436446771
"12723",0.995797168149448,0.00420283185055186
"12724",0.990873871307496,0.00912612869250361
"12725",0.997633692747927,0.00236630725207308
"12726",0.998077622595009,0.00192237740499102
"12727",0.998166964128109,0.00183303587189087
"12728",0.00444311796091445,0.995556882039086
"12729",0.998128122970938,0.00187187702906182
"12730",0.995839497667347,0.00416050233265261
"12731",0.998378895220839,0.00162110477916065
"12732",0.993089773945459,0.00691022605454118
"12733",0.996504190738433,0.00349580926156729
"12734",0.992508671958659,0.00749132804134124
"12735",0.996795395603188,0.00320460439681185
"12736",0.981632072686206,0.018367927313794
"12737",0.997929094178913,0.00207090582108722
"12738",0.99522582402834,0.00477417597166017
"12739",0.983791735384231,0.0162082646157691
"12740",0.994373110826658,0.00562688917334166
"12741",0.986074933574176,0.0139250664258242
"12742",0.995239563072751,0.00476043692724869
"12743",0.994249351503562,0.00575064849643814
"12744",0.997841467222081,0.00215853277791945
"12745",0.993817028478617,0.00618297152138295
"12746",0.998222429504279,0.00177757049572109
"12747",0.998218709413384,0.00178129058661621
"12748",0.982729638788579,0.0172703612114206
"12749",0.996238197503123,0.0037618024968767
"12750",0.996876493461766,0.00312350653823429
"12751",0.99804181259552,0.00195818740448023
"12752",0.936570691903994,0.0634293080960064
"12753",0.998367183067912,0.00163281693208766
"12754",0.872437570885835,0.127562429114165
"12755",0.994644447543235,0.00535555245676486
"12756",0.995111163218229,0.00488883678177075
"12757",0.00457631275742478,0.995423687242575
"12758",0.998220419580727,0.00177958041927333
"12759",0.992591967864416,0.00740803213558367
"12760",0.993923401050319,0.00607659894968059
"12761",0.993295368012563,0.00670463198743723
"12762",0.995412463281307,0.00458753671869265
"12763",0.531880775295826,0.468119224704174
"12764",0.998204362773371,0.00179563722662895
"12765",0.989121263968988,0.0108787360310123
"12766",0.762008923412067,0.237991076587933
"12767",0.970383981798015,0.0296160182019847
"12768",0.995296318257302,0.00470368174269787
"12769",0.954698966797685,0.045301033202315
"12770",0.996169260888588,0.00383073911141162
"12771",0.997403707046994,0.00259629295300636
"12772",0.995571465229216,0.00442853477078413
"12773",0.987569933371794,0.0124300666282064
"12774",0.980058584145687,0.0199414158543128
"12775",0.994427826330072,0.00557217366992841
"12776",0.998193396681711,0.00180660331828925
"12777",0.997248691174166,0.0027513088258336
"12778",0.448239938910619,0.551760061089381
"12779",0.994021157214964,0.00597884278503551
"12780",0.980625917739358,0.0193740822606421
"12781",0.994174955909683,0.00582504409031679
"12782",0.040967482820109,0.959032517179891
"12783",0.97241600923482,0.0275839907651799
"12784",0.0769954360657747,0.923004563934225
"12785",0.974126412440517,0.0258735875594828
"12786",0.997570457117265,0.00242954288273488
"12787",0.994362630911165,0.00563736908883534
"12788",0.816749085908971,0.183250914091029
"12789",0.996195157618136,0.00380484238186438
"12790",0.997957455655528,0.00204254434447188
"12791",0.993182235454281,0.00681776454571942
"12792",0.789759919350413,0.210240080649587
"12793",0.622517818492539,0.377482181507461
"12794",0.982554433095784,0.0174455669042155
"12795",0.989080116830728,0.0109198831692722
"12796",0.998444961575654,0.00155503842434642
"12797",0.998240379192508,0.00175962080749168
"12798",0.996669781280636,0.00333021871936367
"12799",0.00374049875540944,0.996259501244591
"12800",0.995276052400813,0.00472394759918644
"12801",0.97022606608102,0.0297739339189795
"12802",0.995999948998937,0.00400005100106279
"12803",0.929015362065451,0.0709846379345487
"12804",0.996667146695131,0.00333285330486884
"12805",0.998398776856829,0.0016012231431708
"12806",0.988311517563758,0.0116884824362415
"12807",0.894348875383323,0.105651124616677
"12808",0.00358451679361135,0.996415483206389
"12809",0.990809819309993,0.00919018069000738
"12810",0.00387127029250074,0.996128729707499
"12811",0.00126828094007083,0.998731719059929
"12812",0.995385964285298,0.00461403571470241
"12813",0.976441269247489,0.0235587307525111
"12814",0.989818772843275,0.0101812271567248
"12815",0.997806496094535,0.00219350390546465
"12816",0.735429796273287,0.264570203726713
"12817",0.995084360315535,0.00491563968446497
"12818",0.996521974547414,0.00347802545258579
"12819",0.99712100475189,0.00287899524810982
"12820",0.997972273636084,0.00202772636391574
"12821",0.991613575084418,0.00838642491558182
"12822",0.99748499176359,0.00251500823640971
"12823",0.994991957236608,0.00500804276339157
"12824",0.997454772235826,0.00254522776417393
"12825",0.994541453757796,0.00545854624220414
"12826",0.988164121020125,0.0118358789798756
"12827",0.998217873587272,0.00178212641272812
"12828",0.997121365447304,0.0028786345526958
"12829",0.998048126760313,0.00195187323968725
"12830",0.994416136035421,0.00558386396457912
"12831",0.997532005132095,0.0024679948679051
"12832",0.977697497941341,0.0223025020586593
"12833",0.992860753350032,0.00713924664996777
"12834",0.995261621838974,0.00473837816102551
"12835",0.996054416952321,0.00394558304767857
"12836",0.992749490998818,0.00725050900118237
"12837",0.992487775776273,0.00751222422372714
"12838",0.998207269849139,0.00179273015086078
"12839",0.938342031591196,0.0616579684088044
"12840",0.996394952558816,0.00360504744118443
"12841",0.997647312690918,0.00235268730908237
"12842",0.996911846290346,0.00308815370965389
"12843",0.996247471461333,0.00375252853866708
"12844",0.992089454007913,0.00791054599208738
"12845",0.987702825607325,0.0122971743926751
"12846",0.99265360445072,0.00734639554927948
"12847",0.979209459450557,0.0207905405494432
"12848",0.996942589658888,0.00305741034111184
"12849",0.997999243878943,0.00200075612105733
"12850",0.998207377822629,0.00179262217737104
"12851",0.998441214068115,0.00155878593188528
"12852",0.994907664955267,0.0050923350447329
"12853",0.998198167093276,0.00180183290672421
"12854",0.995756973232882,0.00424302676711805
"12855",0.996131360182483,0.0038686398175172
"12856",0.996150734228945,0.00384926577105475
"12857",0.997644165227522,0.00235583477247837
"12858",0.896566672687495,0.103433327312505
"12859",0.996305701208495,0.00369429879150553
"12860",0.996372943682233,0.0036270563177675
"12861",0.989546658442842,0.0104533415571578
"12862",0.907154777943864,0.0928452220561366
"12863",0.99750277596414,0.00249722403585964
"12864",0.996740529547756,0.00325947045224427
"12865",0.000687922670393641,0.999312077329606
"12866",0.995142105447027,0.00485789455297311
"12867",0.294487688076212,0.705512311923788
"12868",0.997866366452941,0.00213363354705874
"12869",0.994691889192964,0.00530811080703587
"12870",0.932815622844095,0.0671843771559044
"12871",0.996480491196854,0.00351950880314614
"12872",0.9976720263892,0.00232797361079986
"12873",0.997910957266838,0.00208904273316183
"12874",0.993145650957589,0.00685434904241063
"12875",0.99790055561091,0.00209944438909029
"12876",0.998405683423534,0.00159431657646599
"12877",0.997496651188027,0.00250334881197279
"12878",0.997729332454546,0.00227066754545363
"12879",0.99508597134034,0.00491402865966002
"12880",0.997634547935839,0.00236545206416125
"12881",0.998192632949803,0.00180736705019705
"12882",0.995795513607164,0.00420448639283562
"12883",0.993090509887446,0.0069094901125544
"12884",0.997265467559658,0.00273453244034176
"12885",0.203086580043772,0.796913419956228
"12886",0.99332842834438,0.00667157165562
"12887",0.588938169673255,0.411061830326745
"12888",0.994558428785199,0.00544157121480059
"12889",0.998015210367489,0.00198478963251076
"12890",0.998296046783091,0.00170395321690944
"12891",0.898573207178561,0.101426792821439
"12892",0.994845167895371,0.00515483210462925
"12893",0.98852969145336,0.0114703085466399
"12894",0.995215787118743,0.00478421288125651
"12895",0.998415258314676,0.00158474168532364
"12896",0.990159049923051,0.00984095007694892
"12897",0.962274085426695,0.0377259145733049
"12898",0.998397276459633,0.00160272354036701
"12899",0.942428760535268,0.0575712394647317
"12900",0.997244297240393,0.0027557027596066
"12901",0.993770884197243,0.00622911580275687
"12902",0.994637831524814,0.00536216847518555
"12903",0.994646756254115,0.00535324374588457
"12904",0.993538514027804,0.00646148597219631
"12905",0.990380420026397,0.00961957997360337
"12906",0.996648681791339,0.00335131820866065
"12907",0.997646120645876,0.00235387935412361
"12908",0.996873111700561,0.00312688829943884
"12909",0.929343177478822,0.0706568225211783
"12910",0.995356402385614,0.00464359761438612
"12911",0.99391392193392,0.0060860780660798
"12912",0.995135833643355,0.00486416635664485
"12913",0.000852232696292044,0.999147767303708
"12914",0.997070503484851,0.00292949651514855
"12915",0.993360644949216,0.00663935505078451
"12916",0.995429630225188,0.00457036977481157
"12917",0.998123427924552,0.00187657207544766
"12918",0.995400014119346,0.00459998588065356
"12919",0.996604281977769,0.00339571802223155
"12920",0.996803520210515,0.00319647978948492
"12921",0.961392621380392,0.0386073786196083
"12922",0.224347274297775,0.775652725702225
"12923",0.00301902576704057,0.996980974232959
"12924",0.997600154339715,0.00239984566028481
"12925",0.994912575396949,0.00508742460305094
"12926",0.997741385245477,0.00225861475452308
"12927",0.995059440197391,0.00494055980260869
"12928",0.997156330401785,0.00284366959821493
"12929",0.996087084460681,0.0039129155393194
"12930",0.460477473518309,0.539522526481691
"12931",0.964501568912453,0.0354984310875471
"12932",0.993249285097642,0.00675071490235833
"12933",0.996045848924072,0.00395415107592798
"12934",0.998260854647409,0.00173914535259076
"12935",0.990281139540672,0.00971886045932808
"12936",0.99753366954071,0.00246633045928991
"12937",0.973330495036246,0.0266695049637544
"12938",0.99102443193867,0.00897556806132978
"12939",0.995911514410139,0.00408848558986107
"12940",0.994795513555426,0.00520448644457364
"12941",0.997428482479866,0.00257151752013357
"12942",0.996962810112484,0.00303718988751552
"12943",0.997322853539566,0.00267714646043351
"12944",0.99731379002878,0.00268620997122036
"12945",0.997033837667639,0.00296616233236095
"12946",0.994209570601719,0.00579042939828136
"12947",0.991808308827546,0.00819169117245454
"12948",0.996583487461924,0.0034165125380756
"12949",0.996443426785311,0.00355657321468884
"12950",0.392188743078711,0.607811256921289
"12951",0.995881152255574,0.00411884774442613
"12952",0.979583410169421,0.0204165898305787
"12953",0.890287010648022,0.109712989351978
"12954",0.0306536712210255,0.969346328778975
"12955",0.997642178394179,0.00235782160582136
"12956",0.893803887109984,0.106196112890016
"12957",0.997583594836652,0.00241640516334766
"12958",0.986048794578899,0.0139512054211008
"12959",0.994084559775754,0.00591544022424564
"12960",0.821960525091018,0.178039474908982
"12961",0.996417950817342,0.00358204918265804
"12962",0.994663096921878,0.00533690307812191
"12963",0.998199281374599,0.00180071862540109
"12964",0.998088234248405,0.00191176575159473
"12965",0.752163609300885,0.247836390699115
"12966",0.988695758203937,0.0113042417960627
"12967",0.994958755948525,0.0050412440514746
"12968",0.996664711879664,0.00333528812033574
"12969",0.985699484239803,0.014300515760197
"12970",0.996523011972756,0.00347698802724455
"12971",0.998140378350714,0.00185962164928582
"12972",0.998084077644046,0.00191592235595442
"12973",0.980080693897562,0.0199193061024379
"12974",0.994292866519842,0.00570713348015833
"12975",0.986561984902742,0.013438015097258
"12976",0.994330468620144,0.00566953137985619
"12977",0.993116279875865,0.00688372012413478
"12978",0.995460550396427,0.00453944960357296
"12979",0.995667651433347,0.00433234856665311
"12980",0.988110860322807,0.0118891396771927
"12981",0.971558387880437,0.0284416121195627
"12982",0.981463221966096,0.0185367780339038
"12983",0.994946297771702,0.00505370222829766
"12984",0.993250990683845,0.00674900931615454
"12985",0.992979222488797,0.0070207775112028
"12986",0.986226492687943,0.0137735073120566
"12987",0.996350272392189,0.00364972760781072
"12988",0.992240306488819,0.00775969351118139
"12989",0.991245389493937,0.00875461050606342
"12990",0.994314381603734,0.00568561839626621
"12991",0.995431631509323,0.0045683684906775
"12992",0.995407813827314,0.00459218617268616
"12993",0.00714097905533525,0.992859020944665
"12994",0.996725956624496,0.00327404337550399
"12995",0.993398350117824,0.00660164988217582
"12996",0.991313296169086,0.00868670383091401
"12997",0.99555601303986,0.0044439869601406
"12998",0.00278490824920448,0.997215091750795
"12999",0.998456902997598,0.00154309700240219
"13000",0.997402302394989,0.00259769760501079
"13001",0.997915506545522,0.00208449345447786
"13002",0.992783572834885,0.00721642716511529
"13003",0.997924612473809,0.00207538752619105
"13004",0.998210715341533,0.00178928465846708
"13005",0.997726493441479,0.00227350655852095
"13006",0.994705960850622,0.00529403914937792
"13007",0.994785271930391,0.00521472806960904
"13008",0.997912726754371,0.00208727324562898
"13009",0.980356869745033,0.0196431302549666
"13010",0.996697703882473,0.00330229611752682
"13011",0.998217615464728,0.00178238453527195
"13012",0.992860344758662,0.00713965524133817
"13013",0.994742474931732,0.00525752506826836
"13014",0.99254217853363,0.00745782146637
"13015",0.994984900073071,0.00501509992692925
"13016",0.996601802837779,0.00339819716222139
"13017",0.997308663587771,0.00269133641222905
"13018",0.997823161796824,0.00217683820317574
"13019",0.994866001839589,0.00513399816041068
"13020",0.996014931622296,0.00398506837770364
"13021",0.998006121404377,0.00199387859562298
"13022",0.994712057792018,0.00528794220798147
"13023",0.996535608495097,0.00346439150490265
"13024",0.997340809920607,0.00265919007939347
"13025",0.98342638882465,0.0165736111753498
"13026",0.985672660847714,0.014327339152286
"13027",0.994076233534305,0.00592376646569503
"13028",0.997330535002142,0.00266946499785789
"13029",0.952130288481331,0.0478697115186691
"13030",0.58080907194806,0.41919092805194
"13031",0.998366527469295,0.00163347253070493
"13032",0.977826845385374,0.0221731546146258
"13033",0.997514294448438,0.00248570555156223
"13034",0.996439205355262,0.00356079464473833
"13035",0.996586582822527,0.00341341717747279
"13036",0.99542962794389,0.0045703720561103
"13037",0.994712064487768,0.00528793551223217
"13038",0.995516024616984,0.00448397538301638
"13039",0.940648999261468,0.0593510007385321
"13040",0.997538652650099,0.00246134734990131
"13041",0.994638969056532,0.00536103094346784
"13042",0.991912263205288,0.00808773679471224
"13043",0.977882084468226,0.0221179155317739
"13044",0.23657254106783,0.76342745893217
"13045",0.993183241560527,0.00681675843947306
"13046",0.995513933466932,0.00448606653306855
"13047",0.889900729781798,0.110099270218202
"13048",0.996661226315232,0.00333877368476854
"13049",0.996541253219813,0.00345874678018743
"13050",0.991334261575786,0.00866573842421454
"13051",0.996232708521279,0.00376729147872077
"13052",0.99531099120739,0.00468900879260983
"13053",0.997935478982505,0.00206452101749478
"13054",0.998225334141031,0.00177466585896897
"13055",0.997969284750732,0.00203071524926816
"13056",0.99449063597055,0.00550936402944989
"13057",0.996031194031376,0.00396880596862359
"13058",0.997350619120331,0.00264938087966946
"13059",0.995609178708969,0.00439082129103111
"13060",0.996110696019841,0.0038893039801594
"13061",0.899677084056335,0.100322915943665
"13062",0.992148881751741,0.00785111824825869
"13063",0.989808614081579,0.0101913859184205
"13064",0.901810402464564,0.0981895975354356
"13065",0.993474236994519,0.00652576300548073
"13066",0.995495482117775,0.00450451788222527
"13067",0.00203276081633899,0.997967239183661
"13068",0.990246889489163,0.00975311051083661
"13069",0.993294387231182,0.0067056127688176
"13070",0.996611174380363,0.00338882561963728
"13071",0.862950257527645,0.137049742472355
"13072",0.992306275865825,0.00769372413417533
"13073",0.486866999124564,0.513133000875436
"13074",0.99419927853965,0.00580072146035003
"13075",0.996478455507675,0.00352154449232458
"13076",0.997240108385442,0.00275989161455816
"13077",0.997556010252987,0.0024439897470128
"13078",0.996542895505409,0.00345710449459085
"13079",0.00901273009499952,0.990987269905
"13080",0.993953334358607,0.00604666564139313
"13081",0.992190263075939,0.00780973692406088
"13082",0.981447469147811,0.0185525308521894
"13083",0.996891414139253,0.00310858586074695
"13084",0.986975386289069,0.0130246137109306
"13085",0.995979953410474,0.00402004658952642
"13086",0.998284781830859,0.00171521816914065
"13087",0.996883721937384,0.00311627806261622
"13088",0.993787364052266,0.00621263594773388
"13089",0.994947096044097,0.00505290395590303
"13090",0.996470539122161,0.00352946087783958
"13091",0.987093377935102,0.012906622064898
"13092",0.994189256161743,0.00581074383825684
"13093",0.995545748951609,0.0044542510483913
"13094",0.997634320188437,0.00236567981156344
"13095",0.989832429780854,0.0101675702191457
"13096",0.996893346018981,0.00310665398101883
"13097",0.998029190955614,0.00197080904438546
"13098",0.996784507488344,0.00321549251165619
"13099",0.430364702034639,0.569635297965361
"13100",0.994816502836563,0.00518349716343718
"13101",0.997131397722737,0.00286860227726322
"13102",0.997387656813663,0.00261234318633663
"13103",0.997930866440316,0.00206913355968426
"13104",0.996256508212921,0.00374349178707921
"13105",0.997650035027707,0.00234996497229333
"13106",0.991608913103889,0.00839108689611157
"13107",0.99479724371926,0.00520275628073968
"13108",0.994166753834691,0.00583324616530897
"13109",0.930513365557752,0.0694866344422482
"13110",0.990293773342957,0.00970622665704275
"13111",0.99522105102614,0.00477894897386037
"13112",0.997831610100621,0.00216838989937911
"13113",0.998295012372847,0.00170498762715327
"13114",0.997406623998568,0.00259337600143245
"13115",0.995671149337408,0.00432885066259194
"13116",0.997904210381295,0.00209578961870491
"13117",0.994068629061821,0.00593137093817851
"13118",0.997024454507062,0.00297554549293793
"13119",0.997462461548253,0.00253753845174681
"13120",0.991199094580286,0.00880090541971442
"13121",0.983330076176784,0.0166699238232157
"13122",0.995637376424524,0.00436262357547612
"13123",0.994472161166703,0.00552783883329689
"13124",0.997746956528927,0.00225304347107341
"13125",0.995974081476156,0.0040259185238435
"13126",0.7976341874764,0.2023658125236
"13127",0.995241404288743,0.00475859571125675
"13128",0.995081188392661,0.00491881160733922
"13129",0.996177119747706,0.00382288025229406
"13130",0.997374404650887,0.00262559534911317
"13131",0.981849708945684,0.0181502910543164
"13132",0.886337612772884,0.113662387227116
"13133",0.975480273810656,0.0245197261893435
"13134",0.974912556619032,0.0250874433809681
"13135",0.998202493917321,0.00179750608267888
"13136",0.984716728763194,0.0152832712368062
"13137",0.998220222680466,0.00177977731953368
"13138",0.998303967753456,0.00169603224654398
"13139",0.998422145534229,0.00157785446577136
"13140",0.998318882362876,0.00168111763712426
"13141",0.992147783065816,0.00785221693418382
"13142",0.997505198535242,0.00249480146475762
"13143",0.997894792077627,0.00210520792237297
"13144",0.998134257424221,0.00186574257577893
"13145",0.992840272859422,0.00715972714057761
"13146",0.982066516348081,0.0179334836519193
"13147",0.996894827227145,0.0031051727728546
"13148",0.994979777673,0.00502022232699949
"13149",0.992069058060228,0.00793094193977213
"13150",0.991146374593984,0.00885362540601553
"13151",0.997419255604906,0.00258074439509378
"13152",0.994406754754935,0.00559324524506515
"13153",0.996769736022516,0.00323026397748388
"13154",0.994975058732862,0.00502494126713833
"13155",0.997862475820386,0.00213752417961414
"13156",0.991094321918364,0.00890567808163585
"13157",0.997827367069299,0.00217263293070116
"13158",0.997914417935753,0.00208558206424679
"13159",0.997917931652088,0.00208206834791244
"13160",0.994418666328243,0.00558133367175747
"13161",0.993753799768203,0.00624620023179728
"13162",0.995077333827843,0.00492266617215652
"13163",0.997754516921626,0.00224548307837362
"13164",0.991088034024914,0.00891196597508614
"13165",0.99805406126924,0.00194593873075981
"13166",0.997168044323566,0.00283195567643355
"13167",0.989303442311643,0.0106965576883566
"13168",0.983844110253856,0.0161558897461439
"13169",0.985020539880065,0.0149794601199349
"13170",0.983871724911668,0.0161282750883316
"13171",0.998347919597589,0.00165208040241059
"13172",0.994289262120207,0.00571073787979309
"13173",0.994618852309827,0.00538114769017311
"13174",0.992155520089363,0.00784447991063671
"13175",0.986338117009585,0.0136618829904148
"13176",0.997911919870001,0.00208808012999858
"13177",0.994180352975622,0.00581964702437758
"13178",0.998272171298109,0.00172782870189131
"13179",0.988209095338077,0.0117909046619226
"13180",0.998363957257802,0.0016360427421979
"13181",0.0412032691474912,0.958796730852509
"13182",0.997966577157189,0.00203342284281151
"13183",0.998285130172734,0.00171486982726572
"13184",0.997997542230915,0.00200245776908451
"13185",0.989703762029472,0.0102962379705283
"13186",0.997655665738549,0.002344334261451
"13187",0.995087785420724,0.00491221457927547
"13188",0.994639177417144,0.00536082258285613
"13189",0.99635963933905,0.00364036066094981
"13190",0.99428314595217,0.00571685404783007
"13191",0.997560218903615,0.00243978109638462
"13192",0.997364872725854,0.00263512727414585
"13193",0.997478107860883,0.00252189213911741
"13194",0.997577363119046,0.002422636880954
"13195",0.99797784656568,0.00202215343432016
"13196",0.991223340707594,0.00877665929240559
"13197",0.997965427513377,0.00203457248662302
"13198",0.0359073161841283,0.964092683815872
"13199",0.997006270998857,0.00299372900114346
"13200",0.989909854639121,0.0100901453608791
"13201",0.998456614703113,0.00154338529688734
"13202",0.991395319704547,0.00860468029545321
"13203",0.993948597734334,0.00605140226566565
"13204",0.994635697426359,0.00536430257364124
"13205",0.991634752162638,0.00836524783736159
"13206",0.995696192525543,0.00430380747445715
"13207",0.979960813765375,0.0200391862346254
"13208",0.987234965406924,0.0127650345930756
"13209",0.997082152904396,0.00291784709560368
"13210",0.994611069579283,0.00538893042071747
"13211",0.994256155462816,0.00574384453718367
"13212",0.984181952378947,0.0158180476210526
"13213",0.995326730451028,0.004673269548972
"13214",0.985491665195455,0.0145083348045448
"13215",0.998057361286033,0.00194263871396667
"13216",0.997067449251725,0.0029325507482747
"13217",0.996813093468134,0.00318690653186601
"13218",0.992188049248539,0.00781195075146072
"13219",0.996353766791896,0.00364623320810347
"13220",0.945994155326954,0.0540058446730458
"13221",0.996736047033717,0.00326395296628259
"13222",0.995083634047501,0.00491636595249913
"13223",0.997811712214272,0.0021882877857277
"13224",0.936697616008738,0.063302383991262
"13225",0.996536145371371,0.00346385462862946
"13226",0.995276637678731,0.00472336232126868
"13227",0.982713981888787,0.017286018111213
"13228",0.993927086301042,0.00607291369895749
"13229",0.453478568362075,0.546521431637925
"13230",0.982345517537454,0.0176544824625455
"13231",0.996856491390983,0.00314350860901709
"13232",0.965019567021775,0.0349804329782252
"13233",0.998313581851504,0.00168641814849651
"13234",0.99790383116004,0.0020961688399603
"13235",0.914985046137176,0.0850149538628238
"13236",0.642405355286897,0.357594644713103
"13237",0.989785220108728,0.0102147798912718
"13238",0.997892221621099,0.00210777837890096
"13239",0.971370476509513,0.0286295234904873
"13240",0.942793148061893,0.0572068519381073
"13241",0.993095672840537,0.00690432715946313
"13242",0.98668789286865,0.0133121071313501
"13243",0.424508380470294,0.575491619529706
"13244",0.993678106324994,0.00632189367500633
"13245",0.997830461244877,0.00216953875512279
"13246",0.996482251560713,0.00351774843928668
"13247",0.994838220938733,0.00516177906126715
"13248",0.927307852630652,0.0726921473693485
"13249",0.998415258314676,0.00158474168532364
"13250",0.906162857632734,0.0938371423672663
"13251",0.995935021445635,0.00406497855436465
"13252",0.989112739613255,0.0108872603867447
"13253",0.997116949193417,0.0028830508065827
"13254",0.994917523696704,0.00508247630329592
"13255",0.995208246015372,0.00479175398462815
"13256",0.994452755986385,0.00554724401361536
"13257",0.968796983909061,0.0312030160909393
"13258",0.974207218906384,0.0257927810936158
"13259",0.996327286306535,0.00367271369346489
"13260",0.998354345073218,0.00164565492678162
"13261",0.995979201263509,0.00402079873649107
"13262",0.997594084510778,0.00240591548922189
"13263",0.998248147933655,0.00175185206634523
"13264",0.997336342861365,0.00266365713863543
"13265",0.998350538155209,0.00164946184479048
"13266",0.995280542908399,0.00471945709160103
"13267",0.995978281385695,0.00402171861430447
"13268",0.995736851867016,0.0042631481329834
"13269",0.998384025837569,0.00161597416243057
"13270",0.996211635490615,0.00378836450938536
"13271",0.998085075123148,0.00191492487685154
"13272",0.998174779152464,0.00182522084753562
"13273",0.994111127321826,0.00588887267817374
"13274",0.98455739375862,0.0154426062413805
"13275",0.992316273044569,0.0076837269554307
"13276",0.994555378837321,0.00544462116267918
"13277",0.910663388491702,0.0893366115082983
"13278",0.994465471190666,0.00553452880933404
"13279",0.99746122873963,0.0025387712603701
"13280",0.996775210644199,0.00322478935580119
"13281",0.996339219887551,0.00366078011244923
"13282",0.995132355088557,0.00486764491144291
"13283",0.994807937905175,0.00519206209482475
"13284",0.0888366060131851,0.911163393986815
"13285",0.991481329713961,0.00851867028603878
"13286",0.995298858195929,0.0047011418040713
"13287",0.975040230398814,0.0249597696011858
"13288",0.994542520657186,0.00545747934281431
"13289",0.995064223324665,0.00493577667533536
"13290",0.994005250000396,0.00599474999960403
"13291",0.99584163511169,0.00415836488831037
"13292",0.997493419743565,0.00250658025643506
"13293",0.99564621017985,0.00435378982014983
"13294",0.992773978968518,0.00722602103148223
"13295",0.992587944380796,0.00741205561920372
"13296",0.997840519752724,0.00215948024727592
"13297",0.990173500647472,0.00982649935252815
"13298",0.997374898042164,0.00262510195783612
"13299",0.0163170298855151,0.983682970114485
"13300",0.98797594221215,0.01202405778785
"13301",0.992437526718285,0.00756247328171503
"13302",0.997780001993108,0.00221999800689172
"13303",0.998381396750149,0.00161860324985068
"13304",0.997807701033909,0.00219229896609137
"13305",0.997497875354703,0.002502124645297
"13306",0.996511017756467,0.00348898224353314
"13307",0.968568231128638,0.0314317688713625
"13308",0.823513789437544,0.176486210562456
"13309",0.993882636121461,0.00611736387853893
"13310",0.998262915525371,0.00173708447462862
"13311",0.992156716289239,0.00784328371076078
"13312",0.993693747288572,0.00630625271142854
"13313",0.995677234886876,0.0043227651131239
"13314",0.99667178135531,0.00332821864469034
"13315",0.9934694780178,0.0065305219821999
"13316",0.998358926209904,0.00164107379009607
"13317",0.991837180877715,0.00816281912228501
"13318",0.979006408261661,0.020993591738339
"13319",0.995571001523359,0.00442899847664112
"13320",0.56082041679059,0.43917958320941
"13321",0.994705240691737,0.00529475930826313
"13322",0.998307597731511,0.00169240226848874
"13323",0.993503171783395,0.0064968282166049
"13324",0.00273079341381033,0.99726920658619
"13325",0.997775127913361,0.00222487208663919
"13326",0.99695352434384,0.00304647565616035
"13327",0.998109489126197,0.0018905108738027
"13328",0.99697929311397,0.00302070688603035
"13329",0.992418789537925,0.00758121046207478
"13330",0.998414884463245,0.00158511553675509
"13331",0.984515047980513,0.0154849520194873
"13332",0.990438641849914,0.00956135815008619
"13333",0.992258784381312,0.00774121561868772
"13334",0.995572635874653,0.00442736412534744
"13335",0.997707051969685,0.00229294803031469
"13336",0.998060274463909,0.00193972553609119
"13337",0.997306438738603,0.00269356126139736
"13338",0.991499036569978,0.0085009634300222
"13339",0.964336615890545,0.0356633841094547
"13340",0.991441092040744,0.00855890795925619
"13341",0.970945902506324,0.0290540974936757
"13342",0.983212742800453,0.0167872571995475
"13343",0.991096499308778,0.00890350069122164
"13344",0.992853686424392,0.00714631357560775
"13345",0.967479350866398,0.032520649133602
"13346",0.982037624815708,0.0179623751842923
"13347",0.997267084643801,0.00273291535619853
"13348",0.994368526445996,0.00563147355400376
"13349",0.994873011450566,0.00512698854943383
"13350",0.998285202062083,0.00171479793791706
"13351",0.962418717406031,0.0375812825939691
"13352",0.99575295630708,0.00424704369291966
"13353",0.966144737373597,0.0338552626264026
"13354",0.997331383780502,0.00266861621949834
"13355",0.993300950290931,0.00669904970906916
"13356",0.996278741711581,0.00372125828841855
"13357",0.970152313851761,0.029847686148239
"13358",0.997788551342142,0.00221144865785829
"13359",0.995711833941586,0.00428816605841437
"13360",0.984201885666261,0.0157981143337393
"13361",0.994768864548562,0.00523113545143807
"13362",0.995075330652442,0.00492466934755776
"13363",0.994828804563319,0.00517119543668116
"13364",0.998374283790902,0.00162571620909822
"13365",0.985892468901886,0.0141075310981145
"13366",0.966230471351383,0.0337695286486169
"13367",0.988816509414449,0.0111834905855514
"13368",0.99068287381309,0.00931712618690997
"13369",0.948951428841909,0.0510485711580916
"13370",0.997009944508755,0.00299005549124459
"13371",0.949409608225163,0.0505903917748375
"13372",0.995471385256416,0.00452861474358435
"13373",0.997286551388672,0.00271344861132847
"13374",0.995764338827275,0.00423566117272454
"13375",0.995695306029255,0.00430469397074542
"13376",0.970303043046834,0.0296969569531663
"13377",0.923820065373399,0.0761799346266009
"13378",0.126027925984035,0.873972074015965
"13379",0.9961537010201,0.0038462989799004
"13380",0.99030724541067,0.00969275458932965
"13381",0.990315983451989,0.00968401654801088
"13382",0.928547077525208,0.0714529224747922
"13383",0.997824225500113,0.00217577449988684
"13384",0.997000435671756,0.00299956432824395
"13385",0.997027126931712,0.00297287306828843
"13386",0.990873238998537,0.00912676100146361
"13387",0.990511312860166,0.00948868713983373
"13388",0.996209768492133,0.00379023150786683
"13389",0.988758267969125,0.011241732030875
"13390",0.99449517323582,0.00550482676418006
"13391",0.994717049485274,0.00528295051472629
"13392",0.997615408809119,0.00238459119088096
"13393",0.970968971593702,0.029031028406298
"13394",0.993365636812515,0.00663436318748535
"13395",0.982610935060692,0.0173890649393081
"13396",0.989706422040995,0.0102935779590045
"13397",0.99762193410521,0.00237806589478958
"13398",0.994363828057819,0.00563617194218136
"13399",0.997516828583981,0.00248317141601869
"13400",0.998041254521145,0.00195874547885496
"13401",0.997469087763275,0.00253091223672533
"13402",0.913312787535048,0.0866872124649523
"13403",0.99683284641198,0.00316715358802021
"13404",0.997328201720296,0.00267179827970377
"13405",0.994807303615479,0.00519269638452137
"13406",0.994819553798896,0.00518044620110409
"13407",0.998307674227433,0.00169232577256739
"13408",0.992823949526359,0.00717605047364146
"13409",0.99717927330692,0.00282072669308046
"13410",0.995922195804399,0.00407780419560127
"13411",0.993190247173793,0.0068097528262069
"13412",0.997127528284687,0.00287247171531291
"13413",0.997835898099552,0.00216410190044787
"13414",0.994915433424022,0.00508456657597799
"13415",0.993863862950226,0.00613613704977431
"13416",0.994650571185618,0.00534942881438188
"13417",0.981200866811484,0.0187991331885159
"13418",0.981633380150716,0.0183666198492841
"13419",0.995390966652263,0.00460903334773657
"13420",0.00445022829379004,0.99554977170621
"13421",0.982604172818308,0.0173958271816924
"13422",0.994413858577696,0.00558614142230377
"13423",0.99460957917348,0.00539042082652021
"13424",0.998380903080335,0.00161909691966473
"13425",0.991810759175205,0.00818924082479503
"13426",0.98209303526291,0.0179069647370896
"13427",0.993603226474198,0.00639677352580192
"13428",0.99834489915545,0.00165510084455009
"13429",0.995622195991719,0.00437780400828125
"13430",0.0929680883127162,0.907031911687284
"13431",0.993835027539795,0.00616497246020528
"13432",0.997353628663625,0.00264637133637539
"13433",0.985547403812289,0.0144525961877107
"13434",0.997229448645932,0.00277055135406762
"13435",0.994507397678334,0.00549260232166581
"13436",0.989189913041013,0.0108100869589866
"13437",0.995820982392426,0.00417901760757384
"13438",0.988736602929472,0.0112633970705277
"13439",0.973955922181942,0.0260440778180578
"13440",0.994415628824537,0.0055843711754633
"13441",0.996612161484686,0.00338783851531439
"13442",0.997035484636177,0.00296451536382354
"13443",0.992534574174095,0.00746542582590472
"13444",0.996786650052824,0.00321334994717601
"13445",0.951271546596461,0.0487284534035392
"13446",0.991370117932015,0.00862988206798515
"13447",0.998369121384626,0.00163087861537434
"13448",0.995549594164482,0.00445040583551805
"13449",0.995844581176251,0.00415541882374877
"13450",0.983653667948441,0.0163463320515587
"13451",0.994055425307448,0.00594457469255173
"13452",0.994520631367778,0.00547936863222208
"13453",0.996325417275391,0.00367458272460898
"13454",0.997313341125439,0.00268665887456063
"13455",0.990073744561362,0.0099262554386376
"13456",0.00781324313467287,0.992186756865327
"13457",0.998372266020402,0.00162773397959841
"13458",0.998070044667147,0.00192995533285281
"13459",0.995826470567123,0.00417352943287651
"13460",0.997797314690188,0.00220268530981234
"13461",0.995961854352275,0.00403814564772503
"13462",0.998004408561169,0.00199559143883072
"13463",0.933025089819443,0.0669749101805573
"13464",0.995175825649968,0.00482417435003173
"13465",0.996100420705622,0.00389957929437792
"13466",0.998286862223433,0.00171313777656674
"13467",0.997227888145327,0.00277211185467334
"13468",0.995562223124918,0.00443777687508174
"13469",0.995370176690524,0.00462982330947615
"13470",0.980451626344693,0.0195483736553075
"13471",0.986708740005264,0.0132912599947359
"13472",0.828720539469069,0.171279460530931
"13473",0.986932456765134,0.0130675432348659
"13474",0.993365837146266,0.00663416285373391
"13475",0.924870435544709,0.0751295644552907
"13476",0.998419263532291,0.0015807364677093
"13477",0.989609687063862,0.010390312936138
"13478",0.995325845103787,0.0046741548962128
"13479",0.997302892418438,0.00269710758156249
"13480",0.993627121255481,0.00637287874451867
"13481",0.997927533228369,0.00207246677163056
"13482",0.977297501131417,0.0227024988685829
"13483",0.995698497256358,0.00430150274364213
"13484",0.996190072934917,0.00380992706508309
"13485",0.998214178640223,0.00178582135977655
"13486",0.998100146075268,0.00189985392473227
"13487",0.993631995722321,0.00636800427767924
"13488",0.991732414923405,0.00826758507659472
"13489",0.993450004419121,0.00654999558087876
"13490",0.997392093971592,0.00260790602840839
"13491",0.995687348660316,0.00431265133968362
"13492",0.991854818191976,0.0081451818080238
"13493",0.998166921837943,0.00183307816205655
"13494",0.990118698501738,0.00988130149826226
"13495",0.394987206499982,0.605012793500018
"13496",0.996632289016952,0.00336771098304826
"13497",0.996882649921602,0.00311735007839834
"13498",0.998409887161052,0.00159011283894824
"13499",0.995986873883878,0.00401312611612173
"13500",0.995368078802498,0.00463192119750238
"13501",0.996076047666359,0.00392395233364065
"13502",0.995497745405033,0.00450225459496749
"13503",0.996804219588617,0.0031957804113828
"13504",0.997706673052169,0.00229332694783087
"13505",0.995704765663054,0.00429523433694631
"13506",0.992369896787012,0.00763010321298805
"13507",0.995652214610735,0.00434778538926449
"13508",0.998267386835382,0.00173261316461781
"13509",0.989112138422999,0.0108878615770009
"13510",0.982365126848843,0.0176348731511575
"13511",0.994528167057055,0.00547183294294497
"13512",0.0137937678619083,0.986206232138092
"13513",0.996535769757689,0.00346423024231153
"13514",0.990283186422978,0.00971681357702171
"13515",0.996704336963794,0.00329566303620601
"13516",0.995445361906218,0.00455463809378219
"13517",0.997633941607313,0.00236605839268732
"13518",0.996925664476083,0.00307433552391688
"13519",0.997677642219968,0.00232235778003202
"13520",0.995686679653059,0.00431332034694075
"13521",0.996986139719645,0.00301386028035469
"13522",0.995448741468416,0.00455125853158351
"13523",0.950731024659542,0.0492689753404578
"13524",0.998253934017688,0.00174606598231157
"13525",0.992733886438726,0.00726611356127397
"13526",0.997502533495771,0.00249746650422864
"13527",0.997139678910917,0.00286032108908264
"13528",0.991715684787855,0.00828431521214491
"13529",0.992457445946554,0.00754255405344624
"13530",0.993748814290305,0.00625118570969529
"13531",0.935080134531274,0.0649198654687259
"13532",0.983592179499847,0.016407820500153
"13533",0.996993063285099,0.00300693671490134
"13534",0.995340192090349,0.0046598079096507
"13535",0.994960439702657,0.00503956029734284
"13536",0.995352522428968,0.00464747757103198
"13537",0.996142011999318,0.00385798800068233
"13538",0.981581505222327,0.0184184947776729
"13539",0.985864515689373,0.0141354843106274
"13540",0.995059640306572,0.00494035969342783
"13541",0.994950518339287,0.00504948166071342
"13542",0.809865813655578,0.190134186344422
"13543",0.993564250580786,0.00643574941921379
"13544",0.993227182869578,0.00677281713042181
"13545",0.995465581170117,0.0045344188298826
"13546",0.967312832769214,0.032687167230786
"13547",0.973253073521897,0.0267469264781032
"13548",0.998241447647949,0.00175855235205072
"13549",0.994743804806337,0.00525619519366282
"13550",0.0315763448429391,0.968423655157061
"13551",0.996279663298386,0.00372033670161392
"13552",0.964371470316318,0.0356285296836818
"13553",0.997455703220639,0.00254429677936104
"13554",0.998415258314676,0.00158474168532364
"13555",0.948471684986722,0.0515283150132782
"13556",0.970853006333008,0.0291469936669923
"13557",0.997769726194191,0.00223027380580888
"13558",0.995015235714712,0.00498476428528767
"13559",0.995235057740947,0.00476494225905259
"13560",0.996973397205914,0.00302660279408604
"13561",0.0029434121302697,0.99705658786973
"13562",0.997202028326135,0.00279797167386464
"13563",0.953180076805317,0.0468199231946833
"13564",0.934599317137361,0.0654006828626394
"13565",0.996932785713702,0.00306721428629769
"13566",0.99721983373188,0.00278016626811987
"13567",0.188500642294635,0.811499357705365
"13568",0.99027086755373,0.0097291324462704
"13569",0.99838903743062,0.00161096256938009
"13570",0.998338740036331,0.00166125996366927
"13571",0.994780650097076,0.00521934990292377
"13572",0.994375694062033,0.00562430593796726
"13573",0.993378517031726,0.00662148296827416
"13574",0.985951482393766,0.0140485176062344
"13575",0.997989454744026,0.0020105452559741
"13576",0.998248329265827,0.00175167073417334
"13577",0.998255532028859,0.00174446797114132
"13578",0.996965220151313,0.00303477984868702
"13579",0.997725182672162,0.00227481732783744
"13580",0.998177261605287,0.00182273839471288
"13581",0.997095005263308,0.00290499473669232
"13582",0.000218410706040194,0.99978158929396
"13583",0.987569444754465,0.0124305552455352
"13584",0.995153134294106,0.0048468657058939
"13585",0.994964875743631,0.00503512425636858
"13586",0.987412648521098,0.0125873514789026
"13587",0.996844082500801,0.00315591749919857
"13588",0.990188134020424,0.00981186597957589
"13589",0.968699633970157,0.0313003660298432
"13590",0.991064046688729,0.00893595331127096
"13591",0.995648646881571,0.00435135311842862
"13592",0.994667842442431,0.00533215755756876
"13593",0.996566682023263,0.00343331797673726
"13594",0.9980014585527,0.00199854144730057
"13595",0.992883195138966,0.00711680486103384
"13596",0.991838212316266,0.00816178768373359
"13597",0.99730595227652,0.0026940477234801
"13598",0.997693397022422,0.00230660297757757
"13599",0.908272790180973,0.0917272098190266
"13600",0.997790547369359,0.00220945263064122
"13601",0.998074277747132,0.00192572225286788
"13602",0.99511923637343,0.00488076362656973
"13603",0.997236792469827,0.00276320753017317
"13604",0.997020284041799,0.00297971595820063
"13605",0.990326554912524,0.00967344508747572
"13606",0.997300937609349,0.00269906239065062
"13607",0.984029400174632,0.015970599825368
"13608",0.98985363968997,0.0101463603100305
"13609",0.997890439260646,0.00210956073935379
"13610",0.988141448689555,0.0118585513104451
"13611",0.995254800600934,0.00474519939906638
"13612",0.986758588376325,0.0132414116236745
"13613",0.996774786734325,0.00322521326567482
"13614",0.998406270388221,0.00159372961177943
"13615",0.99791148232754,0.00208851767245996
"13616",0.997060578405371,0.00293942159462928
"13617",0.740339563021282,0.259660436978718
"13618",0.998388275355743,0.00161172464425717
"13619",0.993486146840121,0.00651385315987845
"13620",0.996680829491014,0.00331917050898583
"13621",0.993065508482357,0.00693449151764312
"13622",0.997931024858153,0.00206897514184699
"13623",0.99593115695183,0.00406884304816957
"13624",0.997829553070102,0.00217044692989772
"13625",0.977752658863942,0.0222473411360583
"13626",0.997323430749447,0.00267656925055349
"13627",0.997930995193069,0.00206900480693075
"13628",0.997425646802384,0.00257435319761601
"13629",0.995056325468353,0.00494367453164693
"13630",0.993916673822489,0.0060833261775114
"13631",0.997887023224032,0.00211297677596766
"13632",0.997271749872626,0.00272825012737433
"13633",0.998223326729143,0.00177667327085703
"13634",0.987349518285418,0.0126504817145819
"13635",0.996675180972831,0.00332481902716871
"13636",0.991326476073194,0.00867352392680554
"13637",0.969551250784505,0.0304487492154948
"13638",0.99814155743082,0.00185844256918017
"13639",0.994997579910513,0.00500242008948714
"13640",0.998098578968275,0.00190142103172501
"13641",0.990799432483335,0.0092005675166651
"13642",0.0280678522879641,0.971932147712036
"13643",0.991259132362795,0.00874086763720462
"13644",0.998422774068094,0.00157722593190602
"13645",0.99557203425598,0.00442796574402036
"13646",0.995831335091806,0.00416866490819413
"13647",0.996566448738025,0.00343355126197551
"13648",0.996648031081001,0.00335196891899856
"13649",0.996577795364061,0.00342220463593868
"13650",0.997424395493735,0.00257560450626485
"13651",0.995154678488118,0.00484532151188195
"13652",0.997797285103862,0.00220271489613834
"13653",0.997950665882118,0.00204933411788145
"13654",0.997897764209671,0.00210223579032919
"13655",0.996115191355092,0.00388480864490759
"13656",0.99537370213836,0.00462629786164022
"13657",0.997994830324269,0.00200516967573086
"13658",0.995825053435248,0.0041749465647519
"13659",0.992487566042846,0.00751243395715402
"13660",0.995353134590991,0.00464686540900934
"13661",0.995421525465619,0.00457847453438137
"13662",0.997358983001704,0.00264101699829593
"13663",0.996571651432045,0.00342834856795518
"13664",0.998275739737964,0.00172426026203613
"13665",0.995395996305722,0.00460400369427788
"13666",0.997626781653028,0.00237321834697206
"13667",0.991330190283645,0.00866980971635443
"13668",0.995335083417505,0.00466491658249487
"13669",0.997653155312127,0.0023468446878731
"13670",0.923328861360917,0.0766711386390834
"13671",0.991503308928774,0.00849669107122624
"13672",0.998126007184398,0.00187399281560206
"13673",0.990566121663653,0.00943387833634692
"13674",0.998226260437451,0.00177373956254904
"13675",0.997494667493869,0.00250533250613136
"13676",0.0802572410104101,0.91974275898959
"13677",0.977781508797641,0.0222184912023593
"13678",0.996382635778447,0.00361736422155325
"13679",0.996358020064918,0.00364197993508165
"13680",0.99015046268522,0.00984953731478047
"13681",0.998323855018918,0.00167614498108197
"13682",0.996161334290117,0.00383866570988334
"13683",0.989081213835075,0.010918786164925
"13684",0.997721861430338,0.0022781385696619
"13685",0.99727447457129,0.00272552542870978
"13686",0.00310923421023681,0.996890765789763
"13687",0.995025115018686,0.00497488498131358
"13688",0.995310662310582,0.00468933768941815
"13689",0.997706233198639,0.00229376680136111
"13690",0.996391806626882,0.00360819337311761
"13691",0.990748763687983,0.00925123631201706
"13692",0.998273671602602,0.00172632839739769
"13693",0.998039429728175,0.00196057027182454
"13694",0.995798440053133,0.00420155994686755
"13695",0.998074437578493,0.00192556242150748
"13696",0.993875694115754,0.00612430588424582
"13697",0.995784971505979,0.00421502849402067
"13698",0.99502350598441,0.00497649401559004
"13699",0.995377469225295,0.00462253077470548
"13700",0.975728980618382,0.0242710193816176
"13701",0.996522718680141,0.00347728131985936
"13702",0.991845510023395,0.00815448997660452
"13703",0.997221647660138,0.00277835233986171
"13704",0.99307475010735,0.00692524989264996
"13705",0.997427783361343,0.00257221663865741
"13706",0.995005735660243,0.00499426433975681
"13707",0.996502240248258,0.00349775975174205
"13708",0.371471835045336,0.628528164954664
"13709",0.254955474247054,0.745044525752946
"13710",0.99780087640453,0.00219912359547028
"13711",0.98649380308087,0.0135061969191299
"13712",0.997838936429515,0.00216106357048531
"13713",0.997350280379498,0.00264971962050195
"13714",0.997591855271687,0.00240814472831247
"13715",0.991892404149595,0.00810759585040472
"13716",0.990530715167081,0.00946928483291857
"13717",0.995864598597322,0.00413540140267772
"13718",0.995502317862988,0.00449768213701214
"13719",0.942306373686598,0.0576936263134023
"13720",0.992179547217903,0.00782045278209743
"13721",0.989249250122895,0.0107507498771046
"13722",0.998317565019992,0.00168243498000769
"13723",0.997901597036269,0.00209840296373081
"13724",0.991309586982778,0.00869041301722218
"13725",0.995279158350502,0.00472084164949751
"13726",0.998292937022498,0.00170706297750197
"13727",0.998075139798011,0.00192486020198854
"13728",0.995410659183287,0.00458934081671262
"13729",0.980536690033555,0.0194633099664446
"13730",0.997912173768264,0.00208782623173549
"13731",0.997864412533156,0.00213558746684415
"13732",0.997930108281188,0.00206989171881249
"13733",0.995933969050546,0.00406603094945353
"13734",0.998383569622704,0.00161643037729641
"13735",0.991109611080137,0.00889038891986313
"13736",0.741280116720373,0.258719883279627
"13737",0.986290470554004,0.0137095294459963
"13738",0.997265482149853,0.00273451785014699
"13739",0.997725216128307,0.00227478387169294
"13740",0.996642504234186,0.00335749576581343
"13741",0.713830014836925,0.286169985163075
"13742",0.985469021825583,0.0145309781744166
"13743",0.99206991250662,0.00793008749337972
"13744",0.994001951894113,0.00599804810588658
"13745",0.996004803804416,0.00399519619558421
"13746",0.997062456543223,0.0029375434567774
"13747",0.980002633366183,0.0199973666338167
"13748",0.997601757537769,0.00239824246223098
"13749",0.993119420682782,0.00688057931721807
"13750",0.997949882451526,0.00205011754847375
"13751",0.99711653954856,0.00288346045143941
"13752",0.741202758971709,0.258797241028291
"13753",0.998394004988488,0.00160599501151248
"13754",0.995489993340664,0.00451000665933581
"13755",0.995345980048074,0.00465401995192561
"13756",0.00108961820289429,0.998910381797106
"13757",0.990180575789377,0.00981942421062256
"13758",0.995391763476657,0.0046082365233434
"13759",0.994845139230513,0.00515486076948706
"13760",0.991596331046309,0.00840366895369051
"13761",0.997202025993344,0.0027979740066562
"13762",0.994731250652616,0.00526874934738437
"13763",0.995122051183115,0.00487794881688481
"13764",0.998234637835009,0.00176536216499075
"13765",0.994921845714641,0.00507815428535896
"13766",0.994765104281263,0.00523489571873715
"13767",0.99735232564193,0.0026476743580699
"13768",0.995298707538145,0.00470129246185455
"13769",0.993300604169042,0.00669939583095804
"13770",0.996357056094709,0.00364294390529106
"13771",0.994186783575494,0.00581321642450599
"13772",0.0587340987045195,0.941265901295481
"13773",0.989437602535645,0.0105623974643547
"13774",0.997964351857022,0.00203564814297846
"13775",0.992341456879529,0.00765854312047127
"13776",0.97484162402906,0.02515837597094
"13777",0.997402104614854,0.00259789538514557
"13778",0.988528099913283,0.0114719000867165
"13779",0.990900856756314,0.0090991432436863
"13780",0.997507329785997,0.00249267021400342
"13781",0.991069834375357,0.00893016562464257
"13782",0.995336497392582,0.00466350260741828
"13783",0.962569736294249,0.0374302637057507
"13784",0.996437348986331,0.00356265101366936
"13785",0.460837451071051,0.539162548928949
"13786",0.997634462392042,0.00236553760795756
"13787",0.944034674675914,0.0559653253240859
"13788",0.966024885847126,0.0339751141528739
"13789",0.828647038762406,0.171352961237594
"13790",0.992771476309615,0.0072285236903848
"13791",0.996094307883438,0.00390569211656218
"13792",0.99335666524972,0.00664333475027991
"13793",0.974630879774181,0.0253691202258192
"13794",0.997857395074558,0.00214260492544195
"13795",0.995537365762445,0.00446263423755514
"13796",0.996946319039318,0.0030536809606825
"13797",0.995219965274345,0.0047800347256545
"13798",0.997390018082896,0.00260998191710402
"13799",0.989543181073053,0.0104568189269474
"13800",0.990749420945971,0.0092505790540292
"13801",0.997592088857285,0.00240791114271488
"13802",0.995038873795019,0.00496112620498109
"13803",0.985705154251372,0.0142948457486282
"13804",0.887395622675742,0.112604377324258
"13805",0.997075285176196,0.0029247148238044
"13806",0.989815698113008,0.0101843018869917
"13807",0.979160677483223,0.0208393225167772
"13808",0.997824397840779,0.00217560215922145
"13809",0.988245763761266,0.0117542362387336
"13810",0.9740410079198,0.0259589920802
"13811",0.997221235210166,0.00277876478983364
"13812",0.997102687685318,0.00289731231468172
"13813",0.991875257811103,0.00812474218889666
"13814",0.998353983713686,0.00164601628631439
"13815",0.997715240689589,0.00228475931041153
"13816",0.990893752635937,0.00910624736406312
"13817",0.996338780378774,0.00366121962122587
"13818",0.981972448123038,0.0180275518769619
"13819",0.997475522739635,0.00252447726036533
"13820",0.974540063704327,0.0254599362956726
"13821",0.972244015278842,0.0277559847211576
"13822",0.994172025559571,0.00582797444042882
"13823",0.99356261482569,0.00643738517430987
"13824",0.998326060917768,0.00167393908223237
"13825",0.990374789977684,0.0096252100223159
"13826",0.989885910519324,0.0101140894806759
"13827",0.993649493710061,0.00635050628993858
"13828",0.993123619166026,0.00687638083397368
"13829",0.994682641182311,0.0053173588176894
"13830",0.888361778996443,0.111638221003557
"13831",0.983713897345077,0.0162861026549233
"13832",0.991151963740872,0.00884803625912839
"13833",0.727832781264636,0.272167218735364
"13834",0.998049216917287,0.00195078308271321
"13835",0.998431846690281,0.00156815330971853
"13836",0.997610020358257,0.00238997964174278
"13837",0.995657496507134,0.00434250349286609
"13838",0.995549223050066,0.00445077694993356
"13839",0.992739746270422,0.00726025372957806
"13840",0.997772282435488,0.00222771756451179
"13841",0.998149199757467,0.00185080024253348
"13842",0.997457112709966,0.00254288729003437
"13843",0.997232411908488,0.00276758809151164
"13844",0.991297098859772,0.00870290114022801
"13845",0.975203583023857,0.0247964169761427
"13846",0.0292850210784502,0.97071497892155
"13847",0.615930314391565,0.384069685608436
"13848",0.992137598142341,0.00786240185765904
"13849",0.994489593906702,0.00551040609329835
"13850",0.99264847769971,0.00735152230028998
"13851",0.994910395187384,0.00508960481261617
"13852",0.998023870696468,0.00197612930353183
"13853",0.996361197486091,0.0036388025139094
"13854",0.991853488344309,0.00814651165569085
"13855",0.990451663419532,0.00954833658046823
"13856",0.996743206592108,0.00325679340789202
"13857",0.995898550391082,0.00410144960891831
"13858",0.995339573833515,0.00466042616648494
"13859",0.995579355424917,0.00442064457508252
"13860",0.981781471808494,0.0182185281915057
"13861",0.991798789713145,0.00820121028685536
"13862",0.980801673581029,0.019198326418971
"13863",0.981748279087727,0.0182517209122726
"13864",0.997341713798469,0.00265828620153063
"13865",0.997725839900169,0.00227416009983077
"13866",0.995830732761106,0.00416926723889444
"13867",0.996068983715914,0.0039310162840856
"13868",0.994046969269848,0.00595303073015233
"13869",0.997879260607308,0.00212073939269155
"13870",0.997091239368314,0.00290876063168594
"13871",0.58860985621173,0.41139014378827
"13872",0.0177170704710227,0.982282929528977
"13873",0.924241042534451,0.0757589574655493
"13874",0.946287877633728,0.0537121223662717
"13875",0.998147008622695,0.00185299137730459
"13876",0.998128005809088,0.00187199419091211
"13877",0.981896586180727,0.0181034138192729
"13878",0.998413383477699,0.00158661652230118
"13879",0.997276346896738,0.0027236531032618
"13880",0.993422923557914,0.00657707644208617
"13881",0.991495193712282,0.00850480628771798
"13882",0.994721500597198,0.00527849940280171
"13883",0.989141424905652,0.0108585750943476
"13884",0.99386483988897,0.00613516011103001
"13885",0.997350451949215,0.00264954805078539
"13886",0.996084876162949,0.0039151238370511
"13887",0.997941501176403,0.00205849882359689
"13888",0.966751096140565,0.0332489038594346
"13889",0.995106433974797,0.00489356602520299
"13890",0.998380057229761,0.00161994277023865
"13891",0.99802365678346,0.00197634321654005
"13892",0.996991281414432,0.0030087185855677
"13893",0.997463293048346,0.00253670695165451
"13894",0.996417331128881,0.00358266887111868
"13895",0.991624026276977,0.00837597372302332
"13896",0.996178954102603,0.00382104589739657
"13897",0.993569271354788,0.00643072864521166
"13898",0.985327960268257,0.0146720397317425
"13899",0.997945651233537,0.00205434876646264
"13900",0.996203798895467,0.00379620110453342
"13901",0.994397818608687,0.00560218139131282
"13902",0.988530806735944,0.0114691932640561
"13903",0.993698088969245,0.00630191103075523
"13904",0.997996564499416,0.00200343550058381
"13905",0.972492470754638,0.0275075292453624
"13906",0.994185166240287,0.00581483375971263
"13907",0.994397321847869,0.00560267815213094
"13908",0.995462943392897,0.00453705660710303
"13909",0.995248460564262,0.00475153943573791
"13910",0.997797814319785,0.00220218568021525
"13911",0.98459659337327,0.0154034066267298
"13912",0.996501154627672,0.00349884537232761
"13913",0.998229196465088,0.00177080353491216
"13914",0.993979477893454,0.00602052210654561
"13915",0.987979752242333,0.0120202477576666
"13916",0.995408707505691,0.00459129249430853
"13917",0.995496355527792,0.00450364447220811
"13918",0.992023368555005,0.00797663144499525
"13919",0.992171593138643,0.007828406861357
"13920",0.995336135575452,0.00466386442454849
"13921",0.993186460695196,0.00681353930480418
"13922",0.995181157843833,0.00481884215616731
"13923",0.997925498120097,0.0020745018799026
"13924",0.99550191828673,0.00449808171327045
"13925",0.989240750440316,0.0107592495596838
"13926",0.997314406535078,0.00268559346492229
"13927",0.994101082902147,0.00589891709785324
"13928",0.99083023196802,0.00916976803198044
"13929",0.996220681379035,0.00377931862096468
"13930",0.429080015342408,0.570919984657592
"13931",0.99652706761761,0.00347293238239044
"13932",0.979691382782916,0.0203086172170835
"13933",0.997867868018002,0.00213213198199767
"13934",0.995464573897561,0.00453542610243934
"13935",0.996089795083707,0.00391020491629275
"13936",0.99837314751972,0.00162685248027967
"13937",0.998172043723974,0.00182795627602636
"13938",0.994367958485483,0.00563204151451658
"13939",0.99463930092454,0.00536069907546045
"13940",0.994935121050286,0.00506487894971432
"13941",0.994776498038088,0.00522350196191239
"13942",0.996835671732732,0.00316432826726819
"13943",0.998339051611134,0.00166094838886594
"13944",0.994989748848046,0.0050102511519535
"13945",0.995294880449735,0.00470511955026543
"13946",0.997569892446762,0.00243010755323831
"13947",0.998078661926389,0.00192133807361114
"13948",0.996792491644729,0.00320750835527123
"13949",0.997337194546414,0.00266280545358642
"13950",0.994779787098812,0.00522021290118775
"13951",0.827090622278631,0.172909377721369
"13952",0.995397795570296,0.00460220442970359
"13953",0.951500416477157,0.0484995835228431
"13954",0.993391760631515,0.00660823936848522
"13955",0.991128926460433,0.00887107353956647
"13956",0.992596534303495,0.00740346569650513
"13957",0.99560632197348,0.00439367802651987
"13958",0.997031238881324,0.00296876111867601
"13959",0.997181976328534,0.00281802367146651
"13960",0.997697147470099,0.00230285252990114
"13961",0.997918701277849,0.00208129872215102
"13962",0.996182238458022,0.00381776154197781
"13963",0.997817121502941,0.00218287849705866
"13964",0.995298020009791,0.0047019799902092
"13965",0.994912091824844,0.00508790817515581
"13966",0.996879524525257,0.00312047547474262
"13967",0.995048676432966,0.0049513235670339
"13968",0.995011540703991,0.00498845929600884
"13969",0.997880360819638,0.00211963918036167
"13970",0.99680317411359,0.00319682588640985
"13971",0.97189055135932,0.0281094486406796
"13972",0.994099927711531,0.00590007228846852
"13973",0.99751988637271,0.00248011362728988
"13974",0.993330539757263,0.00666946024273672
"13975",0.997486492922845,0.00251350707715522
"13976",0.996086222511482,0.00391377748851795
"13977",0.995283447777534,0.00471655222246642
"13978",0.978959473086226,0.0210405269137737
"13979",0.987443605991648,0.0125563940083523
"13980",0.996298651428711,0.00370134857128915
"13981",0.993983809098308,0.00601619090169263
"13982",0.996439561424677,0.00356043857532278
"13983",0.993906371215306,0.00609362878469359
"13984",0.997166543523138,0.0028334564768619
"13985",0.996068909938217,0.00393109006178277
"13986",0.997849878909873,0.00215012109012707
"13987",0.99821790434143,0.00178209565856995
"13988",0.993993258749958,0.00600674125004174
"13989",0.993545474257065,0.0064545257429349
"13990",0.993256610838447,0.00674338916155266
"13991",0.997440102316043,0.00255989768395728
"13992",0.998215651773626,0.00178434822637431
"13993",0.721973456867233,0.278026543132767
"13994",0.995410895516436,0.00458910448356435
"13995",0.998100371677481,0.00189962832251876
"13996",0.996852684145633,0.00314731585436733
"13997",0.979799053012856,0.0202009469871442
"13998",0.998266779271289,0.00173322072871136
"13999",0.996818585171833,0.00318141482816753
"14000",0.996706024172784,0.0032939758272158
"14001",0.993603371325216,0.00639662867478419
"14002",0.0889260289221885,0.911073971077811
"14003",0.818933984113141,0.181066015886859
"14004",0.997652048125861,0.00234795187413938
"14005",0.998247385403726,0.00175261459627412
"14006",0.972579445408863,0.0274205545911371
"14007",0.979245790970401,0.020754209029599
"14008",0.99778936558167,0.00221063441833035
"14009",0.994938443520257,0.00506155647974313
"14010",0.980125878359823,0.0198741216401773
"14011",0.997264980197266,0.0027350198027339
"14012",0.992499387912485,0.00750061208751477
"14013",0.000734358892820706,0.999265641107179
"14014",0.994772302187404,0.00522769781259586
"14015",0.989205072043132,0.0107949279568683
"14016",0.993242949918448,0.00675705008155227
"14017",0.989580383453004,0.0104196165469956
"14018",0.997412474886824,0.00258752511317607
"14019",0.996066887163301,0.00393311283669882
"14020",0.984545844740933,0.0154541552590668
"14021",0.995116433893994,0.00488356610600561
"14022",0.995821050416103,0.0041789495838966
"14023",0.995072943460191,0.00492705653980882
"14024",0.995727768700604,0.00427223129939611
"14025",0.98416833787234,0.01583166212766
"14026",0.982722173213016,0.0172778267869837
"14027",0.975440128345044,0.024559871654956
"14028",0.997792237746095,0.00220776225390468
"14029",0.996858094492272,0.003141905507728
"14030",0.974475675316371,0.0255243246836288
"14031",0.995369305659586,0.00463069434041358
"14032",0.00176724322250059,0.998232756777499
"14033",0.994447821695499,0.00555217830450101
"14034",0.995121228319471,0.00487877168052935
"14035",0.995414884752761,0.00458511524723881
"14036",0.844313620548649,0.155686379451351
"14037",0.994788623781305,0.0052113762186952
"14038",0.995306133714434,0.0046938662855663
"14039",0.9980813596545,0.00191864034550002
"14040",0.995479676907605,0.00452032309239533
"14041",0.99561545321101,0.00438454678898968
"14042",0.965330752706276,0.0346692472937241
"14043",0.997732570111613,0.00226742988838739
"14044",0.986725005324686,0.013274994675314
"14045",0.997860802542777,0.00213919745722281
"14046",0.99480756210107,0.00519243789893034
"14047",0.994115814521635,0.00588418547836531
"14048",0.998363243853472,0.00163675614652765
"14049",0.993520628322019,0.00647937167798084
"14050",0.990163904741951,0.00983609525804866
"14051",0.998210044471341,0.00178995552865895
"14052",0.997918983826152,0.00208101617384794
"14053",0.991977787248023,0.00802221275197687
"14054",0.998129040029341,0.00187095997065937
"14055",0.994984938945453,0.00501506105454653
"14056",0.975027817241374,0.0249721827586261
"14057",0.842028883731499,0.157971116268501
"14058",0.995891782810596,0.00410821718940431
"14059",0.0146433791896343,0.985356620810366
"14060",0.99637664822516,0.0036233517748399
"14061",0.874061688262912,0.125938311737088
"14062",0.941162288497961,0.0588377115020384
"14063",0.996948001809658,0.00305199819034152
"14064",0.992972559256649,0.00702744074335087
"14065",0.997638214096272,0.00236178590372784
"14066",0.996259023292148,0.00374097670785185
"14067",0.996780866205298,0.00321913379470217
"14068",0.990721825685961,0.00927817431403852
"14069",0.993915479106878,0.00608452089312232
"14070",0.997511133476346,0.00248886652365367
"14071",0.997322316260115,0.0026776837398848
"14072",0.994986626527056,0.00501337347294365
"14073",0.669195983177127,0.330804016822873
"14074",0.989209204514252,0.0107907954857484
"14075",0.998254892775423,0.00174510722457676
"14076",0.997223590198031,0.00277640980196927
"14077",0.951307704781083,0.0486922952189173
"14078",0.993595303313567,0.00640469668643268
"14079",0.993668601269258,0.00633139873074232
"14080",0.994620623250202,0.00537937674979809
"14081",0.995130699264138,0.00486930073586172
"14082",0.00783345593034418,0.992166544069656
"14083",0.977722903827443,0.0222770961725571
"14084",0.998024920660178,0.00197507933982198
"14085",0.995475818652349,0.00452418134765096
"14086",0.977465474524271,0.0225345254757289
"14087",0.991691786837879,0.00830821316212134
"14088",0.994558939044055,0.00544106095594535
"14089",0.998138856310253,0.00186114368974676
"14090",0.991174132707773,0.00882586729222728
"14091",0.996360021839111,0.00363997816088942
"14092",0.994024045205015,0.00597595479498475
"14093",0.995975362445628,0.00402463755437233
"14094",0.967749661978199,0.032250338021801
"14095",0.995879072580505,0.00412092741949469
"14096",0.00211129038545714,0.997888709614543
"14097",0.994122492356759,0.00587750764324052
"14098",0.997281842564156,0.00271815743584362
"14099",0.99351085483605,0.0064891451639505
"14100",0.986936534559869,0.0130634654401309
"14101",0.993663044985668,0.00633695501433242
"14102",0.250782688230942,0.749217311769058
"14103",0.997170657170587,0.00282934282941294
"14104",0.995015929975994,0.00498407002400594
"14105",0.995663659306595,0.00433634069340494
"14106",0.972063033249418,0.0279369667505819
"14107",0.98092886108787,0.0190711389121298
"14108",0.993299823224701,0.00670017677529954
"14109",0.99497443775512,0.00502556224487963
"14110",0.998010414372953,0.00198958562704688
"14111",0.997898098436211,0.00210190156378867
"14112",0.994018123882392,0.00598187611760824
"14113",0.998001993787985,0.00199800621201522
"14114",0.881698430066967,0.118301569933033
"14115",0.844243815815752,0.155756184184248
"14116",0.99406354800886,0.00593645199114001
"14117",0.989606147968424,0.0103938520315763
"14118",0.88889554407588,0.11110445592412
"14119",0.9962614261851,0.00373857381489977
"14120",0.996787343149634,0.00321265685036562
"14121",0.993466410922207,0.00653358907779335
"14122",0.966225063538636,0.0337749364613641
"14123",0.983427060430914,0.0165729395690855
"14124",0.995482165589528,0.00451783441047177
"14125",0.99556340228974,0.00443659771025994
"14126",0.995245575684434,0.00475442431556635
"14127",0.500717041794531,0.499282958205469
"14128",0.983068702417332,0.0169312975826676
"14129",0.988533443096017,0.0114665569039829
"14130",0.998194496337772,0.00180550366222789
"14131",0.994577969993488,0.00542203000651215
"14132",0.994114655093742,0.00588534490625853
"14133",0.933684006083272,0.0663159939167278
"14134",0.991219422414031,0.00878057758596912
"14135",0.96269680320623,0.0373031967937703
"14136",0.997182022805967,0.00281797719403356
"14137",0.978948980969058,0.0210510190309414
"14138",0.995267760825089,0.00473223917491096
"14139",0.99682666564423,0.00317333435577028
"14140",0.992191706043317,0.00780829395668273
"14141",0.995340706510443,0.00465929348955715
"14142",0.886217361307916,0.113782638692085
"14143",0.997223039263963,0.00277696073603688
"14144",0.992725129526068,0.00727487047393201
"14145",0.994793380987527,0.00520661901247326
"14146",0.982239221693916,0.0177607783060845
"14147",0.996941597141752,0.00305840285824843
"14148",0.989109730998287,0.010890269001713
"14149",0.996705638150054,0.00329436184994577
"14150",0.988569820185116,0.0114301798148841
"14151",0.997799731949849,0.0022002680501513
"14152",0.962272605325795,0.0377273946742052
"14153",0.998133852700251,0.00186614729974908
"14154",0.996239336666851,0.00376066333314925
"14155",0.995860580198624,0.00413941980137625
"14156",0.99822390221719,0.00177609778281004
"14157",0.997753888963337,0.00224611103666327
"14158",0.989738616961471,0.0102613830385292
"14159",0.990836797333204,0.00916320266679596
"14160",0.996302138145169,0.00369786185483096
"14161",0.997893655932574,0.00210634406742592
"14162",0.996605169591558,0.00339483040844259
"14163",0.996670326152801,0.00332967384719846
"14164",0.998221592826429,0.0017784071735711
"14165",0.992528863710133,0.00747113628986687
"14166",0.969862209418417,0.0301377905815827
"14167",0.997615446723277,0.00238455327672357
"14168",0.995530813400362,0.00446918659963801
"14169",0.996661599787379,0.00333840021262077
"14170",0.987460780379789,0.0125392196202109
"14171",0.992948000761398,0.00705199923860205
"14172",0.969705134857434,0.030294865142566
"14173",0.995407604604976,0.00459239539502387
"14174",0.997460285190288,0.00253971480971258
"14175",0.99404149387691,0.00595850612309025
"14176",0.966796471051752,0.0332035289482484
"14177",0.995436595151977,0.00456340484802245
"14178",0.995873183524279,0.00412681647572128
"14179",0.753681039046549,0.246318960953451
"14180",0.994916014478966,0.0050839855210336
"14181",0.995345454007246,0.00465454599275444
"14182",0.995187012299508,0.00481298770049147
"14183",0.95944276689689,0.0405572331031101
"14184",0.998313651341304,0.00168634865869573
"14185",0.084938048061215,0.915061951938785
"14186",0.996678519321943,0.00332148067805652
"14187",0.993842471226522,0.00615752877347778
"14188",0.993936627121032,0.00606337287896836
"14189",0.993936197339757,0.00606380266024339
"14190",0.992722622081551,0.00727737791844869
"14191",0.996507309462615,0.00349269053738519
"14192",0.953570499158733,0.0464295008412667
"14193",0.114624657047657,0.885375342952343
"14194",0.995480607163465,0.0045193928365351
"14195",0.998328888551224,0.00167111144877621
"14196",0.991770253142936,0.00822974685706442
"14197",0.97471744649939,0.0252825535006105
"14198",0.986350395198318,0.0136496048016818
"14199",0.974607388829254,0.0253926111707462
"14200",0.184164651311288,0.815835348688712
"14201",0.987692303206819,0.0123076967931805
"14202",0.940680711889914,0.0593192881100863
"14203",0.995410890908986,0.00458910909101366
"14204",0.994809415644489,0.0051905843555115
"14205",0.997970011032755,0.00202998896724528
"14206",0.997612652378195,0.00238734762180472
"14207",0.176139350014425,0.823860649985575
"14208",0.995695043346406,0.00430495665359414
"14209",0.998010627440717,0.00198937255928335
"14210",0.994586887178366,0.00541311282163444
"14211",0.993725328067222,0.00627467193277835
"14212",0.995956379776146,0.0040436202238542
"14213",0.992336729059054,0.00766327094094565
"14214",0.980880086009369,0.019119913990631
"14215",0.993209026242065,0.00679097375793448
"14216",0.99818873914082,0.00181126085918033
"14217",0.995859343874257,0.00414065612574271
"14218",0.997470705231795,0.00252929476820463
"14219",0.995478039573205,0.00452196042679465
"14220",0.998130102738653,0.00186989726134686
"14221",0.994806209034086,0.00519379096591399
"14222",0.995397686869517,0.00460231313048321
"14223",0.986411908513714,0.0135880914862858
"14224",0.9973093330693,0.00269066693069988
"14225",0.994006052283441,0.00599394771655924
"14226",0.992813883909456,0.00718611609054374
"14227",0.953915727376507,0.0460842726234936
"14228",0.995247090401337,0.00475290959866253
"14229",0.994185883048497,0.00581411695150258
"14230",0.995661615014031,0.00433838498596903
"14231",0.998357578979481,0.0016424210205192
"14232",0.986501927963643,0.0134980720363571
"14233",0.997370680366311,0.00262931963368942
"14234",0.991041842046429,0.00895815795357123
"14235",0.996317039634814,0.00368296036518583
"14236",0.993019461740899,0.00698053825910099
"14237",0.986060172890507,0.0139398271094935
"14238",0.998062967283405,0.00193703271659505
"14239",0.982581559761884,0.0174184402381164
"14240",0.994747421518673,0.00525257848132718
"14241",0.997245356225449,0.00275464377455056
"14242",0.998386225763775,0.0016137742362246
"14243",0.99666055439525,0.00333944560474967
"14244",0.645081339275163,0.354918660724837
"14245",0.906257686099952,0.0937423139000479
"14246",0.997568208555674,0.00243179144432594
"14247",0.99663789793583,0.00336210206416956
"14248",0.98172387581161,0.0182761241883896
"14249",0.994635248475306,0.00536475152469417
"14250",0.998027293419301,0.00197270658069937
"14251",0.994117322731794,0.00588267726820565
"14252",0.994966513494769,0.0050334865052315
"14253",0.996656106262196,0.00334389373780383
"14254",0.993562781961813,0.00643721803818673
"14255",0.99696817845242,0.00303182154758037
"14256",0.997376797502261,0.00262320249773872
"14257",0.993718705961642,0.00628129403835842
"14258",0.992145605256473,0.00785439474352744
"14259",0.994727493823501,0.00527250617649862
"14260",0.996418113030472,0.00358188696952785
"14261",0.18241016886623,0.81758983113377
"14262",0.995665015313632,0.00433498468636841
"14263",0.998052821557387,0.00194717844261355
"14264",0.995250284177972,0.00474971582202773
"14265",0.15096407947648,0.84903592052352
"14266",0.897593236439642,0.102406763560358
"14267",0.997081560222445,0.0029184397775548
"14268",0.99787086582922,0.00212913417078044
"14269",0.996336986460866,0.00366301353913423
"14270",0.99566317656194,0.0043368234380603
"14271",0.992807233310505,0.00719276668949479
"14272",0.993472879936899,0.00652712006310064
"14273",0.995316957948961,0.00468304205103893
"14274",0.998051206708958,0.00194879329104181
"14275",0.998225904901647,0.001774095098353
"14276",0.997687939396586,0.00231206060341429
"14277",0.97749335675198,0.0225066432480202
"14278",0.997275622341944,0.00272437765805632
"14279",0.995680233841125,0.00431976615887527
"14280",0.998402413048788,0.00159758695121181
"14281",0.986078573956943,0.0139214260430574
"14282",0.997413208001075,0.00258679199892548
"14283",0.996618649204281,0.00338135079571908
"14284",0.986616563604045,0.0133834363959549
"14285",0.995066553636234,0.00493344636376655
"14286",0.998233727344785,0.00176627265521484
"14287",0.994521887070519,0.00547811292948076
"14288",0.998033147630885,0.00196685236911447
"14289",0.987714902573803,0.012285097426197
"14290",0.997486580854211,0.00251341914578916
"14291",0.978791033797446,0.0212089662025544
"14292",0.997270376076374,0.00272962392362589
"14293",0.996398288436663,0.00360171156333679
"14294",0.991458242674049,0.00854175732595054
"14295",0.998394305188096,0.00160569481190439
"14296",0.997456296182059,0.00254370381794074
"14297",0.989791180713672,0.0102088192863284
"14298",0.986212864881611,0.0137871351183885
"14299",0.993249448337151,0.00675055166284895
"14300",0.997454040511041,0.00254595948895948
"14301",0.976036952242981,0.0239630477570195
"14302",0.996407889663335,0.00359211033666543
"14303",0.99333820225677,0.00666179774322945
"14304",0.998347803826585,0.00165219617341481
"14305",0.998043149456072,0.00195685054392845
"14306",0.998176959309844,0.00182304069015626
"14307",0.99336433256096,0.00663566743904011
"14308",0.986930272908379,0.0130697270916207
"14309",0.998415258314676,0.00158474168532364
"14310",0.998415258314676,0.00158474168532364
"14311",0.998106725661826,0.00189327433817375
"14312",0.998415258314676,0.00158474168532364
"14313",0.998415258314676,0.00158474168532364
"14314",0.998415258314676,0.00158474168532364
"14315",0.998415258314676,0.00158474168532364
"14316",0.998415258314676,0.00158474168532364
"14317",0.998415258314676,0.00158474168532364
"14318",0.998415258314676,0.00158474168532364
"14319",0.998415258314676,0.00158474168532364
