"","x"
"1","729737"
"2","102723897"
"3","100132287"
"4","102465432"
"5","100133331"
"6","79854"
"7","643837"
"8","26155"
"9","339451"
"10","9636"
"11","54991"
"12","51150"
"13","388581"
"14","118424"
"15","126789"
"16","80772"
"17","83756"
"18","1855"
"19","54998"
"20","148413"
"21","219293"
"22","83858"
"23","55210"
"24","339453"
"25","142678"
"26","728642"
"27","65220"
"28","5590"
"29","100506504"
"30","199990"
"31","6497"
"32","79906"
"33","11079"
"34","55229"
"35","63976"
"36","27237"
"37","127262"
"38","148870"
"39","388588"
"40","57470"
"41","1677"
"42","261734"
"43","6146"
"44","23463"
"45","83715"
"46","8718"
"47","79707"
"48","3104"
"49","9903"
"50","148479"
"51","90326"
"52","23261"
"53","9341"
"54","8863"
"55","11315"
"56","2023"
"57","80045"
"58","9563"
"59","84275"
"60","199953"
"61","5293"
"62","22883"
"63","64802"
"64","10277"
"65","23095"
"66","5226"
"67","10747"
"68","5394"
"69","2475"
"70","29914"
"71","26232"
"72","26270"
"73","10459"
"74","57085"
"75","4524"
"76","1185"
"77","90231"
"78","9927"
"79","60672"
"80","9249"
"81","126755"
"82","7799"
"83","55092"
"84","23341"
"85","84301"
"86","6248"
"87","284723"
"88","729614"
"89","23013"
"90","27129"
"91","348487"
"92","1969"
"93","54455"
"94","11209"
"95","11223"
"96","9696"
"97","4237"
"98","6390"
"99","11240"
"100","127707"
"101","23352"
"102","23065"
"103","51154"
"104","54896"
"105","832"
"106","440574"
"107","644068"
"108","255104"
"109","23252"
"110","65018"
"111","100861548"
"112","57576"
"113","50809"
"114","1889"
"115","84196"
"116","401944"
"117","29092"
"118","998"
"119","9923"
"120","2048"
"121","23028"
"122","7798"
"123","80818"
"124","148898"
"125","6920"
"126","55616"
"127","3399"
"128","6135"
"129","6924"
"130","100506963"
"131","57095"
"132","11313"
"133","90529"
"134","57185"
"135","11123"
"136","100506985"
"137","10250"
"138","25932"
"139","25949"
"140","57035"
"141","23585"
"142","55219"
"143","26119"
"144","57134"
"145","56181"
"146","646471"
"147","164091"
"148","5051"
"149","2134"
"150","7780"
"151","84676"
"152","149420"
"153","79927"
"154","51042"
"155","83442"
"156","91544"
"157","3151"
"158","8289"
"159","84243"
"160","54707"
"161","115572"
"162","23038"
"163","644961"
"164","9064"
"165","10163"
"166","27245"
"167","23673"
"168","5511"
"169","6118"
"170","27293"
"171","55113"
"172","2140"
"173","22826"
"174","93974"
"175","83667"
"176","54797"
"177","65979"
"178","1104"
"179","54952"
"180","85028"
"181","677838"
"182","51441"
"183","2035"
"184","51102"
"185","10076"
"186","9672"
"187","9698"
"188","51538"
"189","64129"
"190","553115"
"191","1307"
"192","23633"
"193","200081"
"194","79140"
"195","8668"
"196","339483"
"197","65108"
"198","55108"
"199","728116"
"200","339487"
"201","5928"
"202","81493"
"203","57648"
"204","8565"
"205","127544"
"206","204"
"207","149076"
"208","1912"
"209","114784"
"210","653160"
"211","5690"
"212","127703"
"213","192670"
"214","192669"
"215","55194"
"216","83931"
"217","127700"
"218","64960"
"219","728431"
"220","79753"
"221","29889"
"222","149175"
"223","79693"
"224","127687"
"225","3633"
"226","2275"
"227","64121"
"228","79647"
"229","4725"
"230","643314"
"231","728448"
"232","8761"
"233","5538"
"234","6018"
"235","64789"
"236","127396"
"237","9783"
"238","163732"
"239","1503"
"240","100507178"
"241","200172"
"242","59269"
"243","22887"
"244","728621"
"245","10465"
"246","4904"
"247","79078"
"248","6513"
"249","440584"
"250","149465"
"251","64834"
"252","5792"
"253","6487"
"254","1802"
"255","533"
"256","149473"
"257","79639"
"258","339541"
"259","6202"
"260","79654"
"261","7389"
"262","126661"
"263","5052"
"264","4678"
"265","60313"
"266","51249"
"267","55624"
"268","2166"
"269","148932"
"270","64756"
"271","9813"
"272","51727"
"273","388630"
"274","54558"
"275","26994"
"276","2060"
"277","5865"
"278","51060"
"279","9372"
"280","2882"
"281","79699"
"282","55268"
"283","6342"
"284","1376"
"285","55706"
"286","51668"
"287","115353"
"288","9528"
"289","606495"
"290","51253"
"291","23648"
"292","619518"
"293","25973"
"294","23358"
"295","8613"
"296","5563"
"297","1600"
"298","114803"
"299","83941"
"300","10207"
"301","85440"
"302","23421"
"303","5236"
"304","4919"
"305","57685"
"306","3716"
"307","9829"
"308","54741"
"309","3953"
"310","57708"
"311","23169"
"312","55970"
"313","100289178"
"314","79971"
"315","1491"
"316","257194"
"317","100526835"
"318","1429"
"319","127253"
"320","204962"
"321","34"
"322","1744"
"323","256435"
"324","81849"
"325","23032"
"326","374986"
"327","374987"
"328","91624"
"329","11080"
"330","64123"
"331","23266"
"332","79739"
"333","5567"
"334","100505741"
"335","117178"
"336","23566"
"337","126820"
"338","84144"
"339","148423"
"340","23576"
"341","57489"
"342","105378828"
"343","9403"
"344","2959"
"345","56267"
"346","84230"
"347","400761"
"348","55144"
"349","164045"
"350","646817"
"351","7813"
"352","6125"
"353","388650"
"354","1810"
"355","54874"
"356","30836"
"357","2730"
"358","9411"
"359","2152"
"360","126969"
"361","1266"
"362","100527978"
"363","25950"
"364","1806"
"365","178"
"366","64645"
"367","100506007"
"368","8634"
"369","7412"
"370","148867"
"371","101928370"
"372","1301"
"373","55599"
"374","284611"
"375","113802"
"376","23155"
"377","22911"
"378","6884"
"379","6301"
"380","343263"
"381","5686"
"382","284612"
"383","127002"
"384","2780"
"385","271"
"386","2948"
"387","1435"
"388","10768"
"389","85369"
"390","9122"
"391","55791"
"392","10390"
"393","128344"
"394","79084"
"395","515"
"396","128346"
"397","5906"
"398","55924"
"399","11218"
"400","54879"
"401","4343"
"402","389"
"403","6566"
"404","54665"
"405","204851"
"406","56944"
"407","163259"
"408","7812"
"409","10100"
"410","81839"
"411","55356"
"412","476"
"413","965"
"414","80263"
"415","10905"
"416","54855"
"417","54834"
"418","10885"
"419","10352"
"420","101929147"
"421","90874"
"422","4853"
"423","728841"
"424","100996724"
"425","101929796"
"426","101060684"
"427","653464"
"428","100996712"
"429","284565"
"430","647135"
"431","100288142"
"432","101060254"
"433","101929780"
"434","653519"
"435","10623"
"436","200035"
"437","10401"
"438","284615"
"439","10628"
"440","148738"
"441","100132406"
"442","388677"
"443","149013"
"444","728989"
"445","5565"
"446","171423"
"447","2330"
"448","607"
"449","51205"
"450","2702"
"451","51463"
"452","200030"
"453","25832"
"454","100996763"
"455","9659"
"456","400818"
"457","653513"
"458","100996761"
"459","101060226"
"460","653598"
"461","440689"
"462","2209"
"463","8370"
"464","105371405"
"465","126961"
"466","8337"
"467","337873"
"468","723790"
"469","554313"
"470","8349"
"471","10262"
"472","10903"
"473","56957"
"474","11311"
"475","51177"
"476","81611"
"477","51107"
"478","148523"
"479","54460"
"480","1893"
"481","1513"
"482","29956"
"483","54964"
"484","10962"
"485","126626"
"486","8394"
"487","57592"
"488","5298"
"489","5993"
"490","5692"
"491","7286"
"492","81609"
"493","117145"
"494","6282"
"495","140576"
"496","3608"
"497","65123"
"498","11000"
"499","57459"
"500","9909"
"501","200186"
"502","27173"
"503","10899"
"504","5872"
"505","6232"
"506","7170"
"507","89872"
"508","3570"
"509","126669"
"510","55585"
"511","103"
"512","10654"
"513","90780"
"514","6464"
"515","80308"
"516","1945"
"517","1942"
"518","80128"
"519","4580"
"520","2630"
"521","2629"
"522","2224"
"523","55870"
"524","645676"
"525","55249"
"526","7818"
"527","28956"
"528","92312"
"529","4000"
"530","64218"
"531","9673"
"532","11243"
"533","79957"
"534","84283"
"535","112770"
"536","4209"
"537","128240"
"538","51093"
"539","5546"
"540","375033"
"541","9826"
"542","2117"
"543","55243"
"544","57549"
"545","93183"
"546","8682"
"547","5824"
"548","1314"
"549","474338"
"550","23385"
"551","55600"
"552","100131187"
"553","7391"
"554","257106"
"555","51506"
"556","8703"
"557","4720"
"558","6391"
"559","25903"
"560","9722"
"561","127933"
"562","6675"
"563","4921"
"564","51478"
"565","6258"
"566","223"
"567","54499"
"568","7371"
"569","387597"
"570","25874"
"571","55827"
"572","375035"
"573","84832"
"574","8548"
"575","10560"
"576","2153"
"577","6403"
"578","55732"
"579","57147"
"580","5396"
"581","23215"
"582","51603"
"583","26052"
"584","7292"
"585","100506023"
"586","55157"
"587","100506046"
"588","9910"
"589","27101"
"590","63931"
"591","9674"
"592","64326"
"593","60676"
"594","100302401"
"595","55103"
"596","9917"
"597","6646"
"598","163590"
"599","26092"
"600","9857"
"601","5768"
"602","200058"
"603","100527964"
"604","148756"
"605","9213"
"606","57710"
"607","10228"
"608","51278"
"609","6041"
"610","80896"
"611","1660"
"612","3918"
"613","23057"
"614","284649"
"615","9887"
"616","80267"
"617","116496"
"618","81627"
"619","54823"
"620","83872"
"621","7175"
"622","5743"
"623","101929120"
"624","100616345"
"625","51377"
"626","6738"
"627","51022"
"628","343450"
"629","360023"
"630","163486"
"631","388722"
"632","140609"
"633","23528"
"634","23271"
"635","252839"
"636","1465"
"637","25802"
"638","10440"
"639","6051"
"640","127829"
"641","4660"
"642","127833"
"643","10765"
"644","51094"
"645","51706"
"646","7832"
"647","493"
"648","55224"
"649","22874"
"650","84919"
"651","5287"
"652","23114"
"653","388730"
"654","25778"
"655","81788"
"656","148808"
"657","2005"
"658","85414"
"659","64710"
"660","8934"
"661","284581"
"662","103021295"
"663","338382"
"664","23380"
"665","83593"
"666","1939"
"667","8444"
"668","9261"
"669","55432"
"670","5362"
"671","50486"
"672","3664"
"673","55733"
"674","55758"
"675","7779"
"676","9926"
"677","100131205"
"678","5525"
"679","55248"
"680","467"
"681","642946"
"682","90806"
"683","100505832"
"684","56950"
"685","51133"
"686","7042"
"687","2058"
"688","55699"
"689","25782"
"690","4139"
"691","79762"
"692","54996"
"693","64757"
"694","3142"
"695","375056"
"696","148362"
"697","84976"
"698","55061"
"699","824"
"700","7159"
"701","23219"
"702","29097"
"703","80232"
"704","55740"
"705","6726"
"706","2052"
"707","29920"
"708","83881"
"709","142"
"710","5664"
"711","56997"
"712","8476"
"713","375"
"714","79169"
"715","2987"
"716","84033"
"717","81559"
"718","51127"
"719","92815"
"720","5867"
"721","55746"
"722","27097"
"723","9816"
"724","183"
"725","84886"
"726","79573"
"727","64801"
"728","128061"
"729","8443"
"730","149371"
"731","83932"
"732","54583"
"733","7257"
"734","27184"
"735","54627"
"736","3775"
"737","6894"
"738","23029"
"739","51742"
"740","9453"
"741","1130"
"742","7107"
"743","128178"
"744","3964"
"745","55127"
"746","1131"
"747","56776"
"748","10806"
"749","10000"
"750","159"
"751","51029"
"752","116228"
"753","284702"
"754","3192"
"755","64754"
"756","51097"
"757","100130097"
"758","93474"
"759","79862"
"760","388759"
"761","7678"
"762","84838"
"763","25893"
"764","343171"
"765","80851"
"766","79894"
"767","55657"
"768","22982"
"769","23185"
"770","23560"
"771","91734"
"772","3422"
"773","22884"
"774","10531"
"775","54906"
"776","2665"
"777","84893"
"778","84991"
"779","5209"
"780","439949"
"781","57713"
"782","80760"
"783","22944"
"784","509"
"785","10659"
"786","9712"
"787","79746"
"788","26019"
"789","55526"
"790","57118"
"791","83643"
"792","10133"
"793","5264"
"794","22929"
"795","222389"
"796","8559"
"797","83641"
"798","51182"
"799","64421"
"800","9397"
"801","80013"
"802","8029"
"803","100507347"
"804","783"
"805","221078"
"806","84898"
"807","10529"
"808","8028"
"809","64215"
"810","648"
"811","22921"
"812","256815"
"813","220213"
"814","79896"
"815","23590"
"816","10730"
"817","91452"
"818","143098"
"819","220906"
"820","6840"
"821","645954"
"822","220930"
"823","6935"
"824","94134"
"825","3799"
"826","8453"
"827","219771"
"828","57209"
"829","219749"
"830","7587"
"831","399744"
"832","441666"
"833","100129482"
"834","8187"
"835","220992"
"836","414208"
"837","83937"
"838","220979"
"839","220972"
"840","253725"
"841","119016"
"842","728407"
"843","100287932"
"844","8031"
"845","653268"
"846","728113"
"847","643650"
"848","5540"
"849","83849"
"850","414241"
"851","653145"
"852","642517"
"853","439965"
"854","102724488"
"855","100996758"
"856","414224"
"857","5599"
"858","196740"
"859","118461"
"860","8505"
"861","414189"
"862","387680"
"863","5592"
"864","23283"
"865","55847"
"866","7321"
"867","7019"
"868","80114"
"869","8030"
"870","9886"
"871","29982"
"872","221035"
"873","23411"
"874","64081"
"875","55680"
"876","1763"
"877","8034"
"878","80312"
"879","219736"
"880","79009"
"881","9188"
"882","9559"
"883","23555"
"884","55506"
"885","219743"
"886","5464"
"887","55222"
"888","1979"
"889","140766"
"890","219699"
"891","728978"
"892","55315"
"893","5660"
"894","9469"
"895","9806"
"896","51008"
"897","119504"
"898","54541"
"899","10367"
"900","90550"
"901","5033"
"902","23234"
"903","414245"
"904","118491"
"905","118490"
"906","159195"
"907","58529"
"908","729092"
"909","729096"
"910","170384"
"911","23053"
"912","100507331"
"913","8509"
"914","818"
"915","5328"
"916","7414"
"917","26985"
"918","132"
"919","23522"
"920","7417"
"921","118881"
"922","84858"
"923","3778"
"924","9231"
"925","100128292"
"926","6229"
"927","57178"
"928","10105"
"929","143244"
"930","642361"
"931","80195"
"932","311"
"933","81619"
"934","10718"
"935","27069"
"936","54462"
"937","2894"
"938","23063"
"939","657"
"940","79812"
"941","6623"
"942","54537"
"943","728118"
"944","439994"
"945","728130"
"946","9562"
"947","9060"
"948","84896"
"949","100132116"
"950","59"
"951","24138"
"952","387700"
"953","119369"
"954","84333"
"955","143279"
"956","5507"
"957","80351"
"958","22849"
"959","54708"
"960","3416"
"961","64318"
"962","23232"
"963","9124"
"964","10580"
"965","26123"
"966","953"
"967","56889"
"968","728658"
"969","102723665"
"970","26148"
"971","23401"
"972","23223"
"973","84287"
"974","64210"
"975","80019"
"976","55361"
"977","60370"
"978","118813"
"979","401647"
"980","84171"
"981","84795"
"982","3257"
"983","26507"
"984","2805"
"985","81894"
"986","10613"
"987","6319"
"988","25956"
"989","4714"
"990","57715"
"991","56652"
"992","84445"
"993","81855"
"994","8945"
"995","27343"
"996","25911"
"997","6468"
"998","10724"
"999","30819"
"1000","79803"
"1001","23082"
"1002","9221"
"1003","8729"
"1004","5662"
"1005","79176"
"1006","79004"
"1007","100505761"
"1008","79847"
"1009","10121"
"1010","81603"
"1011","403"
"1012","118980"
"1013","119032"
"1014","729020"
"1015","9118"
"1016","84108"
"1017","6877"
"1018","84833"
"1019","51063"
"1020","9148"
"1021","9644"
"1022","9748"
"1023","119391"
"1024","85450"
"1025","114815"
"1026","7511"
"1027","1847"
"1028","9126"
"1029","282996"
"1030","27250"
"1031","92482"
"1032","8036"
"1033","57678"
"1034","143187"
"1035","55088"
"1036","84632"
"1037","3983"
"1038","57700"
"1039","142940"
"1040","57698"
"1041","22841"
"1042","143384"
"1043","8661"
"1044","119559"
"1045","10935"
"1046","7073"
"1047","9531"
"1048","22876"
"1049","79892"
"1050","2263"
"1051","11101"
"1052","10579"
"1053","59338"
"1054","5654"
"1055","80007"
"1056","64376"
"1057","9184"
"1058","119587"
"1059","1488"
"1060","26098"
"1061","7390"
"1062","92565"
"1063","8038"
"1064","1793"
"1065","4255"
"1066","387723"
"1067","119437"
"1068","10570"
"1069","80313"
"1070","3632"
"1071","54777"
"1072","101"
"1073","118472"
"1074","282969"
"1075","1892"
"1076","196743"
"1077","100133161"
"1078","51272"
"1079","60626"
"1080","23410"
"1081","10410"
"1082","81490"
"1083","6050"
"1084","100506211"
"1085","57661"
"1086","6888"
"1087","347862"
"1088","171391"
"1089","105369190"
"1090","55367"
"1091","6181"
"1092","283229"
"1093","5441"
"1094","66005"
"1095","54472"
"1096","81532"
"1097","338651"
"1098","1509"
"1099","6150"
"1100","10078"
"1101","10984"
"1102","1028"
"1103","5002"
"1104","7262"
"1105","4676"
"1106","833"
"1107","114879"
"1108","116969"
"1109","27315"
"1110","6737"
"1111","55128"
"1112","112464"
"1113","6609"
"1114","322"
"1115","10612"
"1116","23378"
"1117","3611"
"1118","6881"
"1119","1200"
"1120","8642"
"1121","8495"
"1122","8665"
"1123","65975"
"1124","9866"
"1125","6157"
"1126","6764"
"1127","56672"
"1128","56674"
"1129","493900"
"1130","56675"
"1131","283102"
"1132","23258"
"1133","440026"
"1134","10527"
"1135","7702"
"1136","7465"
"1137","23075"
"1138","440028"
"1139","81846"
"1140","133"
"1141","100463486"
"1142","50862"
"1143","9646"
"1144","1982"
"1145","729013"
"1146","374378"
"1147","55031"
"1148","55742"
"1149","7003"
"1150","84280"
"1151","84188"
"1152","22800"
"1153","144100"
"1154","6207"
"1155","374383"
"1156","11234"
"1157","2965"
"1158","55293"
"1159","144108"
"1160","79733"
"1161","89797"
"1162","10196"
"1163","2188"
"1164","2620"
"1165","258010"
"1166","159963"
"1167","387758"
"1168","55366"
"1169","55327"
"1170","497258"
"1171","3739"
"1172","26610"
"1173","79832"
"1174","55346"
"1175","283267"
"1176","10114"
"1177","966"
"1178","26273"
"1179","25841"
"1180","847"
"1181","8050"
"1182","6506"
"1183","24147"
"1184","54765"
"1185","79899"
"1186","5896"
"1187","119710"
"1188","55761"
"1189","387763"
"1190","84680"
"1191","2132"
"1192","3732"
"1193","9537"
"1194","1408"
"1195","9479"
"1196","9409"
"1197","51317"
"1198","90993"
"1199","8525"
"1200","4192"
"1201","9776"
"1202","79797"
"1203","9793"
"1204","84364"
"1205","1643"
"1206","53"
"1207","91252"
"1208","5702"
"1209","10658"
"1210","55709"
"1211","23788"
"1212","23360"
"1213","219541"
"1214","51075"
"1215","9404"
"1216","80829"
"1217","5007"
"1218","79080"
"1219","79073"
"1220","54972"
"1221","1642"
"1222","220002"
"1223","79869"
"1224","745"
"1225","746"
"1226","7439"
"1227","2495"
"1228","79026"
"1229","64852"
"1230","9219"
"1231","256364"
"1232","6094"
"1233","26229"
"1234","23193"
"1235","80789"
"1236","102288414"
"1237","79081"
"1238","751071"
"1239","790955"
"1240","26580"
"1241","283237"
"1242","79842"
"1243","374395"
"1244","6811"
"1245","54663"
"1246","23642"
"1247","9303"
"1248","6520"
"1249","11145"
"1250","10313"
"1251","65998"
"1252","2011"
"1253","283248"
"1254","1351"
"1255","55611"
"1256","10963"
"1257","83707"
"1258","84304"
"1259","3338"
"1260","7423"
"1261","2286"
"1262","56834"
"1263","572"
"1264","25824"
"1265","283234"
"1266","4221"
"1267","10938"
"1268","23130"
"1269","402"
"1270","29901"
"1271","738"
"1272","7108"
"1273","2197"
"1274","740"
"1275","823"
"1276","10435"
"1277","5977"
"1278","283130"
"1279","83786"
"1280","378938"
"1281","57410"
"1282","10534"
"1283","23625"
"1284","4296"
"1285","399909"
"1286","6494"
"1287","84153"
"1288","91056"
"1289","254122"
"1290","1072"
"1291","9158"
"1292","11007"
"1293","8061"
"1294","10589"
"1295","9092"
"1296","84285"
"1297","8815"
"1298","89792"
"1299","55690"
"1300","64837"
"1301","256472"
"1302","57124"
"1303","9610"
"1304","25855"
"1305","3177"
"1306","65003"
"1307","10072"
"1308","582"
"1309","254359"
"1310","8722"
"1311","9973"
"1312","5936"
"1313","79703"
"1314","5091"
"1315","91683"
"1316","22992"
"1317","156"
"1318","338692"
"1319","5499"
"1320","57571"
"1321","6199"
"1322","57175"
"1323","80194"
"1324","9600"
"1325","10263"
"1326","4723"
"1327","254552"
"1328","347853"
"1329","221"
"1330","10312"
"1331","1119"
"1332","53838"
"1333","1374"
"1334","595"
"1335","220064"
"1336","8772"
"1337","8500"
"1338","2017"
"1339","1717"
"1340","55191"
"1341","55199"
"1342","100133315"
"1343","55298"
"1344","10068"
"1345","100128494"
"1346","220074"
"1347","25906"
"1348","2348"
"1349","3636"
"1350","5138"
"1351","10809"
"1352","9873"
"1353","5029"
"1354","84957"
"1355","5870"
"1356","7351"
"1357","26005"
"1358","51400"
"1359","283208"
"1360","283209"
"1361","387787"
"1362","254225"
"1363","100507050"
"1364","6188"
"1365","283212"
"1366","871"
"1367","84649"
"1368","5612"
"1369","100506127"
"1370","56946"
"1371","25987"
"1372","726"
"1373","5058"
"1374","1207"
"1375","51773"
"1376","28971"
"1377","79053"
"1378","27314"
"1379","51585"
"1380","338699"
"1381","1740"
"1382","55863"
"1383","58487"
"1384","8726"
"1385","10873"
"1386","11098"
"1387","8322"
"1388","1075"
"1389","50507"
"1390","10003"
"1391","120103"
"1392","56935"
"1393","692072"
"1394","677805"
"1395","9440"
"1396","24145"
"1397","54851"
"1398","2526"
"1399","154810"
"1400","10929"
"1401","23052"
"1402","143686"
"1403","143684"
"1404","79780"
"1405","8690"
"1406","57562"
"1407","10413"
"1408","330"
"1409","80310"
"1410","837"
"1411","4863"
"1412","143888"
"1413","85463"
"1414","2230"
"1415","143903"
"1416","79796"
"1417","64776"
"1418","1410"
"1419","3316"
"1420","85458"
"1421","1737"
"1422","120379"
"1423","55216"
"1424","26521"
"1425","83875"
"1426","4684"
"1427","100288346"
"1428","1813"
"1429","4837"
"1430","25996"
"1431","8882"
"1432","23387"
"1433","51092"
"1434","9159"
"1435","23621"
"1436","6327"
"1437","9354"
"1438","10632"
"1439","4297"
"1440","84866"
"1441","56912"
"1442","23187"
"1443","1656"
"1444","283149"
"1445","338657"
"1446","6230"
"1447","55823"
"1448","1798"
"1449","25988"
"1450","79671"
"1451","867"
"1452","79102"
"1453","220323"
"1454","23365"
"1455","2900"
"1456","219899"
"1457","6309"
"1458","6653"
"1459","84959"
"1460","79864"
"1461","3312"
"1462","57476"
"1463","84897"
"1464","79684"
"1465","63876"
"1466","9638"
"1467","9538"
"1468","3703"
"1469","219844"
"1470","84881"
"1471","55572"
"1472","114609"
"1473","2313"
"1474","9743"
"1475","56980"
"1476","6768"
"1477","29068"
"1478","170689"
"1479","50863"
"1480","4978"
"1481","83700"
"1482","112936"
"1483","27034"
"1484","5927"
"1485","84318"
"1486","283358"
"1487","4815"
"1488","100049716"
"1489","65125"
"1490","5893"
"1491","23085"
"1492","81029"
"1493","144699"
"1494","79602"
"1495","196513"
"1496","775"
"1497","2288"
"1498","83714"
"1499","83695"
"1500","7289"
"1501","7004"
"1502","10867"
"1503","57097"
"1504","103752584"
"1505","57103"
"1506","8798"
"1507","10566"
"1508","4704"
"1509","3742"
"1510","4908"
"1511","928"
"1512","4055"
"1513","678655"
"1514","6843"
"1515","51258"
"1516","2597"
"1517","25900"
"1518","4839"
"1519","1108"
"1520","57121"
"1521","171017"
"1522","8079"
"1523","5763"
"1524","27239"
"1525","2784"
"1526","8078"
"1527","10233"
"1528","1822"
"1529","11331"
"1530","10162"
"1531","5830"
"1532","144195"
"1533","6515"
"1534","55810"
"1535","440078"
"1536","8076"
"1537","57494"
"1538","1911"
"1539","144571"
"1540","642846"
"1541","29121"
"1542","8531"
"1543","2120"
"1544","100506248"
"1545","4040"
"1546","54682"
"1547","503693"
"1548","118426"
"1549","80824"
"1550","387841"
"1551","50865"
"1552","57613"
"1553","83445"
"1554","2012"
"1555","2904"
"1556","105369669"
"1557","55766"
"1558","144608"
"1559","51729"
"1560","11171"
"1561","51071"
"1562","55885"
"1563","728622"
"1564","5139"
"1565","51026"
"1566","80763"
"1567","2998"
"1568","10060"
"1569","6660"
"1570","586"
"1571","11228"
"1572","3709"
"1573","26127"
"1574","55711"
"1575","51290"
"1576","65981"
"1577","1663"
"1578","58516"
"1579","160518"
"1580","100874249"
"1581","196394"
"1582","440093"
"1583","55196"
"1584","10059"
"1585","51067"
"1586","5318"
"1587","144245"
"1588","55605"
"1589","120892"
"1590","283464"
"1591","10138"
"1592","51535"
"1593","83448"
"1594","51135"
"1595","5756"
"1596","4753"
"1597","51054"
"1598","196527"
"1599","196528"
"1600","347902"
"1601","10411"
"1602","55652"
"1603","51564"
"1604","79022"
"1605","5213"
"1606","121274"
"1607","54934"
"1608","904"
"1609","112"
"1610","784"
"1611","27289"
"1612","85478"
"1613","51303"
"1614","377"
"1615","8085"
"1616","55716"
"1617","7846"
"1618","84790"
"1619","84070"
"1620","91010"
"1621","57701"
"1622","100286844"
"1623","144233"
"1624","84987"
"1625","91012"
"1626","51474"
"1627","113251"
"1628","466"
"1629","4891"
"1630","25875"
"1631","81566"
"1632","6334"
"1633","160622"
"1634","3164"
"1635","60673"
"1636","3855"
"1637","3856"
"1638","1975"
"1639","283335"
"1640","23371"
"1641","3489"
"1642","283337"
"1643","84975"
"1644","5204"
"1645","8086"
"1646","6667"
"1647","54458"
"1648","5094"
"1649","11016"
"1650","517"
"1651","57658"
"1652","25946"
"1653","5502"
"1654","2647"
"1655","967"
"1656","10220"
"1657","84324"
"1658","29095"
"1659","102724112"
"1660","5869"
"1661","64375"
"1662","6231"
"1663","5036"
"1664","6171"
"1665","23344"
"1666","140465"
"1667","4637"
"1668","6601"
"1669","79035"
"1670","1431"
"1671","10330"
"1672","9924"
"1673","6773"
"1674","27165"
"1675","5939"
"1676","11176"
"1677","10728"
"1678","4666"
"1679","9880"
"1680","4665"
"1681","6778"
"1682","4035"
"1683","6472"
"1684","246329"
"1685","22864"
"1686","83729"
"1687","4141"
"1688","10540"
"1689","3798"
"1690","79837"
"1691","115557"
"1692","10956"
"1693","6302"
"1694","92979"
"1695","25895"
"1696","10677"
"1697","10106"
"1698","9194"
"1699","338811"
"1700","9958"
"1701","23041"
"1702","57460"
"1703","283417"
"1704","57522"
"1705","144577"
"1706","283349"
"1707","2799"
"1708","23592"
"1709","253827"
"1710","51643"
"1711","11213"
"1712","92797"
"1713","23426"
"1714","55832"
"1715","8445"
"1716","56890"
"1717","57122"
"1718","55508"
"1719","1368"
"1720","11052"
"1721","10818"
"1722","196446"
"1723","101928062"
"1724","8549"
"1725","55266"
"1726","23011"
"1727","64786"
"1728","11010"
"1729","4673"
"1730","5074"
"1731","29080"
"1732","55117"
"1733","400058"
"1734","160418"
"1735","4254"
"1736","490"
"1737","338758"
"1738","4060"
"1739","1634"
"1740","440107"
"1741","8411"
"1742","7334"
"1743","8835"
"1744","8738"
"1745","57458"
"1746","55967"
"1747","10988"
"1748","84101"
"1749","4048"
"1750","2004"
"1751","121441"
"1752","5250"
"1753","121457"
"1754","23074"
"1755","55681"
"1756","400"
"1757","79158"
"1758","7184"
"1759","728568"
"1760","29915"
"1761","50515"
"1762","84102"
"1763","9891"
"1764","255394"
"1765","55188"
"1766","90488"
"1767","11153"
"1768","9733"
"1769","121642"
"1770","7374"
"1771","326625"
"1772","84915"
"1773","51228"
"1774","88455"
"1775","488"
"1776","51184"
"1777","29902"
"1778","160760"
"1779","79600"
"1780","160762"
"1781","10019"
"1782","6311"
"1783","8315"
"1784","80724"
"1785","51275"
"1786","10961"
"1787","10906"
"1788","283450"
"1789","6128"
"1790","5781"
"1791","84934"
"1792","53373"
"1793","80024"
"1794","196463"
"1795","9904"
"1796","6926"
"1797","23389"
"1798","79794"
"1799","84900"
"1800","8739"
"1801","54997"
"1802","23014"
"1803","51347"
"1804","64426"
"1805","26353"
"1806","160777"
"1807","5564"
"1808","11021"
"1809","10985"
"1810","6175"
"1811","100506649"
"1812","23409"
"1813","1337"
"1814","283459"
"1815","8655"
"1816","100506668"
"1817","84274"
"1818","51367"
"1819","84747"
"1820","121665"
"1821","80196"
"1822","54509"
"1823","144406"
"1824","6249"
"1825","65117"
"1826","8562"
"1827","79720"
"1828","23457"
"1829","79676"
"1830","51329"
"1831","57605"
"1832","10198"
"1833","55206"
"1834","353116"
"1835","10959"
"1836","1967"
"1837","79867"
"1838","23545"
"1839","80212"
"1840","144348"
"1841","9612"
"1842","57647"
"1843","114795"
"1844","121260"
"1845","2054"
"1846","5901"
"1847","80324"
"1848","57634"
"1849","317781"
"1850","57666"
"1851","2802"
"1852","55743"
"1853","7574"
"1854","7637"
"1855","101060200"
"1856","284232"
"1857","9205"
"1858","7750"
"1859","2700"
"1860","221143"
"1861","26524"
"1862","10284"
"1863","650794"
"1864","221154"
"1865","4285"
"1866","5042"
"1867","9818"
"1868","387914"
"1869","6049"
"1870","10810"
"1871","219333"
"1872","6144"
"1873","432369"
"1874","255967"
"1875","2321"
"1876","23281"
"1877","6541"
"1878","5412"
"1879","84056"
"1880","10208"
"1881","23047"
"1882","90627"
"1883","26960"
"1884","8900"
"1885","4093"
"1886","55578"
"1887","122011"
"1888","10631"
"1889","51569"
"1890","80209"
"1891","387921"
"1892","10186"
"1893","2308"
"1894","10166"
"1895","1997"
"1896","11193"
"1897","89890"
"1898","84078"
"1899","9617"
"1900","79612"
"1901","23078"
"1902","11215"
"1903","55068"
"1904","160857"
"1905","144811"
"1906","101929212"
"1907","8848"
"1908","641467"
"1909","55425"
"1910","7178"
"1911","100190939"
"1912","83548"
"1913","23091"
"1914","8803"
"1915","55270"
"1916","5925"
"1917","1102"
"1918","22862"
"1919","81617"
"1920","55213"
"1921","3839"
"1922","57213"
"1923","145165"
"1924","79621"
"1925","220108"
"1926","26512"
"1927","100507398"
"1928","115825"
"1929","540"
"1930","440138"
"1931","9724"
"1932","4752"
"1933","100887750"
"1934","55901"
"1935","51028"
"1936","10910"
"1937","5100"
"1938","27253"
"1939","81624"
"1940","81550"
"1941","440145"
"1942","22894"
"1943","688"
"1944","11278"
"1945","9882"
"1946","170622"
"1947","7347"
"1948","4008"
"1949","115207"
"1950","26224"
"1951","23077"
"1952","122060"
"1953","5457"
"1954","64062"
"1955","54602"
"1956","407975"
"1957","10257"
"1958","10150"
"1959","5911"
"1960","3843"
"1961","8428"
"1962","23348"
"1963","100289373"
"1964","337867"
"1965","9375"
"1966","171425"
"1967","5095"
"1968","7174"
"1969","93081"
"1970","79070"
"1971","2073"
"1972","55082"
"1973","728215"
"1974","55647"
"1975","55739"
"1976","79587"
"1977","105376684"
"1978","283487"
"1979","55608"
"1980","8874"
"1981","10426"
"1982","23250"
"1983","55795"
"1984","8451"
"1985","3916"
"1986","79774"
"1987","101928841"
"1988","22821"
"1989","65110"
"1990","283489"
"1991","57820"
"1992","7011"
"1993","328"
"1994","6035"
"1995","55701"
"1996","3183"
"1997","11198"
"1998","57680"
"1999","84932"
"2000","9878"
"2001","1603"
"2002","63874"
"2003","5018"
"2004","9056"
"2005","26020"
"2006","54930"
"2007","84962"
"2008","60686"
"2009","5693"
"2010","55017"
"2011","57594"
"2012","90673"
"2013","105378176"
"2014","8106"
"2015","116173"
"2016","25983"
"2017","102724814"
"2018","55449"
"2019","10901"
"2020","317749"
"2021","4901"
"2022","80344"
"2023","9985"
"2024","79711"
"2025","10548"
"2026","283629"
"2027","4738"
"2028","51292"
"2029","26277"
"2030","7051"
"2031","161424"
"2032","56413"
"2033","57523"
"2034","23351"
"2035","56948"
"2036","23256"
"2037","29966"
"2038","11154"
"2039","25831"
"2040","112487"
"2041","84837"
"2042","64067"
"2043","112399"
"2044","55837"
"2045","1073"
"2046","6729"
"2047","283635"
"2048","55012"
"2049","9692"
"2050","5687"
"2051","4792"
"2052","84312"
"2053","10484"
"2054","122553"
"2055","4253"
"2056","254170"
"2057","145581"
"2058","122525"
"2059","23116"
"2060","2287"
"2061","57697"
"2062","161357"
"2063","6235"
"2064","6029"
"2065","4247"
"2066","55172"
"2067","122773"
"2068","23588"
"2069","378706"
"2070","382"
"2071","6655"
"2072","79944"
"2073","8814"
"2074","11183"
"2075","51062"
"2076","60485"
"2077","51199"
"2078","81542"
"2079","122786"
"2080","145438"
"2081","22795"
"2082","5706"
"2083","10979"
"2084","10175"
"2085","10668"
"2086","122809"
"2087","55030"
"2088","22863"
"2089","100129075"
"2090","3895"
"2091","57161"
"2092","54916"
"2093","10640"
"2094","55745"
"2095","122830"
"2096","55860"
"2097","5684"
"2098","5926"
"2099","51339"
"2100","64582"
"2101","112849"
"2102","51528"
"2103","51635"
"2104","5583"
"2105","6617"
"2106","5529"
"2107","4522"
"2108","7597"
"2109","22890"
"2110","3306"
"2111","26030"
"2112","6710"
"2113","376267"
"2114","2342"
"2115","4149"
"2116","2530"
"2117","10243"
"2118","64398"
"2119","51382"
"2120","1965"
"2121","161145"
"2122","51109"
"2123","677"
"2124","87"
"2125","8816"
"2126","2079"
"2127","55334"
"2128","9766"
"2129","6430"
"2130","10001"
"2131","22990"
"2132","26037"
"2133","9628"
"2134","8110"
"2135","53349"
"2136","5663"
"2137","89932"
"2138","8650"
"2139","79697"
"2140","145482"
"2141","145483"
"2142","51004"
"2143","80127"
"2144","91750"
"2145","4053"
"2146","9870"
"2147","51077"
"2148","283571"
"2149","1743"
"2150","83694"
"2151","8892"
"2152","97"
"2153","91754"
"2154","10972"
"2155","2353"
"2156","122953"
"2157","55640"
"2158","11161"
"2159","23093"
"2160","112752"
"2161","2103"
"2162","100506603"
"2163","64207"
"2164","85457"
"2165","57156"
"2166","29954"
"2167","2954"
"2168","283578"
"2169","10598"
"2170","9517"
"2171","2957"
"2172","85439"
"2173","6400"
"2174","23768"
"2175","55812"
"2176","11099"
"2177","79882"
"2178","161436"
"2179","1112"
"2180","400236"
"2181","90141"
"2182","55775"
"2183","56659"
"2184","145567"
"2185","80017"
"2186","9321"
"2187","4707"
"2188","53981"
"2189","79890"
"2190","5641"
"2191","9950"
"2192","3705"
"2193","64112"
"2194","84520"
"2195","55148"
"2196","55727"
"2197","57578"
"2198","57062"
"2199","83982"
"2200","57718"
"2201","12"
"2202","23405"
"2203","79789"
"2204","283596"
"2205","51218"
"2206","56967"
"2207","624"
"2208","55102"
"2209","51527"
"2210","10914"
"2211","84193"
"2212","8812"
"2213","317762"
"2214","2009"
"2215","7528"
"2216","7453"
"2217","79446"
"2218","8788"
"2219","5527"
"2220","1778"
"2221","3320"
"2222","91833"
"2223","9895"
"2224","23186"
"2225","9578"
"2226","4140"
"2227","9529"
"2228","79038"
"2229","23368"
"2230","9556"
"2231","400258"
"2232","388021"
"2233","64423"
"2234","10572"
"2235","122616"
"2236","55038"
"2237","102723354"
"2238","256281"
"2239","2972"
"2240","23241"
"2241","100507437"
"2242","9112"
"2243","283755"
"2244","646214"
"2245","646243"
"2246","100132101"
"2247","400322"
"2248","23191"
"2249","114791"
"2250","4692"
"2251","6638"
"2252","347746"
"2253","8123"
"2254","338428"
"2255","100033416"
"2256","100033431"
"2257","100033432"
"2258","3653"
"2259","7337"
"2260","2562"
"2261","8924"
"2262","440248"
"2263","646278"
"2264","56160"
"2265","7082"
"2266","728498"
"2267","22909"
"2268","54893"
"2269","51621"
"2270","1139"
"2271","26585"
"2272","6263"
"2273","56851"
"2274","440270"
"2275","57369"
"2276","101928174"
"2277","723972"
"2278","84529"
"2279","161742"
"2280","10125"
"2281","11245"
"2282","440275"
"2283","90427"
"2284","56924"
"2285","100131244"
"2286","388115"
"2287","85455"
"2288","90416"
"2289","27079"
"2290","2644"
"2291","643338"
"2292","84936"
"2293","6692"
"2294","57617"
"2295","79094"
"2296","11261"
"2297","51103"
"2298","23168"
"2299","4058"
"2300","26015"
"2301","30844"
"2302","23339"
"2303","2595"
"2304","64397"
"2305","8773"
"2306","255252"
"2307","55142"
"2308","57519"
"2309","146059"
"2310","197131"
"2311","9836"
"2312","161823"
"2313","146050"
"2314","2923"
"2315","80237"
"2316","10169"
"2317","728758"
"2318","113201"
"2319","51496"
"2320","567"
"2321","90525"
"2322","2628"
"2323","79029"
"2324","7782"
"2325","58472"
"2326","80031"
"2327","50804"
"2328","2200"
"2329","23741"
"2330","9728"
"2331","2252"
"2332","2553"
"2333","55056"
"2334","100129387"
"2335","84888"
"2336","23431"
"2337","23312"
"2338","256586"
"2339","29767"
"2340","29766"
"2341","5597"
"2342","10681"
"2343","55930"
"2344","4644"
"2345","10776"
"2346","51187"
"2347","9236"
"2348","145788"
"2349","4734"
"2350","64864"
"2351","374618"
"2352","6938"
"2353","100820829"
"2354","102"
"2355","4643"
"2356","2958"
"2357","54832"
"2358","114294"
"2359","771"
"2360","9960"
"2361","283807"
"2362","8925"
"2363","79856"
"2364","5479"
"2365","53944"
"2366","4947"
"2367","348093"
"2368","348094"
"2369","10081"
"2370","10845"
"2371","54956"
"2372","54878"
"2373","51495"
"2374","10260"
"2375","8766"
"2376","115752"
"2377","5604"
"2378","6124"
"2379","4091"
"2380","4088"
"2381","64799"
"2382","8554"
"2383","54982"
"2384","22801"
"2385","10391"
"2386","8125"
"2387","26035"
"2388","54852"
"2389","6176"
"2390","7090"
"2391","55323"
"2392","79875"
"2393","4649"
"2394","123228"
"2395","56965"
"2396","3073"
"2397","25820"
"2398","585"
"2399","83440"
"2400","101241892"
"2401","80381"
"2402","100287616"
"2403","9399"
"2404","5371"
"2405","64220"
"2406","1583"
"2407","8482"
"2408","1198"
"2409","1445"
"2410","25989"
"2411","10066"
"2412","57184"
"2413","9377"
"2414","54913"
"2415","56905"
"2416","79661"
"2417","4123"
"2418","1464"
"2419","26263"
"2420","145957"
"2421","49855"
"2422","10099"
"2423","79834"
"2424","10363"
"2425","23102"
"2426","3419"
"2427","3658"
"2428","123688"
"2429","1512"
"2430","5923"
"2431","23423"
"2432","23251"
"2433","400410"
"2434","283687"
"2435","54469"
"2436","2184"
"2437","23184"
"2438","390660"
"2439","100134869"
"2440","440295"
"2441","80154"
"2442","642402"
"2443","6218"
"2444","100505616"
"2445","9455"
"2446","83640"
"2447","53339"
"2448","53346"
"2449","50810"
"2450","440300"
"2451","388152"
"2452","643707"
"2453","374650"
"2454","388165"
"2455","54993"
"2456","54581"
"2457","4828"
"2458","23478"
"2459","9640"
"2460","642423"
"2461","101929479"
"2462","100133220"
"2463","64410"
"2464","64963"
"2465","3669"
"2466","5428"
"2467","51458"
"2468","374654"
"2469","8800"
"2470","10519"
"2471","390637"
"2472","51335"
"2473","64784"
"2474","55898"
"2475","9899"
"2476","400451"
"2477","1106"
"2478","440311"
"2479","7026"
"2480","91947"
"2481","3480"
"2482","23336"
"2483","7190"
"2484","4205"
"2485","145748"
"2486","170691"
"2487","55180"
"2488","140460"
"2489","22856"
"2490","6627"
"2491","123283"
"2492","100128108"
"2493","105376734"
"2494","101927628"
"2495","374666"
"2496","51728"
"2497","79622"
"2498","4350"
"2499","83986"
"2500","8312"
"2501","58986"
"2502","26063"
"2503","9727"
"2504","6650"
"2505","9091"
"2506","57799"
"2507","84326"
"2508","89941"
"2509","9028"
"2510","10273"
"2511","146330"
"2512","65990"
"2513","84264"
"2514","64788"
"2515","7329"
"2516","8938"
"2517","115939"
"2518","84572"
"2519","64718"
"2520","283951"
"2521","645811"
"2522","9894"
"2523","9742"
"2524","23162"
"2525","4832"
"2526","197342"
"2527","90864"
"2528","10101"
"2529","81889"
"2530","51734"
"2531","4716"
"2532","6187"
"2533","735301"
"2534","2671"
"2535","9143"
"2536","90850"
"2537","4913"
"2538","7249"
"2539","25837"
"2540","84231"
"2541","1775"
"2542","1632"
"2543","10921"
"2544","57465"
"2545","527"
"2546","5170"
"2547","652276"
"2548","645644"
"2549","83886"
"2550","23524"
"2551","6923"
"2552","114984"
"2553","84256"
"2554","54985"
"2555","79228"
"2556","100507419"
"2557","100507458"
"2558","7760"
"2559","7752"
"2560","10127"
"2561","7627"
"2562","7727"
"2563","146434"
"2564","1773"
"2565","10131"
"2566","1387"
"2567","115"
"2568","6345"
"2569","84662"
"2570","57407"
"2571","3163"
"2572","29965"
"2573","124402"
"2574","84309"
"2575","124401"
"2576","26048"
"2577","29855"
"2578","9717"
"2579","51172"
"2580","196483"
"2581","79091"
"2582","23589"
"2583","7874"
"2584","29035"
"2585","2903"
"2586","80063"
"2587","23274"
"2588","8651"
"2589","9516"
"2590","51061"
"2591","26156"
"2592","2935"
"2593","92017"
"2594","729993"
"2595","51283"
"2596","23420"
"2597","23042"
"2598","123803"
"2599","353511"
"2600","105369154"
"2601","54820"
"2602","4363"
"2603","408050"
"2604","102723728"
"2605","283820"
"2606","653190"
"2607","6210"
"2608","23049"
"2609","162073"
"2610","51573"
"2611","57020"
"2612","124152"
"2613","55623"
"2614","123879"
"2615","57149"
"2616","1428"
"2617","23117"
"2618","100271836"
"2619","387254"
"2620","51108"
"2621","440345"
"2622","7385"
"2623","255762"
"2624","730094"
"2625","55718"
"2626","100131998"
"2627","641298"
"2628","100132247"
"2629","57478"
"2630","91949"
"2631","23062"
"2632","124454"
"2633","56061"
"2634","4706"
"2635","79728"
"2636","84516"
"2637","5930"
"2638","55114"
"2639","342357"
"2640","3566"
"2641","2975"
"2642","23247"
"2643","23214"
"2644","728689"
"2645","112869"
"2646","6799"
"2647","728734"
"2648","8663"
"2649","11273"
"2650","7284"
"2651","25970"
"2652","487"
"2653","79874"
"2654","84901"
"2655","83985"
"2656","27040"
"2657","728888"
"2658","552900"
"2659","440354"
"2660","23475"
"2661","79447"
"2662","9961"
"2663","253982"
"2664","253980"
"2665","124446"
"2666","9344"
"2667","283899"
"2668","8448"
"2669","226"
"2670","83719"
"2671","654483"
"2672","548593"
"2673","100526830"
"2674","613037"
"2675","595101"
"2676","26000"
"2677","197407"
"2678","51333"
"2679","79077"
"2680","22928"
"2681","65988"
"2682","146540"
"2683","115509"
"2684","78994"
"2685","64319"
"2686","100862671"
"2687","5261"
"2688","9274"
"2689","1489"
"2690","9739"
"2691","80270"
"2692","79759"
"2693","339105"
"2694","79001"
"2695","10295"
"2696","5652"
"2697","2521"
"2698","7041"
"2699","440359"
"2700","124411"
"2701","10308"
"2702","386757"
"2703","55737"
"2704","5257"
"2705","83752"
"2706","100507577"
"2707","6477"
"2708","9683"
"2709","869"
"2710","80205"
"2711","64400"
"2712","79191"
"2713","4313"
"2714","54947"
"2715","6530"
"2716","1066"
"2717","583"
"2718","4502"
"2719","9688"
"2720","84166"
"2721","80011"
"2722","89970"
"2723","23568"
"2724","6376"
"2725","10300"
"2726","3801"
"2727","79650"
"2728","29105"
"2729","1459"
"2730","29070"
"2731","79918"
"2732","23019"
"2733","2806"
"2734","123920"
"2735","146223"
"2736","1783"
"2737","57546"
"2738","51647"
"2739","8824"
"2740","283848"
"2741","865"
"2742","80262"
"2743","84752"
"2744","8717"
"2745","653319"
"2746","79767"
"2747","29100"
"2748","29109"
"2749","29800"
"2750","9114"
"2751","10664"
"2752","146206"
"2753","84080"
"2754","388284"
"2755","81577"
"2756","57610"
"2757","55815"
"2758","57215"
"2759","10204"
"2760","1506"
"2761","5699"
"2762","55794"
"2763","4775"
"2764","80004"
"2765","23659"
"2766","9057"
"2767","54496"
"2768","55512"
"2769","146198"
"2770","54921"
"2771","84916"
"2772","64146"
"2773","51388"
"2774","7014"
"2775","10725"
"2776","283970"
"2777","100506060"
"2778","55308"
"2779","197258"
"2780","23450"
"2781","92154"
"2782","794"
"2783","164"
"2784","342371"
"2785","55565"
"2786","54957"
"2787","9785"
"2788","463"
"2789","283922"
"2790","440348"
"2791","2734"
"2792","55159"
"2793","9564"
"2794","124491"
"2795","11345"
"2796","3735"
"2797","22879"
"2798","100130958"
"2799","56942"
"2800","23300"
"2801","2653"
"2802","80790"
"2803","3281"
"2804","23417"
"2805","8720"
"2806","83693"
"2807","9013"
"2808","79786"
"2809","9100"
"2810","83716"
"2811","55625"
"2812","23199"
"2813","10328"
"2814","2303"
"2815","100506581"
"2816","79791"
"2817","23174"
"2818","54758"
"2819","105371397"
"2820","8140"
"2821","54971"
"2822","84627"
"2823","161882"
"2824","124245"
"2825","4597"
"2826","197187"
"2827","333929"
"2828","115992"
"2829","348180"
"2830","353"
"2831","2588"
"2832","51693"
"2833","197320"
"2834","105371414"
"2835","6687"
"2836","6137"
"2837","27132"
"2838","124045"
"2839","9605"
"2840","100128881"
"2841","92822"
"2842","84501"
"2843","22980"
"2844","4157"
"2845","10381"
"2846","54849"
"2847","92806"
"2848","79007"
"2849","2622"
"2850","9501"
"2851","55275"
"2852","50628"
"2853","55178"
"2854","29"
"2855","1398"
"2856","4641"
"2857","5306"
"2858","8578"
"2859","727910"
"2860","124997"
"2861","6117"
"2862","3090"
"2863","23293"
"2864","55720"
"2865","4335"
"2866","105371592"
"2867","162514"
"2868","1497"
"2869","100533970"
"2870","30851"
"2871","83460"
"2872","5026"
"2873","3682"
"2874","5023"
"2875","489"
"2876","23140"
"2877","124936"
"2878","51479"
"2879","7326"
"2880","409"
"2881","5694"
"2882","5338"
"2883","2811"
"2884","8402"
"2885","26001"
"2886","5216"
"2887","9552"
"2888","23125"
"2889","10749"
"2890","124961"
"2891","7775"
"2892","101928000"
"2893","9098"
"2894","4927"
"2895","84268"
"2896","708"
"2897","56919"
"2898","51009"
"2899","79003"
"2900","728392"
"2901","22861"
"2902","23302"
"2903","83394"
"2904","84817"
"2905","388327"
"2906","100506713"
"2907","201232"
"2908","432"
"2909","37"
"2910","11337"
"2911","23399"
"2912","23587"
"2913","1984"
"2914","2874"
"2915","9744"
"2916","147040"
"2917","8711"
"2918","254863"
"2919","284114"
"2920","2256"
"2921","1140"
"2922","57659"
"2923","8742"
"2924","968"
"2925","9526"
"2926","9513"
"2927","7157"
"2928","55135"
"2929","1949"
"2930","23135"
"2931","84316"
"2932","1107"
"2933","284023"
"2934","58485"
"2935","116840"
"2936","5187"
"2937","84314"
"2938","54785"
"2939","399512"
"2940","29098"
"2941","6154"
"2942","81565"
"2943","9423"
"2944","8522"
"2945","4621"
"2946","6341"
"2947","56985"
"2948","388335"
"2949","7566"
"2950","6416"
"2951","9912"
"2952","60528"
"2953","9953"
"2954","84815"
"2955","5376"
"2956","201158"
"2957","136"
"2958","9611"
"2959","7314"
"2960","125144"
"2961","388341"
"2962","23164"
"2963","201164"
"2964","201163"
"2965","8533"
"2966","10400"
"2967","10743"
"2968","6720"
"2969","146691"
"2970","91647"
"2971","79018"
"2972","54890"
"2973","2314"
"2974","125170"
"2975","7156"
"2976","5636"
"2977","125206"
"2978","644815"
"2979","27077"
"2980","5598"
"2981","224"
"2982","9706"
"2983","105369205"
"2984","25979"
"2985","256302"
"2986","5606"
"2987","339263"
"2988","100462977"
"2989","26118"
"2990","8844"
"2991","201229"
"2992","90410"
"2993","7126"
"2994","26073"
"2995","147007"
"2996","113235"
"2997","9094"
"2998","124923"
"2999","9703"
"3000","6388"
"3001","6830"
"3002","83871"
"3003","6147"
"3004","9618"
"3005","26284"
"3006","2319"
"3007","147015"
"3008","57649"
"3009","51268"
"3010","57532"
"3011","105371931"
"3012","57551"
"3013","84940"
"3014","642"
"3015","1362"
"3016","147172"
"3017","440423"
"3018","84440"
"3019","55352"
"3020","23512"
"3021","114659"
"3022","8851"
"3023","4642"
"3024","6347"
"3025","10693"
"3026","91603"
"3027","105371932"
"3028","55106"
"3029","163"
"3030","91608"
"3031","8148"
"3032","414062"
"3033","101060321"
"3034","80179"
"3035","79922"
"3036","26574"
"3037","6871"
"3038","11072"
"3039","11276"
"3040","101060351"
"3041","101060376"
"3042","101060389"
"3043","101929950"
"3044","102723859"
"3045","440434"
"3046","84311"
"3047","4302"
"3048","284106"
"3049","7703"
"3050","5691"
"3051","8396"
"3052","54883"
"3053","9349"
"3054","3927"
"3055","782"
"3056","6143"
"3057","5469"
"3058","93210"
"3059","2064"
"3060","94103"
"3061","9862"
"3062","7067"
"3063","9572"
"3064","51195"
"3065","5914"
"3066","125111"
"3067","6605"
"3068","9001"
"3069","3728"
"3070","10609"
"3071","115024"
"3072","1267"
"3073","28511"
"3074","5878"
"3075","84514"
"3076","6774"
"3077","284119"
"3078","4669"
"3079","7283"
"3080","27175"
"3081","79990"
"3082","2145"
"3083","10266"
"3084","65266"
"3085","8678"
"3086","10197"
"3087","314"
"3088","8639"
"3089","100885850"
"3090","100885848"
"3091","146923"
"3092","6155"
"3093","8153"
"3094","4077"
"3095","113277"
"3096","379"
"3097","1659"
"3098","2118"
"3099","1845"
"3100","4356"
"3101","162417"
"3102","92579"
"3103","92591"
"3104","339201"
"3105","79089"
"3106","2896"
"3107","284069"
"3108","23131"
"3109","284071"
"3110","80174"
"3111","10052"
"3112","9343"
"3113","388389"
"3114","2670"
"3115","79877"
"3116","79777"
"3117","124790"
"3118","752"
"3119","201176"
"3120","55073"
"3121","4137"
"3122","284058"
"3123","9884"
"3124","100506084"
"3125","728806"
"3126","51326"
"3127","474170"
"3128","4905"
"3129","9570"
"3130","3690"
"3131","124989"
"3132","653479"
"3133","9520"
"3134","9755"
"3135","124995"
"3136","6668"
"3137","55163"
"3138","4779"
"3139","3212"
"3140","3213"
"3141","3214"
"3142","516"
"3143","10642"
"3144","22834"
"3145","5245"
"3146","11248"
"3147","3675"
"3148","201191"
"3149","84687"
"3150","1101"
"3151","84073"
"3152","64847"
"3153","91369"
"3154","400604"
"3155","9043"
"3156","10040"
"3157","1353"
"3158","7706"
"3159","59342"
"3160","8165"
"3161","124540"
"3162","404093"
"3163","101929185"
"3164","140735"
"3165","6827"
"3166","9110"
"3167","22843"
"3168","4591"
"3169","348235"
"3170","55181"
"3171","388403"
"3172","51651"
"3173","6198"
"3174","101927755"
"3175","653645"
"3176","653653"
"3177","84669"
"3178","10513"
"3179","8493"
"3180","54828"
"3181","388407"
"3182","342538"
"3183","9969"
"3184","11011"
"3185","26115"
"3186","1534"
"3187","10238"
"3188","4215"
"3189","80774"
"3190","729683"
"3191","92335"
"3192","57003"
"3193","11325"
"3194","117246"
"3195","55852"
"3196","1655"
"3197","100616387"
"3198","100616408"
"3199","90799"
"3200","146880"
"3201","440456"
"3202","374819"
"3203","10672"
"3204","8787"
"3205","5578"
"3206","27092"
"3207","2186"
"3208","100499466"
"3209","51321"
"3210","22901"
"3211","5573"
"3212","55062"
"3213","54757"
"3214","10351"
"3215","23461"
"3216","400617"
"3217","201266"
"3218","9382"
"3219","84923"
"3220","6169"
"3221","94015"
"3222","9368"
"3223","26151"
"3224","54868"
"3225","283987"
"3226","23510"
"3227","10476"
"3228","9121"
"3229","23163"
"3230","51081"
"3231","57409"
"3232","60386"
"3233","2885"
"3234","9772"
"3235","57513"
"3236","80022"
"3237","9400"
"3238","643008"
"3239","29115"
"3240","3691"
"3241","2584"
"3242","3021"
"3243","85451"
"3244","201294"
"3245","23558"
"3246","91107"
"3247","64978"
"3248","85302"
"3249","51"
"3250","23265"
"3251","5635"
"3252","63893"
"3253","768206"
"3254","100507246"
"3255","23210"
"3256","124512"
"3257","6427"
"3258","79157"
"3259","6397"
"3260","10801"
"3261","100131096"
"3262","9144"
"3263","125061"
"3264","9021"
"3265","57602"
"3266","114897"
"3267","64772"
"3268","57332"
"3269","8535"
"3270","2548"
"3271","9775"
"3272","79092"
"3273","6448"
"3274","284129"
"3275","57674"
"3276","4884"
"3277","440465"
"3278","9625"
"3279","22994"
"3280","146705"
"3281","284184"
"3282","124565"
"3283","25794"
"3284","80233"
"3285","83882"
"3286","339229"
"3287","339230"
"3288","339231"
"3289","9146"
"3290","10189"
"3291","51529"
"3292","51547"
"3293","4097"
"3294","92659"
"3295","255275"
"3296","5881"
"3297","5986"
"3298","2873"
"3299","284001"
"3300","1453"
"3301","79701"
"3302","79415"
"3303","26502"
"3304","3607"
"3305","56270"
"3306","79672"
"3307","284207"
"3308","388574"
"3309","727758"
"3310","81035"
"3311","27098"
"3312","55556"
"3313","7525"
"3314","23347"
"3315","84034"
"3316","9663"
"3317","727896"
"3318","10627"
"3319","103910"
"3320","7050"
"3321","7541"
"3322","23136"
"3323","645369"
"3324","79822"
"3325","5797"
"3326","201475"
"3327","23255"
"3328","101927275"
"3329","23253"
"3330","10928"
"3331","9989"
"3332","147495"
"3333","57132"
"3334","65258"
"3335","84617"
"3336","10650"
"3337","56907"
"3338","56984"
"3339","79959"
"3340","81929"
"3341","55125"
"3342","753"
"3343","162655"
"3344","440482"
"3345","6093"
"3346","80000"
"3347","57534"
"3348","100128893"
"3349","64693"
"3350","85019"
"3351","8780"
"3352","4864"
"3353","3909"
"3354","125488"
"3355","114876"
"3356","25925"
"3357","6760"
"3358","6875"
"3359","284252"
"3360","1000"
"3361","1824"
"3362","1829"
"3363","22878"
"3364","51444"
"3365","64762"
"3366","80816"
"3367","7572"
"3368","252884"
"3369","55250"
"3370","80206"
"3371","25941"
"3372","57536"
"3373","498"
"3374","115106"
"3375","147339"
"3376","29906"
"3377","83473"
"3378","51124"
"3379","4087"
"3380","9811"
"3381","4092"
"3382","54808"
"3383","4152"
"3384","30827"
"3385","5596"
"3386","4200"
"3387","55520"
"3388","4089"
"3389","2235"
"3390","4677"
"3391","5205"
"3392","115701"
"3393","55205"
"3394","90701"
"3395","3998"
"3396","5366"
"3397","220441"
"3398","57614"
"3399","9525"
"3400","8710"
"3401","5271"
"3402","92126"
"3403","10666"
"3404","9306"
"3405","147381"
"3406","81832"
"3407","201456"
"3408","29090"
"3409","1528"
"3410","55748"
"3411","400657"
"3412","55628"
"3413","9658"
"3414","101927989"
"3415","7776"
"3416","374868"
"3417","9150"
"3418","440498"
"3419","10907"
"3420","79863"
"3421","22850"
"3422","997"
"3423","610"
"3424","55658"
"3425","5725"
"3426","79948"
"3427","1820"
"3428","91304"
"3429","1265"
"3430","10347"
"3431","5434"
"3432","2879"
"3433","6794"
"3434","255057"
"3435","513"
"3436","90007"
"3437","148046"
"3438","1153"
"3439","55009"
"3440","1943"
"3441","374291"
"3442","2593"
"3443","26528"
"3444","6209"
"3445","10297"
"3446","148223"
"3447","399664"
"3448","53615"
"3449","10975"
"3450","6929"
"3451","57455"
"3452","100288123"
"3453","83855"
"3454","81926"
"3455","113179"
"3456","113178"
"3457","1455"
"3458","2872"
"3459","113177"
"3460","8943"
"3461","268"
"3462","4946"
"3463","56928"
"3464","26517"
"3465","84823"
"3466","4616"
"3467","6449"
"3468","7064"
"3469","115196"
"3470","126295"
"3471","58492"
"3472","79816"
"3473","166"
"3474","56926"
"3475","60680"
"3476","4782"
"3477","83475"
"3478","126321"
"3479","100128569"
"3480","10362"
"3481","58509"
"3482","23396"
"3483","1613"
"3484","693222"
"3485","1938"
"3486","5605"
"3487","55702"
"3488","55620"
"3489","6455"
"3490","84717"
"3491","729359"
"3492","440503"
"3493","56005"
"3494","55527"
"3495","10226"
"3496","23030"
"3497","9667"
"3498","374875"
"3499","25873"
"3500","9361"
"3501","126328"
"3502","400673"
"3503","828"
"3504","8498"
"3505","5990"
"3506","4298"
"3507","84266"
"3508","2962"
"3509","8570"
"3510","10382"
"3511","56927"
"3512","9322"
"3513","79230"
"3514","23370"
"3515","92960"
"3516","57192"
"3517","57662"
"3518","56949"
"3519","100131801"
"3520","6813"
"3521","115704"
"3522","80164"
"3523","388499"
"3524","80131"
"3525","100507588"
"3526","404217"
"3527","1994"
"3528","79603"
"3529","51293"
"3530","4701"
"3531","6234"
"3532","256949"
"3533","51129"
"3534","100507567"
"3535","9230"
"3536","51257"
"3537","4670"
"3538","148156"
"3539","57693"
"3540","374879"
"3541","10781"
"3542","79088"
"3543","101928238"
"3544","7675"
"3545","93134"
"3546","284385"
"3547","162993"
"3548","54850"
"3549","59286"
"3550","5300"
"3551","93145"
"3552","56342"
"3553","5032"
"3554","1786"
"3555","9294"
"3556","3383"
"3557","100125288"
"3558","112812"
"3559","125950"
"3560","11140"
"3561","1032"
"3562","57153"
"3563","147727"
"3564","3609"
"3565","81890"
"3566","1785"
"3567","90580"
"3568","3949"
"3569","374882"
"3570","126075"
"3571","126074"
"3572","57139"
"3573","5589"
"3574","115950"
"3575","51295"
"3576","84337"
"3577","199692"
"3578","55552"
"3579","126068"
"3580","126070"
"3581","90594"
"3582","90592"
"3583","284390"
"3584","163059"
"3585","284391"
"3586","388507"
"3587","100529855"
"3588","90589"
"3589","7695"
"3590","147837"
"3591","79973"
"3592","90576"
"3593","10224"
"3594","163051"
"3595","57474"
"3596","163049"
"3597","84292"
"3598","51398"
"3599","1725"
"3600","84261"
"3601","30000"
"3602","79002"
"3603","439"
"3604","3726"
"3605","2639"
"3606","256126"
"3607","811"
"3608","55621"
"3609","112939"
"3610","8677"
"3611","84245"
"3612","65249"
"3613","90379"
"3614","5989"
"3615","90378"
"3616","100507373"
"3617","976"
"3618","10755"
"3619","3337"
"3620","10270"
"3621","26993"
"3622","58525"
"3623","7171"
"3624","26017"
"3625","10365"
"3626","58513"
"3627","10523"
"3628","79939"
"3629","9441"
"3630","27151"
"3631","4650"
"3632","79629"
"3633","2063"
"3634","29086"
"3635","376497"
"3636","23025"
"3637","55201"
"3638","6142"
"3639","115098"
"3640","27106"
"3641","5296"
"3642","10437"
"3643","84769"
"3644","5143"
"3645","170463"
"3646","8178"
"3647","23770"
"3648","7311"
"3649","55049"
"3650","55295"
"3651","5976"
"3652","10715"
"3653","11316"
"3654","54555"
"3655","10147"
"3656","284439"
"3657","54929"
"3658","404037"
"3659","53345"
"3660","57794"
"3661","83983"
"3662","51079"
"3663","148113"
"3664","51291"
"3665","57130"
"3666","7561"
"3667","56242"
"3668","81931"
"3669","91120"
"3670","90649"
"3671","100129842"
"3672","199777"
"3673","7639"
"3674","80264"
"3675","148206"
"3676","148203"
"3677","353088"
"3678","163227"
"3679","7594"
"3680","7757"
"3681","7644"
"3682","148213"
"3683","388524"
"3684","148189"
"3685","7386"
"3686","79156"
"3687","8725"
"3688","22847"
"3689","9141"
"3690","390916"
"3691","126248"
"3692","1054"
"3693","5184"
"3694","9710"
"3695","126374"
"3696","339318"
"3697","148103"
"3698","90075"
"3699","126375"
"3700","6324"
"3701","53827"
"3702","51599"
"3703","7392"
"3704","100128682"
"3705","93099"
"3706","100506469"
"3707","10430"
"3708","23354"
"3709","1340"
"3710","9757"
"3711","55851"
"3712","55957"
"3713","115703"
"3714","644096"
"3715","84964"
"3716","1155"
"3717","826"
"3718","84924"
"3719","101927599"
"3720","342892"
"3721","388536"
"3722","147923"
"3723","199704"
"3724","92285"
"3725","284459"
"3726","101927720"
"3727","100507433"
"3728","22835"
"3729","84775"
"3730","23094"
"3731","8193"
"3732","94274"
"3733","90522"
"3734","9424"
"3735","57828"
"3736","5714"
"3737","399473"
"3738","27335"
"3739","81"
"3740","147968"
"3741","1891"
"3742","3191"
"3743","126432"
"3744","4793"
"3745","54938"
"3746","6183"
"3747","126433"
"3748","342897"
"3749","57622"
"3750","54623"
"3751","55588"
"3752","64857"
"3753","6217"
"3754","92609"
"3755","10683"
"3756","163126"
"3757","9149"
"3758","2091"
"3759","5704"
"3760","339327"
"3761","4294"
"3762","208"
"3763","126526"
"3764","23646"
"3765","57716"
"3766","29946"
"3767","645"
"3768","9253"
"3769","79934"
"3770","80271"
"3771","284325"
"3772","6626"
"3773","29785"
"3774","558"
"3775","11100"
"3776","7040"
"3777","80776"
"3778","641649"
"3779","374907"
"3780","55101"
"3781","10567"
"3782","2901"
"3783","64763"
"3784","5452"
"3785","116115"
"3786","2931"
"3787","2077"
"3788","23152"
"3789","653583"
"3790","23474"
"3791","126298"
"3792","126299"
"3793","5329"
"3794","7711"
"3795","7773"
"3796","7673"
"3797","7766"
"3798","342909"
"3799","7767"
"3800","100379224"
"3801","7768"
"3802","7733"
"3803","5817"
"3804","56971"
"3805","602"
"3806","5819"
"3807","10452"
"3808","1209"
"3809","284352"
"3810","79090"
"3811","388552"
"3812","57787"
"3813","147700"
"3814","2068"
"3815","10848"
"3816","2067"
"3817","7408"
"3818","24139"
"3819","2696"
"3820","6633"
"3821","23403"
"3822","147912"
"3823","1762"
"3824","26145"
"3825","64344"
"3826","83987"
"3827","57469"
"3828","808"
"3829","25865"
"3830","1175"
"3831","4861"
"3832","54958"
"3833","23211"
"3834","10055"
"3835","255783"
"3836","9704"
"3837","56917"
"3838","11133"
"3839","8775"
"3840","29998"
"3841","30846"
"3842","29997"
"3843","374920"
"3844","163071"
"3845","2014"
"3846","55260"
"3847","10945"
"3848","2906"
"3849","83743"
"3850","3770"
"3851","9266"
"3852","6141"
"3853","1628"
"3854","770"
"3855","587"
"3856","51171"
"3857","57664"
"3858","10856"
"3859","4909"
"3860","3743"
"3861","6625"
"3862","64130"
"3863","54795"
"3864","28968"
"3865","951"
"3866","8463"
"3867","126133"
"3868","23521"
"3869","6205"
"3870","51070"
"3871","57479"
"3872","6237"
"3873","83596"
"3874","3276"
"3875","160"
"3876","80199"
"3877","53635"
"3878","101928378"
"3879","11284"
"3880","84335"
"3881","23636"
"3882","22809"
"3883","79784"
"3884","3748"
"3885","5424"
"3886","284361"
"3887","94030"
"3888","342918"
"3889","6320"
"3890","2109"
"3891","7728"
"3892","84765"
"3893","65251"
"3894","80110"
"3895","9668"
"3896","90317"
"3897","5518"
"3898","102724105"
"3899","147660"
"3900","55769"
"3901","162966"
"3902","7576"
"3903","90333"
"3904","388559"
"3905","125893"
"3906","79986"
"3907","90338"
"3908","84671"
"3909","342926"
"3910","91664"
"3911","170958"
"3912","388561"
"3913","126017"
"3914","55422"
"3915","91663"
"3916","59285"
"3917","4696"
"3918","79143"
"3919","79042"
"3920","6203"
"3921","104355426"
"3922","114823"
"3923","148170"
"3924","55655"
"3925","54869"
"3926","54776"
"3927","352909"
"3928","22870"
"3929","84446"
"3930","84787"
"3931","6158"
"3932","79763"
"3933","89887"
"3934","57106"
"3935","84922"
"3936","11338"
"3937","29924"
"3938","79149"
"3939","9422"
"3940","390980"
"3941","10794"
"3942","125919"
"3943","284306"
"3944","10597"
"3945","7565"
"3946","388567"
"3947","79744"
"3948","55659"
"3949","284307"
"3950","348327"
"3951","10520"
"3952","2282"
"3953","10172"
"3954","147685"
"3955","79673"
"3956","7554"
"3957","162968"
"3958","105372483"
"3959","116412"
"3960","6193"
"3961","388569"
"3962","7691"
"3963","25799"
"3964","55663"
"3965","10998"
"3966","10155"
"3967","100131691"
"3968","7593"
"3969","65996"
"3970","26751"
"3971","52"
"3972","129787"
"3973","7260"
"3974","246243"
"3975","6201"
"3976","78989"
"3977","6664"
"3978","100506299"
"3979","3398"
"3980","57498"
"3981","8853"
"3982","9270"
"3983","6868"
"3984","10971"
"3985","8462"
"3986","4953"
"3987","79954"
"3988","245973"
"3989","9475"
"3990","9687"
"3991","28951"
"3992","51594"
"3993","79677"
"3994","348654"
"3995","57665"
"3996","130502"
"3997","388"
"3998","54454"
"3999","165324"
"4000","80304"
"4001","2281"
"4002","51639"
"4003","375190"
"4004","50618"
"4005","8648"
"4006","391356"
"4007","51277"
"4008","1788"
"4009","55252"
"4010","3797"
"4011","10890"
"4012","3032"
"4013","85465"
"4014","3777"
"4015","54978"
"4016","60509"
"4017","100128731"
"4018","10113"
"4019","51374"
"4020","7349"
"4021","4358"
"4022","5496"
"4023","2498"
"4024","29959"
"4025","84226"
"4026","79635"
"4027","9913"
"4028","105374378"
"4029","9553"
"4030","9577"
"4031","2355"
"4032","5500"
"4033","23160"
"4034","388939"
"4035","440854"
"4036","30845"
"4037","51072"
"4038","6683"
"4039","58484"
"4040","84272"
"4041","57448"
"4042","100288911"
"4043","9637"
"4044","5610"
"4045","10153"
"4046","55471"
"4047","23683"
"4048","25797"
"4049","1545"
"4050","6432"
"4051","6654"
"4052","728730"
"4053","130733"
"4054","6546"
"4055","27436"
"4056","9167"
"4057","678"
"4058","10128"
"4059","9581"
"4060","102724965"
"4061","5581"
"4062","90423"
"4063","9655"
"4064","90411"
"4065","805"
"4066","618"
"4067","4072"
"4068","4436"
"4069","80204"
"4070","51130"
"4071","10936"
"4072","23198"
"4073","6711"
"4074","57142"
"4075","6233"
"4076","55704"
"4077","57223"
"4078","87178"
"4079","2202"
"4080","100129434"
"4081","114800"
"4082","7444"
"4083","64895"
"4084","5194"
"4085","84542"
"4086","130872"
"4087","150684"
"4088","10678"
"4089","200728"
"4090","23301"
"4091","51057"
"4092","4190"
"4093","7360"
"4094","57162"
"4095","29094"
"4096","54812"
"4097","9792"
"4098","10097"
"4099","200734"
"4100","116143"
"4101","5534"
"4102","25927"
"4103","554251"
"4104","27302"
"4105","2673"
"4106","307"
"4107","64395"
"4108","11017"
"4109","4084"
"4110","54980"
"4111","7072"
"4112","84908"
"4113","84693"
"4114","23233"
"4115","94097"
"4116","84279"
"4117","10574"
"4118","200424"
"4119","388962"
"4120","10797"
"4121","57835"
"4122","1639"
"4123","388963"
"4124","6242"
"4125","7841"
"4126","116540"
"4127","84865"
"4128","151534"
"4129","84759"
"4130","550"
"4131","27429"
"4132","1796"
"4133","10505"
"4134","56655"
"4135","84141"
"4136","347730"
"4137","8802"
"4138","9168"
"4139","56888"
"4140","10618"
"4141","2677"
"4142","10791"
"4143","51255"
"4144","10713"
"4145","84913"
"4146","8869"
"4147","90784"
"4148","25885"
"4149","55037"
"4150","10989"
"4151","55818"
"4152","51652"
"4153","7844"
"4154","400966"
"4155","5343"
"4156","285074"
"4157","102724642"
"4158","730268"
"4159","5342"
"4160","729857"
"4161","51315"
"4162","150572"
"4163","55258"
"4164","9451"
"4165","654342"
"4166","150696"
"4167","51011"
"4168","150759"
"4169","400986"
"4170","729234"
"4171","285033"
"4172","55654"
"4173","23020"
"4174","10865"
"4175","55683"
"4176","90342"
"4177","81562"
"4178","26504"
"4179","200539"
"4180","51239"
"4181","151313"
"4182","375248"
"4183","100506076"
"4184","57730"
"4185","1329"
"4186","10120"
"4187","23505"
"4188","3631"
"4189","80705"
"4190","9669"
"4191","164832"
"4192","9486"
"4193","6160"
"4194","11138"
"4195","55571"
"4196","284996"
"4197","9448"
"4198","8809"
"4199","84804"
"4200","130827"
"4201","64965"
"4202","9392"
"4203","79074"
"4204","80146"
"4205","653489"
"4206","285190"
"4207","27233"
"4208","9648"
"4209","165055"
"4210","100287216"
"4211","344558"
"4212","151011"
"4213","84220"
"4214","151009"
"4215","729540"
"4216","10018"
"4217","64682"
"4218","84910"
"4219","84524"
"4220","376940"
"4221","727851"
"4222","150465"
"4223","6574"
"4224","23550"
"4225","150472"
"4226","375260"
"4227","11159"
"4228","8886"
"4229","54520"
"4230","51141"
"4231","55240"
"4232","130355"
"4233","79134"
"4234","5899"
"4235","23332"
"4236","254128"
"4237","84365"
"4238","2995"
"4239","10746"
"4240","55677"
"4241","4648"
"4242","2840"
"4243","55339"
"4244","5433"
"4245","83607"
"4246","79595"
"4247","56886"
"4248","84084"
"4249","285103"
"4250","91409"
"4251","55627"
"4252","84317"
"4253","92856"
"4254","653269"
"4255","653781"
"4256","130074"
"4257","55041"
"4258","150786"
"4259","401010"
"4260","150776"
"4261","29798"
"4262","4249"
"4263","905"
"4264","84083"
"4265","23518"
"4266","23190"
"4267","1615"
"4268","3176"
"4269","339745"
"4270","11249"
"4271","9839"
"4272","5000"
"4273","130574"
"4274","390"
"4275","55183"
"4276","55660"
"4277","151188"
"4278","3760"
"4279","90"
"4280","8502"
"4281","151525"
"4282","22925"
"4283","10010"
"4284","100996579"
"4285","1803"
"4286","64135"
"4287","25801"
"4288","90134"
"4289","55137"
"4290","22837"
"4291","79809"
"4292","129446"
"4293","27347"
"4294","253782"
"4295","4036"
"4296","9360"
"4297","6741"
"4298","130507"
"4299","285141"
"4300","79828"
"4301","80067"
"4302","1781"
"4303","8520"
"4304","6670"
"4305","29789"
"4306","9541"
"4307","1123"
"4308","1386"
"4309","518"
"4310","80856"
"4311","4780"
"4312","150737"
"4313","92104"
"4314","114880"
"4315","8575"
"4316","65977"
"4317","7273"
"4318","285025"
"4319","3676"
"4320","375298"
"4321","151242"
"4322","54431"
"4323","10787"
"4324","129401"
"4325","91752"
"4326","3685"
"4327","51454"
"4328","30061"
"4329","54529"
"4330","150709"
"4331","64172"
"4332","94101"
"4333","5378"
"4334","84281"
"4335","26275"
"4336","3628"
"4337","54842"
"4338","105373801"
"4339","6772"
"4340","6775"
"4341","4430"
"4342","64859"
"4343","8436"
"4344","57181"
"4345","9262"
"4346","80055"
"4347","23451"
"4348","80219"
"4349","3336"
"4350","5334"
"4351","26010"
"4352","9689"
"4353","1195"
"4354","285172"
"4355","4709"
"4356","8837"
"4357","841"
"4358","130540"
"4359","55437"
"4360","65062"
"4361","57679"
"4362","7341"
"4363","51602"
"4364","659"
"4365","130026"
"4366","55759"
"4367","65065"
"4368","65059"
"4369","8828"
"4370","100329109"
"4371","4719"
"4372","1933"
"4373","57683"
"4374","8745"
"4375","130752"
"4376","8609"
"4377","151195"
"4378","200576"
"4379","22807"
"4380","79582"
"4381","580"
"4382","55686"
"4383","55825"
"4384","7520"
"4385","150967"
"4386","57574"
"4387","6168"
"4388","3488"
"4389","7145"
"4390","10109"
"4391","14"
"4392","25953"
"4393","64114"
"4394","6556"
"4395","58190"
"4396","57695"
"4397","84812"
"4398","27148"
"4399","79840"
"4400","27013"
"4401","79137"
"4402","10058"
"4403","55139"
"4404","79411"
"4405","3300"
"4406","5798"
"4407","10290"
"4408","100996693"
"4409","23363"
"4410","114790"
"4411","6508"
"4412","130367"
"4413","2181"
"4414","7857"
"4415","65080"
"4416","5270"
"4417","84236"
"4418","1285"
"4419","654841"
"4420","164781"
"4421","55022"
"4422","92737"
"4423","9320"
"4424","130888"
"4425","6672"
"4426","51719"
"4427","5707"
"4428","93010"
"4429","105373926"
"4430","4691"
"4431","5757"
"4432","129563"
"4433","26058"
"4434","55054"
"4435","116987"
"4436","57007"
"4437","10920"
"4438","64284"
"4439","10267"
"4440","140739"
"4441","339768"
"4442","80895"
"4443","643387"
"4444","55502"
"4445","8864"
"4446","26146"
"4447","51665"
"4448","150678"
"4449","2817"
"4450","51281"
"4451","285193"
"4452","11132"
"4453","2859"
"4454","5510"
"4455","50636"
"4456","3069"
"4457","4735"
"4458","10494"
"4459","666"
"4460","51078"
"4461","23192"
"4462","1841"
"4463","728294"
"4464","728323"
"4465","140680"
"4466","85364"
"4467","6666"
"4468","80023"
"4469","10616"
"4470","128637"
"4471","140809"
"4472","55321"
"4473","100507495"
"4474","2280"
"4475","10326"
"4476","140885"
"4477","6628"
"4478","10528"
"4479","3420"
"4480","64773"
"4481","22888"
"4482","60493"
"4483","3704"
"4484","25943"
"4485","8455"
"4486","54976"
"4487","1059"
"4488","57506"
"4489","80025"
"4490","11237"
"4491","146"
"4492","29058"
"4493","5111"
"4494","8760"
"4495","149837"
"4496","56261"
"4497","149840"
"4498","1114"
"4499","51605"
"4500","54675"
"4501","164312"
"4502","55612"
"4503","650"
"4504","56255"
"4505","5332"
"4506","6629"
"4507","11034"
"4508","6238"
"4509","27131"
"4510","92667"
"4511","7692"
"4512","10621"
"4513","10483"
"4514","54453"
"4515","51340"
"4516","22803"
"4517","29107"
"4518","63908"
"4519","1471"
"4520","79953"
"4521","57136"
"4522","955"
"4523","26090"
"4524","22981"
"4525","140838"
"4526","102724826"
"4527","100134868"
"4528","100289097"
"4529","81502"
"4530","100874042"
"4531","3397"
"4532","128853"
"4533","9777"
"4534","128854"
"4535","5326"
"4536","23509"
"4537","22919"
"4538","6640"
"4539","9139"
"4540","63941"
"4541","128866"
"4542","22913"
"4543","8894"
"4544","191"
"4545","83737"
"4546","58476"
"4547","2686"
"4548","55902"
"4549","57644"
"4550","55741"
"4551","10544"
"4552","101410538"
"4553","55245"
"4554","11190"
"4555","51614"
"4556","6676"
"4557","8904"
"4558","9054"
"4559","140823"
"4560","9584"
"4561","2036"
"4562","55969"
"4563","140711"
"4564","25939"
"4565","6714"
"4566","10904"
"4567","4826"
"4568","128434"
"4569","9675"
"4570","58490"
"4571","7052"
"4572","7150"
"4573","5335"
"4574","23051"
"4575","64900"
"4576","26013"
"4577","57158"
"4578","51526"
"4579","128486"
"4580","79183"
"4581","10955"
"4582","100"
"4583","140730"
"4584","7529"
"4585","80336"
"4586","10953"
"4587","6789"
"4588","90196"
"4589","27296"
"4590","55861"
"4591","51604"
"4592","90204"
"4593","128497"
"4594","140825"
"4595","5476"
"4596","5360"
"4597","63925"
"4598","63916"
"4599","55713"
"4600","64849"
"4601","112858"
"4602","81031"
"4603","23613"
"4604","1434"
"4605","6780"
"4606","57169"
"4607","441951"
"4608","5740"
"4609","9334"
"4610","9825"
"4611","55905"
"4612","387521"
"4613","5770"
"4614","140876"
"4615","84612"
"4616","55653"
"4617","101927631"
"4618","8813"
"4619","3755"
"4620","4773"
"4621","10079"
"4622","57167"
"4623","7764"
"4624","116151"
"4625","1477"
"4626","51507"
"4627","8480"
"4628","55544"
"4629","56937"
"4630","57403"
"4631","8675"
"4632","2778"
"4633","1522"
"4634","514"
"4635","5509"
"4636","6874"
"4637","149986"
"4638","5688"
"4639","26039"
"4640","26164"
"4641","9885"
"4642","11047"
"4643","6227"
"4644","81928"
"4645","140628"
"4646","10732"
"4647","11083"
"4648","54994"
"4649","54915"
"4650","55738"
"4651","85441"
"4652","50861"
"4653","51750"
"4654","84619"
"4655","56731"
"4656","140685"
"4657","140701"
"4658","80331"
"4659","54963"
"4660","100113386"
"4661","140700"
"4662","6919"
"4663","4987"
"4664","55251"
"4665","102724023"
"4666","102724200"
"4667","102724219"
"4668","102724334"
"4669","102724441"
"4670","102724843"
"4671","102724951"
"4672","102723360"
"4673","102723475"
"4674","6782"
"4675","8204"
"4676","388815"
"4677","1525"
"4678","10950"
"4679","4685"
"4680","522"
"4681","2551"
"4682","351"
"4683","9510"
"4684","10069"
"4685","10694"
"4686","56911"
"4687","571"
"4688","2897"
"4689","6647"
"4690","57466"
"4691","9875"
"4692","140290"
"4693","8867"
"4694","94104"
"4695","3455"
"4696","3588"
"4697","3460"
"4698","54943"
"4699","2618"
"4700","6651"
"4701","29980"
"4702","9946"
"4703","6453"
"4704","539"
"4705","64968"
"4706","3753"
"4707","1827"
"4708","100506428"
"4709","9980"
"4710","23515"
"4711","3141"
"4712","51227"
"4713","7267"
"4714","10311"
"4715","1859"
"4716","54014"
"4717","7485"
"4718","25825"
"4719","4599"
"4720","63977"
"4721","5152"
"4722","5316"
"4723","150094"
"4724","8566"
"4725","1476"
"4726","56894"
"4727","7109"
"4728","8209"
"4729","755"
"4730","81543"
"4731","54082"
"4732","7327"
"4733","6612"
"4734","754"
"4735","84536"
"4736","728039"
"4737","104"
"4738","23275"
"4739","54039"
"4740","10841"
"4741","84221"
"4742","4047"
"4743","8888"
"4744","5116"
"4745","23181"
"4746","27440"
"4747","51816"
"4748","529"
"4749","51807"
"4750","728233"
"4751","8214"
"4752","5625"
"4753","9993"
"4754","25786"
"4755","100652736"
"4756","8218"
"4757","7290"
"4758","7353"
"4759","5413"
"4760","54584"
"4761","79680"
"4762","10587"
"4763","1312"
"4764","421"
"4765","128989"
"4766","5902"
"4767","29801"
"4768","85359"
"4769","84861"
"4770","51586"
"4771","84222"
"4772","5297"
"4773","1399"
"4774","6545"
"4775","728441"
"4776","645426"
"4777","375133"
"4778","7332"
"4779","23753"
"4780","5594"
"4781","96610"
"4782","9609"
"4783","613"
"4784","26226"
"4785","266747"
"4786","400916"
"4787","4320"
"4788","91319"
"4789","66035"
"4790","100037417"
"4791","1652"
"4792","23523"
"4793","23384"
"4794","6634"
"4795","2678"
"4796","388886"
"4797","85379"
"4798","57168"
"4799","24144"
"4800","8459"
"4801","284900"
"4802","150274"
"4803","150275"
"4804","7494"
"4805","84133"
"4806","2130"
"4807","162"
"4808","4744"
"4809","8563"
"4810","8508"
"4811","4771"
"4812","55954"
"4813","29796"
"4814","652968"
"4815","83874"
"4816","550631"
"4817","200312"
"4818","23541"
"4819","51537"
"4820","6948"
"4821","339665"
"4822","23762"
"4823","22880"
"4824","55000"
"4825","6525"
"4826","140606"
"4827","91445"
"4828","23598"
"4829","54944"
"4830","56478"
"4831","9814"
"4832","23761"
"4833","253143"
"4834","6523"
"4835","25793"
"4836","7078"
"4837","9215"
"4838","10042"
"4839","3162"
"4840","23543"
"4841","23780"
"4842","25828"
"4843","8664"
"4844","79734"
"4845","114794"
"4846","29775"
"4847","11135"
"4848","23616"
"4849","129138"
"4850","51386"
"4851","85377"
"4852","84645"
"4853","5435"
"4854","23539"
"4855","80115"
"4856","23764"
"4857","25829"
"4858","400927"
"4859","11015"
"4860","646851"
"4861","56993"
"4862","9929"
"4863","25777"
"4864","23466"
"4865","9582"
"4866","27350"
"4867","200316"
"4868","6122"
"4869","9145"
"4870","4248"
"4871","54471"
"4872","23112"
"4873","27352"
"4874","6767"
"4875","63929"
"4876","9978"
"4877","2033"
"4878","5905"
"4879","23264"
"4880","84844"
"4881","50"
"4882","171568"
"4883","27351"
"4884","2547"
"4885","79879"
"4886","6721"
"4887","91689"
"4888","4700"
"4889","100132273"
"4890","1565"
"4891","94009"
"4892","27341"
"4893","253190"
"4894","91695"
"4895","84271"
"4896","53947"
"4897","26286"
"4898","11252"
"4899","638"
"4900","23170"
"4901","64800"
"4902","25830"
"4903","29780"
"4904","64098"
"4905","100506714"
"4906","10762"
"4907","23313"
"4908","55007"
"4909","25814"
"4910","55020"
"4911","9620"
"4912","23151"
"4913","64781"
"4914","23774"
"4915","9889"
"4916","79174"
"4917","415116"
"4918","56666"
"4919","80305"
"4920","83642"
"4921","85378"
"4922","83933"
"4923","6300"
"4924","5600"
"4925","414918"
"4926","6305"
"4927","91289"
"4928","9997"
"4929","410"
"4930","11158"
"4931","152330"
"4932","51095"
"4933","285362"
"4934","6419"
"4935","8553"
"4936","9695"
"4937","5021"
"4938","9901"
"4939","55209"
"4940","64419"
"4941","7862"
"4942","8536"
"4943","26140"
"4944","132014"
"4945","285368"
"4946","55831"
"4947","442075"
"4948","152302"
"4949","55845"
"4950","3656"
"4951","9797"
"4952","491"
"4953","6529"
"4954","3269"
"4955","9686"
"4956","5468"
"4957","5894"
"4958","55287"
"4959","6161"
"4960","9922"
"4961","23225"
"4962","2199"
"4963","7476"
"4964","27258"
"4965","6533"
"4966","51244"
"4967","84077"
"4968","7182"
"4969","64432"
"4970","23473"
"4971","100505696"
"4972","85403"
"4973","23243"
"4974","23228"
"4975","9779"
"4976","5868"
"4977","7325"
"4978","7324"
"4979","28512"
"4980","6138"
"4981","9975"
"4982","5915"
"4983","54995"
"4984","64343"
"4985","100873979"
"4986","201595"
"4987","54918"
"4988","51143"
"4989","2720"
"4990","643853"
"4991","7342"
"4992","23122"
"4993","10015"
"4994","6769"
"4995","9881"
"4996","9852"
"4997","4292"
"4998","9209"
"4999","2803"
"5000","9943"
"5001","9942"
"5002","93"
"5003","57599"
"5004","64689"
"5005","64651"
"5006","165904"
"5007","54977"
"5008","3921"
"5009","9045"
"5010","253639"
"5011","285268"
"5012","1499"
"5013","22906"
"5014","7433"
"5015","51188"
"5016","4820"
"5017","25994"
"5018","84892"
"5019","54861"
"5020","55129"
"5021","51099"
"5022","285343"
"5023","353274"
"5024","285346"
"5025","10168"
"5026","7584"
"5027","64866"
"5028","23395"
"5029","8994"
"5030","79443"
"5031","79442"
"5032","339906"
"5033","23218"
"5034","64147"
"5035","25930"
"5036","6599"
"5037","4134"
"5038","5364"
"5039","79714"
"5040","51372"
"5041","51246"
"5042","5210"
"5043","1294"
"5044","7384"
"5045","65010"
"5046","5576"
"5047","100506637"
"5048","788"
"5049","10425"
"5050","54681"
"5051","11180"
"5052","25915"
"5053","54870"
"5054","5859"
"5055","10869"
"5056","387"
"5057","6988"
"5058","275"
"5059","1605"
"5060","8927"
"5061","327"
"5062","4485"
"5063","63891"
"5064","10180"
"5065","10181"
"5066","100775107"
"5067","2771"
"5068","101928931"
"5069","7869"
"5070","132228"
"5071","8372"
"5072","24142"
"5073","11334"
"5074","11070"
"5075","51161"
"5076","1154"
"5077","7867"
"5078","7873"
"5079","29890"
"5080","23132"
"5081","51368"
"5082","9136"
"5083","57060"
"5084","95"
"5085","6159"
"5086","1849"
"5087","132160"
"5088","80335"
"5089","25981"
"5090","51533"
"5091","56920"
"5092","11188"
"5093","440957"
"5094","26354"
"5095","28972"
"5096","6787"
"5097","3700"
"5098","58515"
"5099","26059"
"5100","23272"
"5101","50650"
"5102","26060"
"5103","142686"
"5104","201626"
"5105","378"
"5106","7871"
"5107","57406"
"5108","5162"
"5109","200845"
"5110","8618"
"5111","80145"
"5112","166336"
"5113","115286"
"5114","84541"
"5115","8801"
"5116","285203"
"5117","9039"
"5118","10550"
"5119","4286"
"5120","105377206"
"5121","23429"
"5122","55164"
"5123","727936"
"5124","23024"
"5125","101927249"
"5126","692099"
"5127","6092"
"5128","6091"
"5129","2632"
"5130","389136"
"5131","25978"
"5132","105377200"
"5133","55279"
"5134","285237"
"5135","5627"
"5136","200894"
"5137","63899"
"5138","56650"
"5139","1371"
"5140","100874207"
"5141","131566"
"5142","84319"
"5143","56954"
"5144","9868"
"5145","10342"
"5146","50939"
"5147","54931"
"5148","6152"
"5149","105374013"
"5150","79598"
"5151","214"
"5152","868"
"5153","961"
"5154","55081"
"5155","22989"
"5156","9666"
"5157","25945"
"5158","90102"
"5159","79669"
"5160","4345"
"5161","55032"
"5162","100506621"
"5163","55779"
"5164","80218"
"5165","523"
"5166","54762"
"5167","4045"
"5168","152404"
"5169","57514"
"5170","56983"
"5171","141"
"5172","2932"
"5173","116064"
"5174","2960"
"5175","2804"
"5176","6565"
"5177","26355"
"5178","54554"
"5179","83666"
"5180","54625"
"5181","79663"
"5182","26984"
"5183","201562"
"5184","100506826"
"5185","64770"
"5186","8997"
"5187","7372"
"5188","3693"
"5189","57493"
"5190","84561"
"5191","7707"
"5192","8723"
"5193","114885"
"5194","54946"
"5195","79364"
"5196","114112"
"5197","84303"
"5198","5361"
"5199","80325"
"5200","11343"
"5201","29927"
"5202","60678"
"5203","6184"
"5204","7879"
"5205","28976"
"5206","57501"
"5207","57461"
"5208","132241"
"5209","55764"
"5210","100507032"
"5211","729375"
"5212","646300"
"5213","30849"
"5214","27032"
"5215","79858"
"5216","152195"
"5217","23317"
"5218","79876"
"5219","27031"
"5220","66000"
"5221","55573"
"5222","11073"
"5223","58477"
"5224","6578"
"5225","6259"
"5226","25847"
"5227","80254"
"5228","55167"
"5229","5096"
"5230","4690"
"5231","199221"
"5232","51163"
"5233","22808"
"5234","80321"
"5235","55179"
"5236","9276"
"5237","349565"
"5238","55186"
"5239","5922"
"5240","7029"
"5241","256356"
"5242","54464"
"5243","5357"
"5244","7220"
"5245","26577"
"5246","100289361"
"5247","23350"
"5248","285195"
"5249","205428"
"5250","5352"
"5251","5359"
"5252","2992"
"5253","6596"
"5254","84343"
"5255","25937"
"5256","9819"
"5257","27230"
"5258","83939"
"5259","51714"
"5260","6478"
"5261","4154"
"5262","4311"
"5263","9197"
"5264","8833"
"5265","6747"
"5266","647033"
"5267","339894"
"5268","79674"
"5269","5806"
"5270","6474"
"5271","4291"
"5272","85476"
"5273","64747"
"5274","3840"
"5275","8706"
"5276","51068"
"5277","101243545"
"5278","5274"
"5279","27333"
"5280","2122"
"5281","84517"
"5282","7095"
"5283","80012"
"5284","5584"
"5285","6498"
"5286","5010"
"5287","56648"
"5288","5337"
"5289","57552"
"5290","254827"
"5291","64393"
"5292","5290"
"5293","55669"
"5294","59345"
"5295","4711"
"5296","151613"
"5297","339829"
"5298","8087"
"5299","54165"
"5300","56922"
"5301","23101"
"5302","54800"
"5303","55689"
"5304","10057"
"5305","1857"
"5306","1173"
"5307","10195"
"5308","5708"
"5309","1981"
"5310","131408"
"5311","5437"
"5312","23355"
"5313","285382"
"5314","1962"
"5315","9175"
"5316","90407"
"5317","200879"
"5318","6434"
"5319","51726"
"5320","101929130"
"5321","604"
"5322","339929"
"5323","4026"
"5324","9076"
"5325","3556"
"5326","105374278"
"5327","57110"
"5328","84789"
"5329","4976"
"5330","3280"
"5331","131578"
"5332","401106"
"5333","100507297"
"5334","23527"
"5335","5504"
"5336","105374297"
"5337","727956"
"5338","440993"
"5339","255812"
"5340","5130"
"5341","26043"
"5342","165918"
"5343","255798"
"5344","348793"
"5345","200933"
"5346","54965"
"5347","5062"
"5348","205564"
"5349","152217"
"5350","100507057"
"5351","1739"
"5352","84248"
"5353","84223"
"5354","6165"
"5355","89782"
"5356","728262"
"5357","152687"
"5358","255403"
"5359","79963"
"5360","170960"
"5361","54872"
"5362","5158"
"5363","521"
"5364","4636"
"5365","84179"
"5366","84286"
"5367","1609"
"5368","10861"
"5369","3425"
"5370","10417"
"5371","285463"
"5372","1487"
"5373","92070"
"5374","10296"
"5375","101928621"
"5376","57654"
"5377","285464"
"5378","152877"
"5379","7884"
"5380","92305"
"5381","3954"
"5382","7468"
"5383","339983"
"5384","353497"
"5385","79441"
"5386","57732"
"5387","6047"
"5388","8603"
"5389","118"
"5390","10227"
"5391","317648"
"5392","2868"
"5393","3064"
"5394","6002"
"5395","3083"
"5396","4043"
"5397","348926"
"5398","85013"
"5399","55646"
"5400","166793"
"5401","55351"
"5402","2121"
"5403","23324"
"5404","55330"
"5405","9778"
"5406","57533"
"5407","93624"
"5408","57537"
"5409","84448"
"5410","8310"
"5411","152992"
"5412","8532"
"5413","56606"
"5414","9948"
"5415","85460"
"5416","259282"
"5417","132864"
"5418","8842"
"5419","202018"
"5420","202020"
"5421","5860"
"5422","80306"
"5423","27146"
"5424","254251"
"5425","9353"
"5426","80333"
"5427","166647"
"5428","55300"
"5429","23231"
"5430","3516"
"5431","57620"
"5432","116984"
"5433","768211"
"5434","55276"
"5435","23216"
"5436","51274"
"5437","92689"
"5438","6133"
"5439","11019"
"5440","7358"
"5441","23244"
"5442","55728"
"5443","79730"
"5444","323"
"5445","22998"
"5446","55161"
"5447","10463"
"5448","132789"
"5449","57606"
"5450","285527"
"5451","54940"
"5452","23142"
"5453","6443"
"5454","132671"
"5455","643783"
"5456","152579"
"5457","26511"
"5458","5156"
"5459","55858"
"5460","9575"
"5461","55763"
"5462","5471"
"5463","5978"
"5464","84273"
"5465","5431"
"5466","23284"
"5467","253017"
"5468","2044"
"5469","55236"
"5470","91746"
"5471","6783"
"5472","10117"
"5473","57050"
"5474","22902"
"5475","2926"
"5476","92597"
"5477","8671"
"5478","9508"
"5479","285521"
"5480","441024"
"5481","255324"
"5482","25849"
"5483","8999"
"5484","8615"
"5485","55153"
"5486","419"
"5487","950"
"5488","8987"
"5489","57619"
"5490","55752"
"5491","10983"
"5492","246175"
"5493","306"
"5494","55589"
"5495","118429"
"5496","56978"
"5497","5593"
"5498","22872"
"5499","79725"
"5500","10855"
"5501","113510"
"5502","1040"
"5503","23001"
"5504","5783"
"5505","4299"
"5506","57563"
"5507","6696"
"5508","55008"
"5509","8916"
"5510","285512"
"5511","10144"
"5512","166815"
"5513","6622"
"5514","401145"
"5515","5910"
"5516","10098"
"5517","23173"
"5518","100507053"
"5519","93587"
"5520","79982"
"5521","115265"
"5522","4790"
"5523","4126"
"5524","133308"
"5525","56898"
"5526","80319"
"5527","54790"
"5528","27068"
"5529","93627"
"5530","9255"
"5531","9061"
"5532","166929"
"5533","113612"
"5534","6164"
"5535","58505"
"5536","84570"
"5537","100533182"
"5538","10427"
"5539","55013"
"5540","839"
"5541","81579"
"5542","3426"
"5543","1950"
"5544","5308"
"5545","55435"
"5546","92610"
"5547","817"
"5548","79642"
"5549","57721"
"5550","171024"
"5551","51778"
"5552","401152"
"5553","645513"
"5554","308"
"5555","84162"
"5556","2247"
"5557","11162"
"5558","166378"
"5559","79633"
"5560","27152"
"5561","22824"
"5562","256471"
"5563","80167"
"5564","10424"
"5565","100507487"
"5566","79960"
"5567","57575"
"5568","54510"
"5569","25819"
"5570","1998"
"5571","4717"
"5572","60592"
"5573","23158"
"5574","57484"
"5575","27309"
"5576","8821"
"5577","84640"
"5578","2549"
"5579","646576"
"5580","54726"
"5581","4086"
"5582","152485"
"5583","84068"
"5584","1909"
"5585","79658"
"5586","166614"
"5587","987"
"5588","10586"
"5589","6189"
"5590","5188"
"5591","55294"
"5592","27236"
"5593","23321"
"5594","9227"
"5595","2982"
"5596","2983"
"5597","1519"
"5598","51313"
"5599","2110"
"5600","5481"
"5601","57600"
"5602","9693"
"5603","92345"
"5604","55319"
"5605","55016"
"5606","6307"
"5607","7092"
"5608","8819"
"5609","60559"
"5610","175"
"5611","90768"
"5612","1635"
"5613","55602"
"5614","201965"
"5615","836"
"5616","201973"
"5617","2180"
"5618","291"
"5619","57587"
"5620","83891"
"5621","55805"
"5622","353322"
"5623","441054"
"5624","256309"
"5625","8470"
"5626","7098"
"5627","2195"
"5628","133957"
"5629","6389"
"5630","10016"
"5631","57491"
"5632","116349"
"5633","6550"
"5634","100288152"
"5635","79844"
"5636","65980"
"5637","85409"
"5638","10723"
"5639","81037"
"5640","728609"
"5641","728613"
"5642","64979"
"5643","4726"
"5644","153572"
"5645","79192"
"5646","23379"
"5647","84246"
"5648","54888"
"5649","108"
"5650","79072"
"5651","100505738"
"5652","9037"
"5653","100505806"
"5654","134145"
"5655","22948"
"5656","10299"
"5657","1611"
"5658","1501"
"5659","1767"
"5660","90268"
"5661","56172"
"5662","100130744"
"5663","23194"
"5664","441061"
"5665","54463"
"5666","29102"
"5667","64083"
"5668","54545"
"5669","51663"
"5670","10923"
"5671","4883"
"5672","23600"
"5673","5810"
"5674","55299"
"5675","134218"
"5676","167127"
"5677","92255"
"5678","6502"
"5679","646719"
"5680","65250"
"5681","9631"
"5682","3977"
"5683","100506495"
"5684","253260"
"5685","1601"
"5686","23548"
"5687","100506548"
"5688","6167"
"5689","26272"
"5690","2690"
"5691","6414"
"5692","643977"
"5693","648987"
"5694","100132356"
"5695","100506639"
"5696","7690"
"5697","3157"
"5698","64417"
"5699","2255"
"5700","100506674"
"5701","10884"
"5702","348980"
"5703","133418"
"5704","642366"
"5705","3670"
"5706","3672"
"5707","4338"
"5708","10468"
"5709","8988"
"5710","493869"
"5711","23517"
"5712","379013"
"5713","153129"
"5714","133396"
"5715","3572"
"5716","133383"
"5717","65056"
"5718","5144"
"5719","79993"
"5720","91942"
"5721","57688"
"5722","3796"
"5723","27292"
"5724","51194"
"5725","401190"
"5726","373"
"5727","80006"
"5728","57486"
"5729","55914"
"5730","375449"
"5731","5295"
"5732","202243"
"5733","6880"
"5734","153562"
"5735","3842"
"5736","2297"
"5737","689"
"5738","57763"
"5739","84135"
"5740","64283"
"5741","8507"
"5742","3074"
"5743","84340"
"5744","26049"
"5745","3156"
"5746","10087"
"5747","22987"
"5748","2151"
"5749","2149"
"5750","84327"
"5751","728723"
"5752","55255"
"5753","6902"
"5754","8546"
"5755","728769"
"5756","9522"
"5757","10184"
"5758","133746"
"5759","7060"
"5760","340120"
"5761","100462981"
"5762","5924"
"5763","1160"
"5764","100131067"
"5765","6228"
"5766","153339"
"5767","1462"
"5768","105379054"
"5769","1350"
"5770","5921"
"5771","153364"
"5772","10622"
"5773","57561"
"5774","83989"
"5775","285600"
"5776","84250"
"5777","79772"
"5778","153642"
"5779","83890"
"5780","2745"
"5781","64167"
"5782","1105"
"5783","345757"
"5784","1946"
"5785","2241"
"5786","642987"
"5787","100505678"
"5788","64097"
"5789","114915"
"5790","7905"
"5791","3781"
"5792","56929"
"5793","51014"
"5794","1036"
"5795","1176"
"5796","51397"
"5797","57556"
"5798","285605"
"5799","100422885"
"5800","1657"
"5801","3295"
"5802","153443"
"5803","6643"
"5804","28966"
"5805","1456"
"5806","51808"
"5807","2201"
"5808","51015"
"5809","171019"
"5810","90624"
"5811","56990"
"5812","51735"
"5813","96459"
"5814","8974"
"5815","6583"
"5816","553103"
"5817","6584"
"5818","134549"
"5819","27125"
"5820","54819"
"5821","3308"
"5822","6500"
"5823","51265"
"5824","23338"
"5825","10802"
"5826","79770"
"5827","84105"
"5828","100616209"
"5829","4090"
"5830","6695"
"5831","8382"
"5832","10902"
"5833","8697"
"5834","2676"
"5835","51307"
"5836","1958"
"5837","2107"
"5838","1495"
"5839","64374"
"5840","9782"
"5841","51247"
"5842","389333"
"5843","202051"
"5844","340061"
"5845","5813"
"5846","5201"
"5847","1839"
"5848","54882"
"5849","10307"
"5850","4695"
"5851","153527"
"5852","56146"
"5853","56144"
"5854","56142"
"5855","56141"
"5856","9752"
"5857","56139"
"5858","56135"
"5859","56134"
"5860","56133"
"5861","56132"
"5862","26167"
"5863","56129"
"5864","57717"
"5865","56126"
"5866","56122"
"5867","6879"
"5868","56103"
"5869","8641"
"5870","56100"
"5871","56106"
"5872","5098"
"5873","1729"
"5874","8841"
"5875","285613"
"5876","5097"
"5877","9812"
"5878","51294"
"5879","80762"
"5880","2246"
"5881","23092"
"5882","81555"
"5883","57528"
"5884","5521"
"5885","1809"
"5886","389336"
"5887","81545"
"5888","154"
"5889","134265"
"5890","78991"
"5891","389337"
"5892","133522"
"5893","5145"
"5894","1836"
"5895","5159"
"5896","815"
"5897","340075"
"5898","972"
"5899","6208"
"5900","3340"
"5901","91977"
"5902","55696"
"5903","85027"
"5904","10318"
"5905","309"
"5906","206358"
"5907","475"
"5908","10146"
"5909","4238"
"5910","55568"
"5911","386627"
"5912","79685"
"5913","9421"
"5914","23367"
"5915","10826"
"5916","9337"
"5917","25929"
"5918","153743"
"5919","26999"
"5920","8728"
"5921","54974"
"5922","153830"
"5923","134510"
"5924","147"
"5925","114825"
"5926","10569"
"5927","2561"
"5928","134492"
"5929","27430"
"5930","57451"
"5931","23286"
"5932","345630"
"5933","79646"
"5934","4869"
"5935","6793"
"5936","92181"
"5937","285590"
"5938","54492"
"5939","1843"
"5940","57222"
"5941","100268168"
"5942","8992"
"5943","8614"
"5944","1812"
"5945","94081"
"5946","3274"
"5947","84321"
"5948","51491"
"5949","192286"
"5950","1212"
"5951","22838"
"5952","114787"
"5953","26262"
"5954","64324"
"5955","53917"
"5956","10960"
"5957","10636"
"5958","2870"
"5959","9260"
"5960","79930"
"5961","51428"
"5962","54540"
"5963","54732"
"5964","11285"
"5965","202181"
"5966","728554"
"5967","55651"
"5968","3182"
"5969","91522"
"5970","117608"
"5971","80108"
"5972","285676"
"5973","80230"
"5974","3187"
"5975","821"
"5976","51149"
"5977","23061"
"5978","55819"
"5979","5601"
"5980","57472"
"5981","100859930"
"5982","729678"
"5983","90933"
"5984","10399"
"5985","101928649"
"5986","84851"
"5987","100507602"
"5988","100132062"
"5989","56940"
"5990","94234"
"5991","100508120"
"5992","56897"
"5993","5272"
"5994","5269"
"5995","4835"
"5996","401233"
"5997","101927759"
"5998","8737"
"5999","670"
"6000","7280"
"6001","347733"
"6002","63027"
"6003","10455"
"6004","9425"
"6005","10667"
"6006","6745"
"6007","654"
"6008","2651"
"6009","51522"
"6010","81853"
"6011","4117"
"6012","54898"
"6013","221710"
"6014","3096"
"6015","1906"
"6016","54438"
"6017","10048"
"6018","63933"
"6019","29116"
"6020","2766"
"6021","221662"
"6022","10486"
"6023","51439"
"6024","9972"
"6025","7172"
"6026","221656"
"6027","7913"
"6028","255488"
"6029","3400"
"6030","154141"
"6031","6659"
"6032","57380"
"6033","2822"
"6034","9856"
"6035","81688"
"6036","9750"
"6037","8418"
"6038","10475"
"6039","8347"
"6040","8334"
"6041","8367"
"6042","8339"
"6043","11118"
"6044","11119"
"6045","54718"
"6046","11120"
"6047","8970"
"6048","85236"
"6049","7754"
"6050","8330"
"6051","100129195"
"6052","222699"
"6053","4340"
"6054","346171"
"6055","3134"
"6056","3135"
"6057","3136"
"6058","3105"
"6059","80862"
"6060","100507399"
"6061","30834"
"6062","7726"
"6063","3139"
"6064","56658"
"6065","80742"
"6066","170954"
"6067","9656"
"6068","203068"
"6069","10211"
"6070","780"
"6071","2968"
"6072","57176"
"6073","54535"
"6074","3107"
"6075","3106"
"6076","100507436"
"6077","692199"
"6078","7917"
"6079","7918"
"6080","1460"
"6081","58496"
"6082","3305"
"6083","3303"
"6084","3304"
"6085","4758"
"6086","1388"
"6087","63943"
"6088","9374"
"6089","10554"
"6090","6048"
"6091","177"
"6092","4855"
"6093","6891"
"6094","5696"
"6095","100294145"
"6096","6046"
"6097","6257"
"6098","7922"
"6099","7923"
"6100","6015"
"6101","6222"
"6102","9277"
"6103","10471"
"6104","5863"
"6105","6892"
"6106","1616"
"6107","51596"
"6108","8831"
"6109","221504"
"6110","221496"
"6111","221491"
"6112","6204"
"6113","29993"
"6114","64771"
"6115","6631"
"6116","6882"
"6117","23294"
"6118","5467"
"6119","2178"
"6120","4736"
"6121","7005"
"6122","1432"
"6123","5603"
"6124","27154"
"6125","51513"
"6126","11329"
"6127","57699"
"6128","221477"
"6129","23787"
"6130","55633"
"6131","60685"
"6132","222643"
"6133","221443"
"6134","4800"
"6135","7942"
"6136","10817"
"6137","100188893"
"6138","705"
"6139","896"
"6140","647024"
"6141","2979"
"6142","55809"
"6143","23304"
"6144","23506"
"6145","401261"
"6146","10695"
"6147","27232"
"6148","5190"
"6149","5528"
"6150","116138"
"6151","88745"
"6152","5754"
"6153","6722"
"6154","10591"
"6155","24149"
"6156","93643"
"6157","221424"
"6158","25844"
"6159","9533"
"6160","57510"
"6161","5429"
"6162","9587"
"6163","7422"
"6164","101929705"
"6165","64928"
"6166","55362"
"6167","2030"
"6168","3326"
"6169","4794"
"6170","59084"
"6171","9481"
"6172","221400"
"6173","23607"
"6174","4594"
"6175","135398"
"6176","114327"
"6177","9697"
"6178","401264"
"6179","730101"
"6180","28978"
"6181","2941"
"6182","125050"
"6183","22858"
"6184","26268"
"6185","60481"
"6186","2729"
"6187","55227"
"6188","90523"
"6189","222584"
"6190","54511"
"6191","81578"
"6192","221336"
"6193","57691"
"6194","26036"
"6195","9532"
"6196","51715"
"6197","5558"
"6198","100463487"
"6199","55788"
"6200","57579"
"6201","135154"
"6202","60682"
"6203","56479"
"6204","80759"
"6205","135228"
"6206","1303"
"6207","1347"
"6208","55754"
"6209","26054"
"6210","4646"
"6211","3351"
"6212","55023"
"6213","167691"
"6214","83699"
"6215","6785"
"6216","5238"
"6217","4199"
"6218","4907"
"6219","387066"
"6220","57038"
"6221","55122"
"6222","8732"
"6223","10957"
"6224","135295"
"6225","51465"
"6226","58528"
"6227","22881"
"6228","9994"
"6229","60468"
"6230","6885"
"6231","2045"
"6232","79694"
"6233","81491"
"6234","51805"
"6235","25957"
"6236","85015"
"6237","100130890"
"6238","57531"
"6239","11149"
"6240","9474"
"6241","84816"
"6242","100133941"
"6243","57107"
"6244","11231"
"6245","28962"
"6246","8724"
"6247","246269"
"6248","2309"
"6249","27244"
"6250","285753"
"6251","6610"
"6252","64780"
"6253","9841"
"6254","221264"
"6255","9896"
"6256","8936"
"6257","51362"
"6258","262"
"6259","5980"
"6260","643749"
"6261","10758"
"6262","2534"
"6263","619208"
"6264","3910"
"6265","4082"
"6266","101927768"
"6267","222537"
"6268","221294"
"6269","7259"
"6270","29940"
"6271","254228"
"6272","221302"
"6273","285761"
"6274","222553"
"6275","387119"
"6276","3298"
"6277","57515"
"6278","101927990"
"6279","7955"
"6280","154214"
"6281","7164"
"6282","23493"
"6283","135112"
"6284","81847"
"6285","55862"
"6286","387104"
"6287","5796"
"6288","114801"
"6289","5167"
"6290","1490"
"6291","6206"
"6292","9519"
"6293","154091"
"6294","6446"
"6295","9774"
"6296","9053"
"6297","5191"
"6298","3459"
"6299","7128"
"6300","64065"
"6301","57221"
"6302","23593"
"6303","25901"
"6304","345930"
"6305","85021"
"6306","58527"
"6307","167838"
"6308","10370"
"6309","51534"
"6310","134637"
"6311","2519"
"6312","9749"
"6313","83443"
"6314","8676"
"6315","7402"
"6316","7957"
"6317","84085"
"6318","10981"
"6319","729176"
"6320","134957"
"6321","23328"
"6322","85313"
"6323","348995"
"6324","5110"
"6325","80329"
"6326","81706"
"6327","57480"
"6328","25902"
"6329","57621"
"6330","79624"
"6331","54516"
"6332","26034"
"6333","154043"
"6334","57492"
"6335","729515"
"6336","79683"
"6337","51429"
"6338","84947"
"6339","56995"
"6340","57583"
"6341","6993"
"6342","94120"
"6343","83861"
"6344","6648"
"6345","9589"
"6346","6950"
"6347","29074"
"6348","3482"
"6349","729603"
"6350","6581"
"6351","4216"
"6352","10846"
"6353","113402"
"6354","51660"
"6355","4301"
"6356","7058"
"6357","253769"
"6358","387263"
"6359","6991"
"6360","28514"
"6361","84498"
"6362","6908"
"6363","5575"
"6364","54919"
"6365","23353"
"6366","102723743"
"6367","115330"
"6368","90637"
"6369","79778"
"6370","26173"
"6371","7975"
"6372","392617"
"6373","8379"
"6374","29960"
"6375","8662"
"6376","55501"
"6377","101927181"
"6378","3955"
"6379","80727"
"6380","2768"
"6381","84433"
"6382","9907"
"6383","57786"
"6384","26100"
"6385","80028"
"6386","6624"
"6387","51622"
"6388","5395"
"6389","7965"
"6390","27102"
"6391","84132"
"6392","9265"
"6393","84792"
"6394","221955"
"6395","11014"
"6396","79034"
"6397","54753"
"6398","100131017"
"6399","7559"
"6400","441194"
"6401","221960"
"6402","101927391"
"6403","729852"
"6404","3382"
"6405","221981"
"6406","54664"
"6407","221806"
"6408","10124"
"6409","2115"
"6410","729920"
"6411","57037"
"6412","27075"
"6413","23161"
"6414","7291"
"6415","3696"
"6416","222901"
"6417","6671"
"6418","8701"
"6419","55536"
"6420","54543"
"6421","55975"
"6422","10643"
"6423","29896"
"6424","4852"
"6425","51678"
"6426","1687"
"6427","54205"
"6428","136895"
"6429","3181"
"6430","11335"
"6431","8887"
"6432","221895"
"6433","9586"
"6434","9865"
"6435","54504"
"6436","222171"
"6437","646762"
"6438","442524"
"6439","644150"
"6440","9805"
"6441","222166"
"6442","223082"
"6443","222161"
"6444","10392"
"6445","79017"
"6446","401320"
"6447","358"
"6448","5137"
"6449","23658"
"6450","23080"
"6451","100129460"
"6452","441208"
"6453","401321"
"6454","102724668"
"6455","441212"
"6456","23333"
"6457","554236"
"6458","101930085"
"6459","989"
"6460","80820"
"6461","23366"
"6462","273"
"6463","27072"
"6464","5898"
"6465","349114"
"6466","8621"
"6467","285954"
"6468","5683"
"6469","64983"
"6470","55744"
"6471","55665"
"6472","51619"
"6473","84820"
"6474","255031"
"6475","28988"
"6476","2645"
"6477","816"
"6478","23386"
"6479","54606"
"6480","222068"
"6481","5478"
"6482","94239"
"6483","5814"
"6484","9238"
"6485","641977"
"6486","3486"
"6487","168448"
"6488","23480"
"6489","1956"
"6490","55915"
"6491","81552"
"6492","2631"
"6493","5723"
"6494","908"
"6495","25870"
"6496","51142"
"6497","728927"
"6498","340252"
"6499","7697"
"6500","10793"
"6501","643180"
"6502","168374"
"6503","441242"
"6504","643253"
"6505","154807"
"6506","2990"
"6507","435"
"6508","285908"
"6509","27342"
"6510","644794"
"6511","55069"
"6512","55253"
"6513","5382"
"6514","26053"
"6515","441250"
"6516","9883"
"6517","260294"
"6518","378108"
"6519","100101148"
"6520","100101440"
"6521","100093631"
"6522","9031"
"6523","26608"
"6524","84277"
"6525","114049"
"6526","6804"
"6527","83451"
"6528","3984"
"6529","7462"
"6530","7461"
"6531","2969"
"6532","84163"
"6533","5383"
"6534","729438"
"6535","81554"
"6536","389524"
"6537","2970"
"6538","541473"
"6539","375593"
"6540","155400"
"6541","100101267"
"6542","442590"
"6543","57414"
"6544","5447"
"6545","83862"
"6546","3315"
"6547","7784"
"6548","113878"
"6549","100133091"
"6550","22932"
"6551","441263"
"6552","100132832"
"6553","57639"
"6554","10875"
"6555","100505854"
"6556","222194"
"6557","85025"
"6558","57157"
"6559","9863"
"6560","10512"
"6561","222223"
"6562","54677"
"6563","5244"
"6564","5243"
"6565","55972"
"6566","442523"
"6567","79846"
"6568","5218"
"6569","8321"
"6570","7978"
"6571","1595"
"6572","5189"
"6573","257415"
"6574","1021"
"6575","55610"
"6576","1278"
"6577","8910"
"6578","55607"
"6579","1780"
"6580","10165"
"6581","389538"
"6582","22853"
"6583","8295"
"6584","101927550"
"6585","10552"
"6586","10095"
"6587","8896"
"6588","10898"
"6589","9551"
"6590","285989"
"6591","84124"
"6592","23660"
"6593","221786"
"6594","89122"
"6595","7586"
"6596","7589"
"6597","7551"
"6598","10980"
"6599","9179"
"6600","6878"
"6601","255374"
"6602","221914"
"6603","10734"
"6604","352954"
"6605","79037"
"6606","441272"
"6607","5379"
"6608","101752399"
"6609","56257"
"6610","81628"
"6611","3268"
"6612","100316904"
"6613","4034"
"6614","5118"
"6615","2783"
"6616","64599"
"6617","10248"
"6618","2050"
"6619","51593"
"6620","402682"
"6621","81844"
"6622","5054"
"6623","7425"
"6624","8985"
"6625","10467"
"6626","51024"
"6627","136227"
"6628","1523"
"6629","100630923"
"6630","222229"
"6631","5439"
"6632","548644"
"6633","10156"
"6634","246721"
"6635","222234"
"6636","222235"
"6637","10234"
"6638","83787"
"6639","222236"
"6640","100129424"
"6641","9512"
"6642","100216546"
"6643","100216545"
"6644","6733"
"6645","6856"
"6646","10135"
"6647","5577"
"6648","10466"
"6649","55973"
"6650","79872"
"6651","1738"
"6652","3912"
"6653","50640"
"6654","168451"
"6655","11179"
"6656","286006"
"6657","54329"
"6658","29969"
"6659","857"
"6660","4233"
"6661","830"
"6662","23554"
"6663","10447"
"6664","154865"
"6665","4698"
"6666","8976"
"6667","2861"
"6668","2918"
"6669","168850"
"6670","79571"
"6671","381"
"6672","27044"
"6673","64101"
"6674","402483"
"6675","346653"
"6676","64753"
"6677","2318"
"6678","9296"
"6679","23534"
"6680","23382"
"6681","57464"
"6682","23008"
"6683","51200"
"6684","4232"
"6685","4289"
"6686","5420"
"6687","60412"
"6688","231"
"6689","800"
"6690","55281"
"6691","78996"
"6692","29062"
"6693","4850"
"6694","647087"
"6695","64764"
"6696","254048"
"6697","51631"
"6698","28996"
"6699","64761"
"6700","100134229"
"6701","84255"
"6702","23608"
"6703","90956"
"6704","100134713"
"6705","4708"
"6706","673"
"6707","51650"
"6708","100463482"
"6709","2051"
"6710","373156"
"6711","135932"
"6712","7791"
"6713","9747"
"6714","7984"
"6715","27010"
"6716","26047"
"6717","8454"
"6718","9601"
"6719","136051"
"6720","57541"
"6721","8427"
"6722","155061"
"6723","79970"
"6724","168544"
"6725","23145"
"6726","643641"
"6727","401431"
"6728","285971"
"6729","3757"
"6730","285973"
"6731","11194"
"6732","9311"
"6733","1020"
"6734","6522"
"6735","10922"
"6736","116988"
"6737","10061"
"6738","54480"
"6739","6604"
"6740","51667"
"6741","6009"
"6742","63917"
"6743","58508"
"6744","100128822"
"6745","155435"
"6746","140545"
"6747","64327"
"6748","64434"
"6749","9690"
"6750","10049"
"6751","57488"
"6752","55112"
"6753","7434"
"6754","101927595"
"6755","26260"
"6756","157695"
"6757","157697"
"6758","2055"
"6759","9639"
"6760","9920"
"6761","100287015"
"6762","157285"
"6763","9258"
"6764","90459"
"6765","79660"
"6766","8658"
"6767","4482"
"6768","54984"
"6769","286046"
"6770","66036"
"6771","640"
"6772","101929490"
"6773","1508"
"6774","100506990"
"6775","10395"
"6776","51201"
"6777","137492"
"6778","9108"
"6779","6542"
"6780","5157"
"6781","57509"
"6782","5108"
"6783","101929066"
"6784","9"
"6785","23362"
"6786","63898"
"6787","55174"
"6788","11178"
"6789","64760"
"6790","79873"
"6791","9796"
"6792","23516"
"6793","10174"
"6794","64236"
"6795","541565"
"6796","57805"
"6797","55909"
"6798","8795"
"6799","91782"
"6800","9583"
"6801","51312"
"6802","4747"
"6803","80005"
"6804","2796"
"6805","54793"
"6806","665"
"6807","10687"
"6808","23087"
"6809","2185"
"6810","2053"
"6811","1191"
"6812","7976"
"6813","79618"
"6814","23303"
"6815","1846"
"6816","51669"
"6817","10671"
"6818","2936"
"6819","7993"
"6820","5516"
"6821","7486"
"6822","3084"
"6823","78986"
"6824","137970"
"6825","80139"
"6826","11160"
"6827","728024"
"6828","11212"
"6829","1978"
"6830","9070"
"6831","27257"
"6832","9530"
"6833","23259"
"6834","84513"
"6835","54904"
"6836","2260"
"6837","286140"
"6838","6867"
"6839","59339"
"6840","83877"
"6841","203102"
"6842","6422"
"6843","51125"
"6844","7994"
"6845","10947"
"6846","5423"
"6847","7419"
"6848","6575"
"6849","114926"
"6850","55145"
"6851","81790"
"6852","84376"
"6853","84197"
"6854","138050"
"6855","5591"
"6856","9821"
"6857","51606"
"6858","10434"
"6859","64321"
"6860","137695"
"6861","96764"
"6862","6224"
"6863","6386"
"6864","8439"
"6865","9760"
"6866","767"
"6867","253943"
"6868","9650"
"6869","5150"
"6870","84675"
"6871","23212"
"6872","80124"
"6873","641638"
"6874","79848"
"6875","23471"
"6876","51110"
"6877","7013"
"6878","157869"
"6879","6129"
"6880","157506"
"6881","55284"
"6882","6921"
"6883","54968"
"6884","56704"
"6885","54332"
"6886","79776"
"6887","3574"
"6888","28957"
"6889","7163"
"6890","65986"
"6891","2171"
"6892","92421"
"6893","64089"
"6894","1875"
"6895","377677"
"6896","11059"
"6897","51115"
"6898","8895"
"6899","101929709"
"6900","8767"
"6901","286144"
"6902","55472"
"6903","54704"
"6904","25962"
"6905","137682"
"6906","94241"
"6907","79666"
"6908","392255"
"6909","7381"
"6910","51001"
"6911","10404"
"6912","92140"
"6913","55353"
"6914","6156"
"6915","10247"
"6916","10940"
"6917","79815"
"6918","6788"
"6919","5440"
"6920","6674"
"6921","25897"
"6922","157567"
"6923","26986"
"6924","83955"
"6925","51366"
"6926","51582"
"6927","100506753"
"6928","8323"
"6929","29967"
"6930","55074"
"6931","3646"
"6932","157753"
"6933","84955"
"6934","56943"
"6935","93035"
"6936","27012"
"6937","114788"
"6938","7227"
"6939","8667"
"6940","5885"
"6941","90390"
"6942","7373"
"6943","28998"
"6944","27085"
"6945","22882"
"6946","79139"
"6947","93594"
"6948","84933"
"6949","11244"
"6950","55093"
"6951","157769"
"6952","101927612"
"6953","11236"
"6954","4715"
"6955","9788"
"6956","137209"
"6957","286053"
"6958","157638"
"6959","101867536"
"6960","4609"
"6961","51571"
"6962","50807"
"6963","114"
"6964","23167"
"6965","3786"
"6966","23639"
"6967","137835"
"6968","6482"
"6969","10656"
"6970","169044"
"6971","83696"
"6972","54108"
"6973","27161"
"6974","22898"
"6975","57210"
"6976","51337"
"6977","66004"
"6978","286128"
"6979","2738"
"6980","100507316"
"6981","79943"
"6982","116447"
"6983","78998"
"6984","114822"
"6985","23144"
"6986","642475"
"6987","93100"
"6988","1936"
"6989","84948"
"6990","7264"
"6991","9831"
"6992","286075"
"6993","23513"
"6994","83481"
"6995","5339"
"6996","2907"
"6997","54512"
"6998","8733"
"6999","1537"
"7000","81858"
"7001","84232"
"7002","340390"
"7003","727957"
"7004","23246"
"7005","642658"
"7006","3297"
"7007","8694"
"7008","29894"
"7009","55630"
"7010","50626"
"7011","84988"
"7012","2875"
"7013","113655"
"7014","9684"
"7015","414919"
"7016","80728"
"7017","90987"
"7018","80778"
"7019","6132"
"7020","340385"
"7021","7553"
"7022","58500"
"7023","7564"
"7024","286101"
"7025","286102"
"7026","65265"
"7027","100287171"
"7028","55871"
"7029","23189"
"7030","401491"
"7031","403313"
"7032","55664"
"7033","57589"
"7034","79956"
"7035","26953"
"7036","115426"
"7037","5789"
"7038","286343"
"7039","4781"
"7040","6619"
"7041","11168"
"7042","203238"
"7043","54796"
"7044","54875"
"7045","10670"
"7046","54801"
"7047","123"
"7048","6194"
"7049","4300"
"7050","54914"
"7051","401494"
"7052","1029"
"7053","1993"
"7054","286319"
"7055","7010"
"7056","158038"
"7057","23586"
"7058","10210"
"7059","100129250"
"7060","4712"
"7061","55234"
"7062","573"
"7063","51510"
"7064","360"
"7065","441459"
"7066","11191"
"7067","54926"
"7068","55833"
"7069","25853"
"7070","57462"
"7071","1271"
"7072","11258"
"7073","10280"
"7074","2592"
"7075","23349"
"7076","7415"
"7077","80256"
"7078","10497"
"7079","158381"
"7080","9853"
"7081","84904"
"7082","7094"
"7083","84681"
"7084","51754"
"7085","1211"
"7086","10020"
"7087","100506710"
"7088","84186"
"7089","9380"
"7090","9925"
"7091","64425"
"7092","26267"
"7093","22844"
"7094","79269"
"7095","92014"
"7096","6461"
"7097","100289137"
"7098","79937"
"7099","105376047"
"7100","101929959"
"7101","595135"
"7102","644019"
"7103","728577"
"7104","220869"
"7105","643827"
"7106","100131997"
"7107","445571"
"7108","169693"
"7109","8395"
"7110","9414"
"7111","100885775"
"7112","9413"
"7113","320"
"7114","23137"
"7115","23670"
"7116","51104"
"7117","138199"
"7118","5125"
"7119","55312"
"7120","653162"
"7121","2650"
"7122","23230"
"7123","7091"
"7124","7088"
"7125","29979"
"7126","80318"
"7127","55582"
"7128","3190"
"7129","64078"
"7130","4915"
"7131","23287"
"7132","60560"
"7133","81689"
"7134","440173"
"7135","1612"
"7136","1514"
"7137","10912"
"7138","549"
"7139","10558"
"7140","3376"
"7141","54829"
"7142","64768"
"7143","100128361"
"7144","23299"
"7145","138649"
"7146","445577"
"7147","158293"
"7148","23196"
"7149","138639"
"7150","54754"
"7151","101928099"
"7152","2176"
"7153","100128782"
"7154","375748"
"7155","22927"
"7156","8555"
"7157","195827"
"7158","22869"
"7159","84278"
"7160","158427"
"7161","4686"
"7162","10541"
"7163","54187"
"7164","9830"
"7165","203286"
"7166","79695"
"7167","1306"
"7168","7046"
"7169","85365"
"7170","10952"
"7171","55014"
"7172","23071"
"7173","27130"
"7174","54881"
"7175","8577"
"7176","54534"
"7177","56254"
"7178","25934"
"7179","55335"
"7180","19"
"7181","26134"
"7182","105376204"
"7183","9314"
"7184","8518"
"7185","8727"
"7186","445815"
"7187","7295"
"7188","23392"
"7189","158399"
"7190","22949"
"7191","548645"
"7192","2790"
"7193","7357"
"7194","9991"
"7195","84263"
"7196","169834"
"7197","1318"
"7198","9128"
"7199","114987"
"7200","114991"
"7201","85301"
"7202","9550"
"7203","203197"
"7204","5069"
"7205","22954"
"7206","7099"
"7207","1955"
"7208","253039"
"7209","7185"
"7210","727"
"7211","11064"
"7212","2934"
"7213","2040"
"7214","153090"
"7215","158135"
"7216","5742"
"7217","5082"
"7218","54542"
"7219","10773"
"7220","57684"
"7221","23637"
"7222","81571"
"7223","55342"
"7224","10783"
"7225","100129034"
"7226","2649"
"7227","11224"
"7228","5537"
"7229","26130"
"7230","79109"
"7231","89853"
"7232","23099"
"7233","9649"
"7234","23452"
"7235","29988"
"7236","7633"
"7237","6136"
"7238","90678"
"7239","138428"
"7240","27433"
"7241","1025"
"7242","2356"
"7243","203"
"7244","30815"
"7245","27090"
"7246","399665"
"7247","114789"
"7248","100289019"
"7249","80142"
"7250","79095"
"7251","25792"
"7252","1759"
"7253","375757"
"7254","26995"
"7255","51117"
"7256","10999"
"7257","2733"
"7258","89891"
"7259","10444"
"7260","56262"
"7261","254295"
"7262","22845"
"7263","23511"
"7264","56904"
"7265","84895"
"7266","57171"
"7267","5524"
"7268","389792"
"7269","140459"
"7270","27348"
"7271","1861"
"7272","10868"
"7273","57720"
"7274","23413"
"7275","445"
"7276","100272217"
"7277","8939"
"7278","25"
"7279","84929"
"7280","84726"
"7281","10585"
"7282","83549"
"7283","2889"
"7284","9442"
"7285","64794"
"7286","9329"
"7287","7248"
"7288","9328"
"7289","1056"
"7290","5900"
"7291","6130"
"7292","6834"
"7293","6836"
"7294","11093"
"7295","11182"
"7296","7410"
"7297","8019"
"7298","11091"
"7299","6256"
"7300","138162"
"7301","157922"
"7302","10422"
"7303","138151"
"7304","169714"
"7305","26086"
"7306","728489"
"7307","6621"
"7308","10807"
"7309","23203"
"7310","56623"
"7311","9919"
"7312","10555"
"7313","138311"
"7314","84960"
"7315","100131193"
"7316","55684"
"7317","29085"
"7318","8721"
"7319","7186"
"7320","54461"
"7321","286256"
"7322","286257"
"7323","91373"
"7324","11253"
"7325","29882"
"7326","94107"
"7327","727800"
"7328","375791"
"7329","142680"
"7330","10383"
"7331","25920"
"7332","54932"
"7333","10811"
"7334","64975"
"7335","92714"
"7336","8225"
"7337","283981"
"7338","293"
"7339","105373102"
"7340","751580"
"7341","80161"
"7342","8623"
"7343","401577"
"7344","8908"
"7345","414"
"7346","5613"
"7347","389906"
"7348","8226"
"7349","412"
"7350","3730"
"7351","6907"
"7352","4935"
"7353","357"
"7354","55841"
"7355","1183"
"7356","10943"
"7357","6399"
"7358","57393"
"7359","340591"
"7360","11238"
"7361","8905"
"7362","56474"
"7363","94056"
"7364","55787"
"7365","5931"
"7366","9185"
"7367","4810"
"7368","5256"
"7369","389840"
"7370","30011"
"7371","1964"
"7372","22866"
"7373","6611"
"7374","10549"
"7375","23597"
"7376","6303"
"7377","1968"
"7378","7543"
"7379","5422"
"7380","2710"
"7381","257397"
"7382","83604"
"7383","5638"
"7384","7504"
"7385","8406"
"7386","7102"
"7387","54880"
"7388","9282"
"7389","8239"
"7390","8573"
"7391","4128"
"7392","4129"
"7393","80258"
"7394","101927574"
"7395","55634"
"7396","641339"
"7397","56548"
"7398","84679"
"7399","7317"
"7400","8552"
"7401","5127"
"7402","8237"
"7403","7076"
"7404","8409"
"7405","57232"
"7406","64840"
"7407","10682"
"7408","5935"
"7409","10013"
"7410","27344"
"7411","10245"
"7412","11040"
"7413","55593"
"7414","3750"
"7415","11230"
"7416","11152"
"7417","5355"
"7418","4007"
"7419","89801"
"7420","139189"
"7421","57477"
"7422","55190"
"7423","81557"
"7424","728239"
"7425","727866"
"7426","29057"
"7427","64061"
"7428","3028"
"7429","10075"
"7430","23133"
"7431","54954"
"7432","90121"
"7433","54552"
"7434","10916"
"7435","100463488"
"7436","158880"
"7437","11279"
"7438","550643"
"7439","442454"
"7440","158586"
"7441","7789"
"7442","23229"
"7443","139285"
"7444","340554"
"7445","81887"
"7446","4478"
"7447","367"
"7448","4983"
"7449","286451"
"7450","1947"
"7451","64219"
"7452","3476"
"7453","51248"
"7454","54857"
"7455","105373244"
"7456","4303"
"7457","340527"
"7458","441502"
"7459","340526"
"7460","392490"
"7461","5303"
"7462","6191"
"7463","5255"
"7464","139201"
"7465","7503"
"7466","51132"
"7467","22"
"7468","158866"
"7469","57692"
"7470","546"
"7471","1349"
"7472","27330"
"7473","139322"
"7474","7552"
"7475","4675"
"7476","286499"
"7477","1730"
"7478","64102"
"7479","7105"
"7480","27286"
"7481","402415"
"7482","59353"
"7483","1821"
"7484","54457"
"7485","695"
"7486","3188"
"7487","51566"
"7488","9823"
"7489","100528062"
"7490","56271"
"7491","27018"
"7492","85012"
"7493","9338"
"7494","51209"
"7495","286527"
"7496","401612"
"7497","644353"
"7498","203447"
"7499","5631"
"7500","1831"
"7501","11043"
"7502","1288"
"7503","1287"
"7504","2182"
"7505","105373311"
"7506","9949"
"7507","57631"
"7508","54521"
"7509","170261"
"7510","10857"
"7511","100303728"
"7512","292"
"7513","7319"
"7514","55922"
"7515","23157"
"7516","7737"
"7517","10009"
"7518","3920"
"7519","29071"
"7520","331"
"7521","10178"
"7522","6594"
"7523","9131"
"7524","55609"
"7525","286467"
"7526","101928578"
"7527","3251"
"7528","159091"
"7529","56180"
"7530","441518"
"7531","8933"
"7532","7626"
"7533","93380"
"7534","10479"
"7535","2273"
"7536","27336"
"7537","158696"
"7538","286410"
"7539","23641"
"7540","2332"
"7541","2334"
"7542","3423"
"7543","100131434"
"7544","541578"
"7545","100272228"
"7546","10046"
"7547","4534"
"7548","8776"
"7549","83692"
"7550","9248"
"7551","203547"
"7552","79057"
"7553","2564"
"7554","1069"
"7555","50814"
"7556","10838"
"7557","55559"
"7558","633"
"7559","92002"
"7560","10134"
"7561","215"
"7562","3421"
"7563","393"
"7564","8260"
"7565","8269"
"7566","3654"
"7567","2316"
"7568","2010"
"7569","6134"
"7570","1774"
"7571","6901"
"7572","158960"
"7573","537"
"7574","2664"
"7575","55558"
"7576","8270"
"7577","8266"
"7578","60343"
"7579","8517"
"7580","1736"
"7581","4354"
"7582","8263"
"7583","65991"
"7584","79184"
"7585","7411"
"7586","101927830"
"7587","474383"
"7588","474384"
"7589","55217"
"7590","10251"
"7591","105379416"
"7592","6192"
"7593","7544"
"7594","5616"
"7595","64595"
"7596","8287"
"7597","8653"
"7598","7404"
"7599","22829"
"7600","246126"
"7601","8284"
"7602","9086"
